--
-- PostgreSQL database dump
--

-- Dumped from database version 14.1 (Debian 14.1-1.pgdg110+1)
-- Dumped by pg_dump version 14.1 (Debian 14.1-1.pgdg110+1)

SET statement_timeout = 0;
SET lock_timeout = 0;
SET idle_in_transaction_session_timeout = 0;
SET client_encoding = 'UTF8';
SET standard_conforming_strings = on;
SELECT pg_catalog.set_config('search_path', '', false);
SET check_function_bodies = false;
SET xmloption = content;
SET client_min_messages = warning;
SET row_security = off;

ALTER TABLE ONLY public.wagtailusers_userprofile DROP CONSTRAINT wagtailusers_userprofile_user_id_59c92331_fk_auth_user_id;
ALTER TABLE ONLY public.wagtailsearchpromotions_searchpromotion DROP CONSTRAINT wagtailsearchpromoti_query_id_fbce4eaa_fk_wagtailse;
ALTER TABLE ONLY public.wagtailsearchpromotions_searchpromotion DROP CONSTRAINT wagtailsearchpromoti_page_id_71920f17_fk_wagtailco;
ALTER TABLE ONLY public.wagtailsearch_querydailyhits DROP CONSTRAINT wagtailsearch_queryd_query_id_2185994b_fk_wagtailse;
ALTER TABLE ONLY public.wagtailsearch_indexentry DROP CONSTRAINT wagtailsearch_indexe_content_type_id_62ed694f_fk_django_co;
ALTER TABLE ONLY public.wagtailredirects_redirect DROP CONSTRAINT wagtailredirects_red_site_id_780a0e1e_fk_wagtailco;
ALTER TABLE ONLY public.wagtailredirects_redirect DROP CONSTRAINT wagtailredirects_red_redirect_page_id_b5728a8f_fk_wagtailco;
ALTER TABLE ONLY public.wagtailimages_uploadedimage DROP CONSTRAINT wagtailimages_upload_uploaded_by_user_id_85921689_fk_auth_user;
ALTER TABLE ONLY public.wagtailimages_rendition DROP CONSTRAINT wagtailimages_rendit_image_id_3e1fd774_fk_wagtailim;
ALTER TABLE ONLY public.wagtailimages_image DROP CONSTRAINT wagtailimages_image_uploaded_by_user_id_5d73dc75_fk_auth_user;
ALTER TABLE ONLY public.wagtailimages_image DROP CONSTRAINT wagtailimages_image_collection_id_c2f8af7e_fk_wagtailco;
ALTER TABLE ONLY public.wagtailforms_formsubmission DROP CONSTRAINT wagtailforms_formsub_page_id_e48e93e7_fk_wagtailco;
ALTER TABLE ONLY public.wagtaildocs_uploadeddocument DROP CONSTRAINT wagtaildocs_uploaded_uploaded_by_user_id_8dd61a73_fk_auth_user;
ALTER TABLE ONLY public.wagtaildocs_document DROP CONSTRAINT wagtaildocs_document_uploaded_by_user_id_17258b41_fk_auth_user;
ALTER TABLE ONLY public.wagtaildocs_document DROP CONSTRAINT wagtaildocs_document_collection_id_23881625_fk_wagtailco;
ALTER TABLE ONLY public.wagtailcore_workflowtask DROP CONSTRAINT wagtailcore_workflow_workflow_id_b9717175_fk_wagtailco;
ALTER TABLE ONLY public.wagtailcore_workflowpage DROP CONSTRAINT wagtailcore_workflow_workflow_id_56f56ff6_fk_wagtailco;
ALTER TABLE ONLY public.wagtailcore_workflowstate DROP CONSTRAINT wagtailcore_workflow_workflow_id_1f18378f_fk_wagtailco;
ALTER TABLE ONLY public.wagtailcore_workflowtask DROP CONSTRAINT wagtailcore_workflow_task_id_ce7716fe_fk_wagtailco;
ALTER TABLE ONLY public.wagtailcore_workflowstate DROP CONSTRAINT wagtailcore_workflow_requested_by_id_4090bca3_fk_auth_user;
ALTER TABLE ONLY public.wagtailcore_workflowpage DROP CONSTRAINT wagtailcore_workflow_page_id_81e7bab6_fk_wagtailco;
ALTER TABLE ONLY public.wagtailcore_workflowstate DROP CONSTRAINT wagtailcore_workflow_page_id_6c962862_fk_wagtailco;
ALTER TABLE ONLY public.wagtailcore_workflowstate DROP CONSTRAINT wagtailcore_workflow_current_task_state_i_3a1a0632_fk_wagtailco;
ALTER TABLE ONLY public.wagtailcore_taskstate DROP CONSTRAINT wagtailcore_taskstate_task_id_c3677c34_fk_wagtailcore_task_id;
ALTER TABLE ONLY public.wagtailcore_taskstate DROP CONSTRAINT wagtailcore_taskstate_finished_by_id_13f98229_fk_auth_user_id;
ALTER TABLE ONLY public.wagtailcore_taskstate DROP CONSTRAINT wagtailcore_taskstat_workflow_state_id_9239a775_fk_wagtailco;
ALTER TABLE ONLY public.wagtailcore_taskstate DROP CONSTRAINT wagtailcore_taskstat_page_revision_id_9f52c88e_fk_wagtailco;
ALTER TABLE ONLY public.wagtailcore_taskstate DROP CONSTRAINT wagtailcore_taskstat_content_type_id_0a758fdc_fk_django_co;
ALTER TABLE ONLY public.wagtailcore_task DROP CONSTRAINT wagtailcore_task_content_type_id_249ab8ba_fk_django_co;
ALTER TABLE ONLY public.wagtailcore_site DROP CONSTRAINT wagtailcore_site_root_page_id_e02fb95c_fk_wagtailcore_page_id;
ALTER TABLE ONLY public.wagtailcore_revision DROP CONSTRAINT wagtailcore_revision_content_type_id_c8cb69c0_fk_django_co;
ALTER TABLE ONLY public.wagtailcore_revision DROP CONSTRAINT wagtailcore_revision_base_content_type_id_5b4ef7bd_fk_django_co;
ALTER TABLE ONLY public.wagtailcore_referenceindex DROP CONSTRAINT wagtailcore_referenc_to_content_type_id_93690bbd_fk_django_co;
ALTER TABLE ONLY public.wagtailcore_referenceindex DROP CONSTRAINT wagtailcore_referenc_content_type_id_766e0336_fk_django_co;
ALTER TABLE ONLY public.wagtailcore_referenceindex DROP CONSTRAINT wagtailcore_referenc_base_content_type_id_313cf40f_fk_django_co;
ALTER TABLE ONLY public.wagtailcore_pageviewrestriction_groups DROP CONSTRAINT wagtailcore_pageview_pageviewrestriction__f147a99a_fk_wagtailco;
ALTER TABLE ONLY public.wagtailcore_pageviewrestriction DROP CONSTRAINT wagtailcore_pageview_page_id_15a8bea6_fk_wagtailco;
ALTER TABLE ONLY public.wagtailcore_pageviewrestriction_groups DROP CONSTRAINT wagtailcore_pageview_group_id_6460f223_fk_auth_grou;
ALTER TABLE ONLY public.wagtailcore_pagesubscription DROP CONSTRAINT wagtailcore_pagesubscription_user_id_89d7def9_fk_auth_user_id;
ALTER TABLE ONLY public.wagtailcore_pagesubscription DROP CONSTRAINT wagtailcore_pagesubs_page_id_a085e7a6_fk_wagtailco;
ALTER TABLE ONLY public.wagtailcore_revision DROP CONSTRAINT wagtailcore_pagerevision_user_id_2409d2f4_fk_auth_user_id;
ALTER TABLE ONLY public.wagtailcore_pagelogentry DROP CONSTRAINT wagtailcore_pageloge_content_type_id_74e7708a_fk_django_co;
ALTER TABLE ONLY public.wagtailcore_page DROP CONSTRAINT wagtailcore_page_owner_id_fbf7c332_fk_auth_user_id;
ALTER TABLE ONLY public.wagtailcore_page DROP CONSTRAINT wagtailcore_page_locked_by_id_bcb86245_fk_auth_user_id;
ALTER TABLE ONLY public.wagtailcore_page DROP CONSTRAINT wagtailcore_page_locale_id_3c7e30a6_fk_wagtailcore_locale_id;
ALTER TABLE ONLY public.wagtailcore_page DROP CONSTRAINT wagtailcore_page_live_revision_id_930bd822_fk_wagtailco;
ALTER TABLE ONLY public.wagtailcore_page DROP CONSTRAINT wagtailcore_page_latest_revision_id_e60fef51_fk_wagtailco;
ALTER TABLE ONLY public.wagtailcore_page DROP CONSTRAINT wagtailcore_page_content_type_id_c28424df_fk_django_co;
ALTER TABLE ONLY public.wagtailcore_page DROP CONSTRAINT wagtailcore_page_alias_of_id_12945502_fk_wagtailcore_page_id;
ALTER TABLE ONLY public.wagtailcore_modellogentry DROP CONSTRAINT wagtailcore_modellog_content_type_id_68849e77_fk_django_co;
ALTER TABLE ONLY public.wagtailcore_grouppagepermission DROP CONSTRAINT wagtailcore_grouppag_page_id_710b114a_fk_wagtailco;
ALTER TABLE ONLY public.wagtailcore_grouppagepermission DROP CONSTRAINT wagtailcore_grouppag_group_id_fc07e671_fk_auth_grou;
ALTER TABLE ONLY public.wagtailcore_groupcollectionpermission DROP CONSTRAINT wagtailcore_groupcol_permission_id_1b626275_fk_auth_perm;
ALTER TABLE ONLY public.wagtailcore_groupcollectionpermission DROP CONSTRAINT wagtailcore_groupcol_group_id_05d61460_fk_auth_grou;
ALTER TABLE ONLY public.wagtailcore_groupcollectionpermission DROP CONSTRAINT wagtailcore_groupcol_collection_id_5423575a_fk_wagtailco;
ALTER TABLE ONLY public.wagtailcore_groupapprovaltask DROP CONSTRAINT wagtailcore_groupapp_task_ptr_id_cfe58781_fk_wagtailco;
ALTER TABLE ONLY public.wagtailcore_groupapprovaltask_groups DROP CONSTRAINT wagtailcore_groupapp_groupapprovaltask_id_9a9255ea_fk_wagtailco;
ALTER TABLE ONLY public.wagtailcore_groupapprovaltask_groups DROP CONSTRAINT wagtailcore_groupapp_group_id_2e64b61f_fk_auth_grou;
ALTER TABLE ONLY public.wagtailcore_commentreply DROP CONSTRAINT wagtailcore_commentreply_user_id_d0b3b9c3_fk_auth_user_id;
ALTER TABLE ONLY public.wagtailcore_commentreply DROP CONSTRAINT wagtailcore_commentr_comment_id_afc7e027_fk_wagtailco;
ALTER TABLE ONLY public.wagtailcore_comment DROP CONSTRAINT wagtailcore_comment_user_id_0c577ca6_fk_auth_user_id;
ALTER TABLE ONLY public.wagtailcore_comment DROP CONSTRAINT wagtailcore_comment_revision_created_id_1d058279_fk_wagtailco;
ALTER TABLE ONLY public.wagtailcore_comment DROP CONSTRAINT wagtailcore_comment_resolved_by_id_a282aa0e_fk_auth_user_id;
ALTER TABLE ONLY public.wagtailcore_comment DROP CONSTRAINT wagtailcore_comment_page_id_108444b5_fk_wagtailcore_page_id;
ALTER TABLE ONLY public.wagtailcore_collectionviewrestriction_groups DROP CONSTRAINT wagtailcore_collecti_group_id_1823f2a3_fk_auth_grou;
ALTER TABLE ONLY public.wagtailcore_collectionviewrestriction_groups DROP CONSTRAINT wagtailcore_collecti_collectionviewrestri_47320efd_fk_wagtailco;
ALTER TABLE ONLY public.wagtailcore_collectionviewrestriction DROP CONSTRAINT wagtailcore_collecti_collection_id_761908ec_fk_wagtailco;
ALTER TABLE ONLY public.taggit_taggeditem DROP CONSTRAINT taggit_taggeditem_tag_id_f4f5b767_fk_taggit_tag_id;
ALTER TABLE ONLY public.taggit_taggeditem DROP CONSTRAINT taggit_taggeditem_content_type_id_9957a03c_fk_django_co;
ALTER TABLE ONLY public.recipes_recipepersonrelationship DROP CONSTRAINT recipes_recipeperson_person_id_e54238fe_fk_base_pers;
ALTER TABLE ONLY public.recipes_recipepersonrelationship DROP CONSTRAINT recipes_recipeperson_page_id_6b703a52_fk_recipes_r;
ALTER TABLE ONLY public.recipes_recipepage DROP CONSTRAINT recipes_recipepage_page_ptr_id_7272f365_fk_wagtailcore_page_id;
ALTER TABLE ONLY public.recipes_recipeindexpage DROP CONSTRAINT recipes_recipeindexp_page_ptr_id_b66da210_fk_wagtailco;
ALTER TABLE ONLY public.locations_locationsindexpage DROP CONSTRAINT locations_locationsi_page_ptr_id_782c4c54_fk_wagtailco;
ALTER TABLE ONLY public.locations_locationsindexpage DROP CONSTRAINT locations_locationsi_image_id_b8e42f1e_fk_wagtailim;
ALTER TABLE ONLY public.locations_locationpage DROP CONSTRAINT locations_locationpa_page_ptr_id_68e66703_fk_wagtailco;
ALTER TABLE ONLY public.locations_locationpage DROP CONSTRAINT locations_locationpa_image_id_9e1abd9d_fk_wagtailim;
ALTER TABLE ONLY public.locations_locationoperatinghours DROP CONSTRAINT locations_locationop_location_id_bb8e6ca6_fk_locations;
ALTER TABLE ONLY public.django_admin_log DROP CONSTRAINT django_admin_log_user_id_c564eba6_fk_auth_user_id;
ALTER TABLE ONLY public.django_admin_log DROP CONSTRAINT django_admin_log_content_type_id_c4bce8eb_fk_django_co;
ALTER TABLE ONLY public.breads_breadtype DROP CONSTRAINT breads_breadtype_latest_revision_id_5a458afb_fk_wagtailco;
ALTER TABLE ONLY public.breads_breadsindexpage DROP CONSTRAINT breads_breadsindexpa_page_ptr_id_0a97d15a_fk_wagtailco;
ALTER TABLE ONLY public.breads_breadsindexpage DROP CONSTRAINT breads_breadsindexpa_image_id_aa54323d_fk_wagtailim;
ALTER TABLE ONLY public.breads_breadpage DROP CONSTRAINT breads_breadpage_page_ptr_id_01b41070_fk_wagtailcore_page_id;
ALTER TABLE ONLY public.breads_breadpage DROP CONSTRAINT breads_breadpage_origin_id_3efcd19f_fk_breads_country_id;
ALTER TABLE ONLY public.breads_breadpage_ingredients DROP CONSTRAINT breads_breadpage_ing_breadpage_id_846b727f_fk_breads_br;
ALTER TABLE ONLY public.breads_breadpage_ingredients DROP CONSTRAINT breads_breadpage_ing_breadingredient_id_dd0e8c99_fk_breads_br;
ALTER TABLE ONLY public.breads_breadpage DROP CONSTRAINT breads_breadpage_image_id_de14c3c9_fk_wagtailimages_image_id;
ALTER TABLE ONLY public.breads_breadpage DROP CONSTRAINT breads_breadpage_bread_type_id_126c073d_fk_breads_breadtype_id;
ALTER TABLE ONLY public.breads_breadingredient DROP CONSTRAINT breads_breadingredie_live_revision_id_71f4805b_fk_wagtailco;
ALTER TABLE ONLY public.breads_breadingredient DROP CONSTRAINT breads_breadingredie_latest_revision_id_5736825c_fk_wagtailco;
ALTER TABLE ONLY public.blog_blogpersonrelationship DROP CONSTRAINT blog_blogpersonrelat_person_id_22b45535_fk_base_pers;
ALTER TABLE ONLY public.blog_blogpersonrelationship DROP CONSTRAINT blog_blogpeoplerelat_page_id_549a739e_fk_blog_blog;
ALTER TABLE ONLY public.blog_blogpagetag DROP CONSTRAINT blog_blogpagetag_tag_id_81dc0e5f_fk_taggit_tag_id;
ALTER TABLE ONLY public.blog_blogpagetag DROP CONSTRAINT blog_blogpagetag_content_object_id_0dc644d2_fk_blog_blog;
ALTER TABLE ONLY public.blog_blogpage DROP CONSTRAINT blog_blogpage_page_ptr_id_1d78e2b7_fk_wagtailcore_page_id;
ALTER TABLE ONLY public.blog_blogpage DROP CONSTRAINT blog_blogpage_image_id_a60e2e91_fk_wagtailimages_image_id;
ALTER TABLE ONLY public.blog_blogindexpage DROP CONSTRAINT blog_blogindexpage_page_ptr_id_d87c3ac2_fk_wagtailcore_page_id;
ALTER TABLE ONLY public.blog_blogindexpage DROP CONSTRAINT blog_blogindexpage_image_id_f8df2be2_fk_wagtailimages_image_id;
ALTER TABLE ONLY public.base_standardpage DROP CONSTRAINT base_standardpage_page_ptr_id_1fc719cf_fk_wagtailcore_page_id;
ALTER TABLE ONLY public.base_standardpage DROP CONSTRAINT base_standardpage_image_id_b3ccad55_fk_wagtailimages_image_id;
ALTER TABLE ONLY public.base_person DROP CONSTRAINT base_person_live_revision_id_f8396728_fk_wagtailco;
ALTER TABLE ONLY public.base_person DROP CONSTRAINT base_person_latest_revision_id_df59103a_fk_wagtailco;
ALTER TABLE ONLY public.base_person DROP CONSTRAINT base_people_image_id_e3223a6e_fk_wagtailimages_image_id;
ALTER TABLE ONLY public.base_homepage DROP CONSTRAINT base_homepage_promo_image_id_563e11b3_fk_wagtailimages_image_id;
ALTER TABLE ONLY public.base_homepage DROP CONSTRAINT base_homepage_page_ptr_id_35a5077a_fk_wagtailcore_page_id;
ALTER TABLE ONLY public.base_homepage DROP CONSTRAINT base_homepage_image_id_480b2169_fk_wagtailimages_image_id;
ALTER TABLE ONLY public.base_homepage DROP CONSTRAINT base_homepage_hero_cta_link_id_7c1842c6_fk_wagtailcore_page_id;
ALTER TABLE ONLY public.base_homepage DROP CONSTRAINT base_homepage_featured_section_3_i_b11648a7_fk_wagtailco;
ALTER TABLE ONLY public.base_homepage DROP CONSTRAINT base_homepage_featured_section_2_i_9644fc63_fk_wagtailco;
ALTER TABLE ONLY public.base_homepage DROP CONSTRAINT base_homepage_featured_section_1_i_9bbbc5d8_fk_wagtailco;
ALTER TABLE ONLY public.base_gallerypage DROP CONSTRAINT base_gallerypage_page_ptr_id_ec483e1b_fk_wagtailcore_page_id;
ALTER TABLE ONLY public.base_gallerypage DROP CONSTRAINT base_gallerypage_image_id_61a2557e_fk_wagtailimages_image_id;
ALTER TABLE ONLY public.base_gallerypage DROP CONSTRAINT base_gallerypage_collection_id_728dc65e_fk_wagtailco;
ALTER TABLE ONLY public.base_formpage DROP CONSTRAINT base_formpage_page_ptr_id_ba3f72e5_fk_wagtailcore_page_id;
ALTER TABLE ONLY public.base_formpage DROP CONSTRAINT base_formpage_image_id_e0833faf_fk_wagtailimages_image_id;
ALTER TABLE ONLY public.base_formfield DROP CONSTRAINT base_formfield_page_id_26c1e41d_fk_base_formpage_page_ptr_id;
ALTER TABLE ONLY public.base_footertext DROP CONSTRAINT base_footertext_live_revision_id_f6845bee_fk_wagtailco;
ALTER TABLE ONLY public.base_footertext DROP CONSTRAINT base_footertext_latest_revision_id_78ddf52e_fk_wagtailco;
ALTER TABLE ONLY public.auth_user_user_permissions DROP CONSTRAINT auth_user_user_permissions_user_id_a95ead1b_fk_auth_user_id;
ALTER TABLE ONLY public.auth_user_user_permissions DROP CONSTRAINT auth_user_user_permi_permission_id_1fbb5f2c_fk_auth_perm;
ALTER TABLE ONLY public.auth_user_groups DROP CONSTRAINT auth_user_groups_user_id_6a12ed8b_fk_auth_user_id;
ALTER TABLE ONLY public.auth_user_groups DROP CONSTRAINT auth_user_groups_group_id_97559544_fk_auth_group_id;
ALTER TABLE ONLY public.auth_permission DROP CONSTRAINT auth_permission_content_type_id_2f476e4b_fk_django_co;
ALTER TABLE ONLY public.auth_group_permissions DROP CONSTRAINT auth_group_permissions_group_id_b120cbf9_fk_auth_group_id;
ALTER TABLE ONLY public.auth_group_permissions DROP CONSTRAINT auth_group_permissio_permission_id_84c5c92e_fk_auth_perm;
DROP INDEX public.wagtailsearchpromotions_searchpromotion_query_id_fbce4eaa;
DROP INDEX public.wagtailsearchpromotions_searchpromotion_page_id_71920f17;
DROP INDEX public.wagtailsearch_querydailyhits_query_id_2185994b;
DROP INDEX public.wagtailsearch_query_query_string_e785ea07_like;
DROP INDEX public.wagtailsearch_indexentry_content_type_id_62ed694f;
DROP INDEX public.wagtailsear_title_9caae0_gin;
DROP INDEX public.wagtailsear_body_90c85d_gin;
DROP INDEX public.wagtailsear_autocom_476c89_gin;
DROP INDEX public.wagtailredirects_redirect_site_id_780a0e1e;
DROP INDEX public.wagtailredirects_redirect_redirect_page_id_b5728a8f;
DROP INDEX public.wagtailredirects_redirect_old_path_bb35247b_like;
DROP INDEX public.wagtailredirects_redirect_old_path_bb35247b;
DROP INDEX public.wagtailimages_uploadedimage_uploaded_by_user_id_85921689;
DROP INDEX public.wagtailimages_rendition_image_id_3e1fd774;
DROP INDEX public.wagtailimages_rendition_filter_spec_1cba3201_like;
DROP INDEX public.wagtailimages_rendition_filter_spec_1cba3201;
DROP INDEX public.wagtailimages_image_uploaded_by_user_id_5d73dc75;
DROP INDEX public.wagtailimages_image_file_hash_fb5bbb23_like;
DROP INDEX public.wagtailimages_image_file_hash_fb5bbb23;
DROP INDEX public.wagtailimages_image_created_at_86fa6cd4;
DROP INDEX public.wagtailimages_image_collection_id_c2f8af7e;
DROP INDEX public.wagtailforms_formsubmission_page_id_e48e93e7;
DROP INDEX public.wagtailembeds_embed_hash_c9bd8c9a_like;
DROP INDEX public.wagtailembeds_embed_cache_until_26c94bb0;
DROP INDEX public.wagtaildocs_uploadeddocument_uploaded_by_user_id_8dd61a73;
DROP INDEX public.wagtaildocs_document_uploaded_by_user_id_17258b41;
DROP INDEX public.wagtaildocs_document_collection_id_23881625;
DROP INDEX public.wagtailcore_workflowtask_workflow_id_b9717175;
DROP INDEX public.wagtailcore_workflowtask_task_id_ce7716fe;
DROP INDEX public.wagtailcore_workflowstate_workflow_id_1f18378f;
DROP INDEX public.wagtailcore_workflowstate_requested_by_id_4090bca3;
DROP INDEX public.wagtailcore_workflowstate_page_id_6c962862;
DROP INDEX public.wagtailcore_workflowpage_workflow_id_56f56ff6;
DROP INDEX public.wagtailcore_taskstate_workflow_state_id_9239a775;
DROP INDEX public.wagtailcore_taskstate_task_id_c3677c34;
DROP INDEX public.wagtailcore_taskstate_page_revision_id_9f52c88e;
DROP INDEX public.wagtailcore_taskstate_finished_by_id_13f98229;
DROP INDEX public.wagtailcore_taskstate_content_type_id_0a758fdc;
DROP INDEX public.wagtailcore_task_content_type_id_249ab8ba;
DROP INDEX public.wagtailcore_site_root_page_id_e02fb95c;
DROP INDEX public.wagtailcore_site_hostname_96b20b46_like;
DROP INDEX public.wagtailcore_site_hostname_96b20b46;
DROP INDEX public.wagtailcore_revision_content_type_id_c8cb69c0;
DROP INDEX public.wagtailcore_revision_base_content_type_id_5b4ef7bd;
DROP INDEX public.wagtailcore_referenceindex_to_content_type_id_93690bbd;
DROP INDEX public.wagtailcore_referenceindex_content_type_id_766e0336;
DROP INDEX public.wagtailcore_referenceindex_base_content_type_id_313cf40f;
DROP INDEX public.wagtailcore_pageviewrestriction_page_id_15a8bea6;
DROP INDEX public.wagtailcore_pageviewrestriction_groups_group_id_6460f223;
DROP INDEX public.wagtailcore_pageviewrestri_pageviewrestriction_id_f147a99a;
DROP INDEX public.wagtailcore_pagesubscription_user_id_89d7def9;
DROP INDEX public.wagtailcore_pagesubscription_page_id_a085e7a6;
DROP INDEX public.wagtailcore_pagerevision_user_id_2409d2f4;
DROP INDEX public.wagtailcore_pagerevision_submitted_for_moderation_c682e44c;
DROP INDEX public.wagtailcore_pagerevision_created_at_66954e3b;
DROP INDEX public.wagtailcore_pagerevision_approved_go_live_at_e56afc67;
DROP INDEX public.wagtailcore_pagelogentry_user_id_604ccfd8;
DROP INDEX public.wagtailcore_pagelogentry_timestamp_deb774c4;
DROP INDEX public.wagtailcore_pagelogentry_revision_id_8043d103;
DROP INDEX public.wagtailcore_pagelogentry_page_id_8464e327;
DROP INDEX public.wagtailcore_pagelogentry_content_type_id_74e7708a;
DROP INDEX public.wagtailcore_pagelogentry_content_changed_99f27ade;
DROP INDEX public.wagtailcore_pagelogentry_action_c2408198_like;
DROP INDEX public.wagtailcore_pagelogentry_action_c2408198;
DROP INDEX public.wagtailcore_page_slug_e7c11b8f_like;
DROP INDEX public.wagtailcore_page_slug_e7c11b8f;
DROP INDEX public.wagtailcore_page_path_98eba2c8_like;
DROP INDEX public.wagtailcore_page_owner_id_fbf7c332;
DROP INDEX public.wagtailcore_page_locked_by_id_bcb86245;
DROP INDEX public.wagtailcore_page_locale_id_3c7e30a6;
DROP INDEX public.wagtailcore_page_live_revision_id_930bd822;
DROP INDEX public.wagtailcore_page_latest_revision_id_e60fef51;
DROP INDEX public.wagtailcore_page_first_published_at_2b5dd637;
DROP INDEX public.wagtailcore_page_content_type_id_c28424df;
DROP INDEX public.wagtailcore_page_alias_of_id_12945502;
DROP INDEX public.wagtailcore_modellogentry_user_id_0278d1bf;
DROP INDEX public.wagtailcore_modellogentry_timestamp_9694521b;
DROP INDEX public.wagtailcore_modellogentry_revision_id_df6ca33a;
DROP INDEX public.wagtailcore_modellogentry_object_id_e0e7d4ef_like;
DROP INDEX public.wagtailcore_modellogentry_object_id_e0e7d4ef;
DROP INDEX public.wagtailcore_modellogentry_content_type_id_68849e77;
DROP INDEX public.wagtailcore_modellogentry_content_changed_8bc39742;
DROP INDEX public.wagtailcore_modellogentry_action_d2d856ee_like;
DROP INDEX public.wagtailcore_modellogentry_action_d2d856ee;
DROP INDEX public.wagtailcore_locale_language_code_03149338_like;
DROP INDEX public.wagtailcore_grouppagepermission_page_id_710b114a;
DROP INDEX public.wagtailcore_grouppagepermission_group_id_fc07e671;
DROP INDEX public.wagtailcore_groupcollectionpermission_permission_id_1b626275;
DROP INDEX public.wagtailcore_groupcollectionpermission_group_id_05d61460;
DROP INDEX public.wagtailcore_groupcollectionpermission_collection_id_5423575a;
DROP INDEX public.wagtailcore_groupapprovaltask_groups_group_id_2e64b61f;
DROP INDEX public.wagtailcore_groupapprovalt_groupapprovaltask_id_9a9255ea;
DROP INDEX public.wagtailcore_commentreply_user_id_d0b3b9c3;
DROP INDEX public.wagtailcore_commentreply_comment_id_afc7e027;
DROP INDEX public.wagtailcore_comment_user_id_0c577ca6;
DROP INDEX public.wagtailcore_comment_revision_created_id_1d058279;
DROP INDEX public.wagtailcore_comment_resolved_by_id_a282aa0e;
DROP INDEX public.wagtailcore_comment_page_id_108444b5;
DROP INDEX public.wagtailcore_collectionviewrestriction_groups_group_id_1823f2a3;
DROP INDEX public.wagtailcore_collectionviewrestriction_collection_id_761908ec;
DROP INDEX public.wagtailcore_collectionview_collectionviewrestriction__47320efd;
DROP INDEX public.wagtailcore_collection_path_d848dc19_like;
DROP INDEX public.unique_in_progress_workflow;
DROP INDEX public.taggit_taggeditem_tag_id_f4f5b767;
DROP INDEX public.taggit_taggeditem_object_id_e2d7d1df;
DROP INDEX public.taggit_taggeditem_content_type_id_object_id_196cc965_idx;
DROP INDEX public.taggit_taggeditem_content_type_id_9957a03c;
DROP INDEX public.taggit_tag_slug_6be58b2c_like;
DROP INDEX public.taggit_tag_name_58eb2ed9_like;
DROP INDEX public.recipes_recipepersonrelationship_person_id_e54238fe;
DROP INDEX public.recipes_recipepersonrelationship_page_id_6b703a52;
DROP INDEX public.locations_locationsindexpage_image_id_b8e42f1e;
DROP INDEX public.locations_locationpage_image_id_9e1abd9d;
DROP INDEX public.locations_locationoperatinghours_location_id_bb8e6ca6;
DROP INDEX public.django_session_session_key_c0390e0f_like;
DROP INDEX public.django_session_expire_date_a5c62663;
DROP INDEX public.django_admin_log_user_id_c564eba6;
DROP INDEX public.django_admin_log_content_type_id_c4bce8eb;
DROP INDEX public.content_object_idx;
DROP INDEX public.breads_breadtype_latest_revision_id_5a458afb;
DROP INDEX public.breads_breadsindexpage_image_id_aa54323d;
DROP INDEX public.breads_breadpage_origin_id_3efcd19f;
DROP INDEX public.breads_breadpage_ingredients_breadpage_id_846b727f;
DROP INDEX public.breads_breadpage_ingredients_breadingredient_id_dd0e8c99;
DROP INDEX public.breads_breadpage_image_id_de14c3c9;
DROP INDEX public.breads_breadpage_bread_type_id_126c073d;
DROP INDEX public.breads_breadingredient_live_revision_id_71f4805b;
DROP INDEX public.breads_breadingredient_latest_revision_id_5736825c;
DROP INDEX public.breads_breadingredient_first_published_at_9133ade2;
DROP INDEX public.blog_blogpeoplerelationship_people_id_f9fa15b1;
DROP INDEX public.blog_blogpeoplerelationship_page_id_549a739e;
DROP INDEX public.blog_blogpagetag_tag_id_81dc0e5f;
DROP INDEX public.blog_blogpagetag_content_object_id_0dc644d2;
DROP INDEX public.blog_blogpage_image_id_a60e2e91;
DROP INDEX public.blog_blogindexpage_image_id_f8df2be2;
DROP INDEX public.base_standardpage_image_id_b3ccad55;
DROP INDEX public.base_person_live_revision_id_f8396728;
DROP INDEX public.base_person_latest_revision_id_df59103a;
DROP INDEX public.base_person_first_published_at_6fa0650d;
DROP INDEX public.base_people_image_id_e3223a6e;
DROP INDEX public.base_homepage_promo_image_id_563e11b3;
DROP INDEX public.base_homepage_image_id_480b2169;
DROP INDEX public.base_homepage_hero_cta_link_id_7c1842c6;
DROP INDEX public.base_homepage_featured_section_3_id_b11648a7;
DROP INDEX public.base_homepage_featured_section_2_id_9644fc63;
DROP INDEX public.base_homepage_featured_section_1_id_9bbbc5d8;
DROP INDEX public.base_gallerypage_image_id_61a2557e;
DROP INDEX public.base_gallerypage_collection_id_728dc65e;
DROP INDEX public.base_formpage_image_id_e0833faf;
DROP INDEX public.base_formfield_page_id_26c1e41d;
DROP INDEX public.base_footertext_live_revision_id_f6845bee;
DROP INDEX public.base_footertext_latest_revision_id_78ddf52e;
DROP INDEX public.base_footertext_first_published_at_ff88ef05;
DROP INDEX public.base_content_object_idx;
DROP INDEX public.auth_user_username_6821ab7c_like;
DROP INDEX public.auth_user_user_permissions_user_id_a95ead1b;
DROP INDEX public.auth_user_user_permissions_permission_id_1fbb5f2c;
DROP INDEX public.auth_user_groups_user_id_6a12ed8b;
DROP INDEX public.auth_user_groups_group_id_97559544;
DROP INDEX public.auth_permission_content_type_id_2f476e4b;
DROP INDEX public.auth_group_permissions_permission_id_84c5c92e;
DROP INDEX public.auth_group_permissions_group_id_b120cbf9;
DROP INDEX public.auth_group_name_a6ea08ec_like;
ALTER TABLE ONLY public.wagtailusers_userprofile DROP CONSTRAINT wagtailusers_userprofile_user_id_key;
ALTER TABLE ONLY public.wagtailusers_userprofile DROP CONSTRAINT wagtailusers_userprofile_pkey;
ALTER TABLE ONLY public.wagtailsearchpromotions_searchpromotion DROP CONSTRAINT wagtailsearchpromotions_searchpromotion_pkey;
ALTER TABLE ONLY public.wagtailsearch_querydailyhits DROP CONSTRAINT wagtailsearch_querydailyhits_query_id_date_1dd232e6_uniq;
ALTER TABLE ONLY public.wagtailsearch_querydailyhits DROP CONSTRAINT wagtailsearch_querydailyhits_pkey;
ALTER TABLE ONLY public.wagtailsearch_query DROP CONSTRAINT wagtailsearch_query_query_string_key;
ALTER TABLE ONLY public.wagtailsearch_query DROP CONSTRAINT wagtailsearch_query_pkey;
ALTER TABLE ONLY public.wagtailsearch_indexentry DROP CONSTRAINT wagtailsearch_indexentry_pkey;
ALTER TABLE ONLY public.wagtailsearch_indexentry DROP CONSTRAINT wagtailsearch_indexentry_content_type_id_object_i_bcd7ba73_uniq;
ALTER TABLE ONLY public.wagtailredirects_redirect DROP CONSTRAINT wagtailredirects_redirect_pkey;
ALTER TABLE ONLY public.wagtailredirects_redirect DROP CONSTRAINT wagtailredirects_redirect_old_path_site_id_783622d7_uniq;
ALTER TABLE ONLY public.wagtailimages_uploadedimage DROP CONSTRAINT wagtailimages_uploadedimage_pkey;
ALTER TABLE ONLY public.wagtailimages_rendition DROP CONSTRAINT wagtailimages_rendition_pkey;
ALTER TABLE ONLY public.wagtailimages_rendition DROP CONSTRAINT wagtailimages_rendition_image_id_filter_spec_foc_323c8fe0_uniq;
ALTER TABLE ONLY public.wagtailimages_image DROP CONSTRAINT wagtailimages_image_pkey;
ALTER TABLE ONLY public.wagtailforms_formsubmission DROP CONSTRAINT wagtailforms_formsubmission_pkey;
ALTER TABLE ONLY public.wagtailembeds_embed DROP CONSTRAINT wagtailembeds_embed_pkey;
ALTER TABLE ONLY public.wagtailembeds_embed DROP CONSTRAINT wagtailembeds_embed_hash_c9bd8c9a_uniq;
ALTER TABLE ONLY public.wagtaildocs_uploadeddocument DROP CONSTRAINT wagtaildocs_uploadeddocument_pkey;
ALTER TABLE ONLY public.wagtaildocs_document DROP CONSTRAINT wagtaildocs_document_pkey;
ALTER TABLE ONLY public.wagtailcore_workflowtask DROP CONSTRAINT wagtailcore_workflowtask_workflow_id_task_id_4ec7a62b_uniq;
ALTER TABLE ONLY public.wagtailcore_workflowtask DROP CONSTRAINT wagtailcore_workflowtask_pkey;
ALTER TABLE ONLY public.wagtailcore_workflowstate DROP CONSTRAINT wagtailcore_workflowstate_pkey;
ALTER TABLE ONLY public.wagtailcore_workflowstate DROP CONSTRAINT wagtailcore_workflowstate_current_task_state_id_key;
ALTER TABLE ONLY public.wagtailcore_workflowpage DROP CONSTRAINT wagtailcore_workflowpage_pkey;
ALTER TABLE ONLY public.wagtailcore_workflow DROP CONSTRAINT wagtailcore_workflow_pkey;
ALTER TABLE ONLY public.wagtailcore_taskstate DROP CONSTRAINT wagtailcore_taskstate_pkey;
ALTER TABLE ONLY public.wagtailcore_task DROP CONSTRAINT wagtailcore_task_pkey;
ALTER TABLE ONLY public.wagtailcore_site DROP CONSTRAINT wagtailcore_site_pkey;
ALTER TABLE ONLY public.wagtailcore_site DROP CONSTRAINT wagtailcore_site_hostname_port_2c626d70_uniq;
ALTER TABLE ONLY public.wagtailcore_referenceindex DROP CONSTRAINT wagtailcore_referenceindex_pkey;
ALTER TABLE ONLY public.wagtailcore_referenceindex DROP CONSTRAINT wagtailcore_referenceind_base_content_type_id_obj_9e6ccd6a_uniq;
ALTER TABLE ONLY public.wagtailcore_pageviewrestriction DROP CONSTRAINT wagtailcore_pageviewrestriction_pkey;
ALTER TABLE ONLY public.wagtailcore_pageviewrestriction_groups DROP CONSTRAINT wagtailcore_pageviewrestriction_groups_pkey;
ALTER TABLE ONLY public.wagtailcore_pageviewrestriction_groups DROP CONSTRAINT wagtailcore_pageviewrest_pageviewrestriction_id_g_d23f80bb_uniq;
ALTER TABLE ONLY public.wagtailcore_pagesubscription DROP CONSTRAINT wagtailcore_pagesubscription_pkey;
ALTER TABLE ONLY public.wagtailcore_pagesubscription DROP CONSTRAINT wagtailcore_pagesubscription_page_id_user_id_0cef73ed_uniq;
ALTER TABLE ONLY public.wagtailcore_revision DROP CONSTRAINT wagtailcore_pagerevision_pkey;
ALTER TABLE ONLY public.wagtailcore_pagelogentry DROP CONSTRAINT wagtailcore_pagelogentry_pkey;
ALTER TABLE ONLY public.wagtailcore_page DROP CONSTRAINT wagtailcore_page_translation_key_locale_id_9b041bad_uniq;
ALTER TABLE ONLY public.wagtailcore_page DROP CONSTRAINT wagtailcore_page_pkey;
ALTER TABLE ONLY public.wagtailcore_page DROP CONSTRAINT wagtailcore_page_path_key;
ALTER TABLE ONLY public.wagtailcore_modellogentry DROP CONSTRAINT wagtailcore_modellogentry_pkey;
ALTER TABLE ONLY public.wagtailcore_locale DROP CONSTRAINT wagtailcore_locale_pkey;
ALTER TABLE ONLY public.wagtailcore_locale DROP CONSTRAINT wagtailcore_locale_language_code_key;
ALTER TABLE ONLY public.wagtailcore_grouppagepermission DROP CONSTRAINT wagtailcore_grouppagepermission_pkey;
ALTER TABLE ONLY public.wagtailcore_grouppagepermission DROP CONSTRAINT wagtailcore_grouppageper_group_id_page_id_permiss_0898bdf8_uniq;
ALTER TABLE ONLY public.wagtailcore_groupcollectionpermission DROP CONSTRAINT wagtailcore_groupcollectionpermission_pkey;
ALTER TABLE ONLY public.wagtailcore_groupcollectionpermission DROP CONSTRAINT wagtailcore_groupcollect_group_id_collection_id_p_a21cefe9_uniq;
ALTER TABLE ONLY public.wagtailcore_groupapprovaltask DROP CONSTRAINT wagtailcore_groupapprovaltask_pkey;
ALTER TABLE ONLY public.wagtailcore_groupapprovaltask_groups DROP CONSTRAINT wagtailcore_groupapprovaltask_groups_pkey;
ALTER TABLE ONLY public.wagtailcore_groupapprovaltask_groups DROP CONSTRAINT wagtailcore_groupapprova_groupapprovaltask_id_gro_bb5ee7eb_uniq;
ALTER TABLE ONLY public.wagtailcore_commentreply DROP CONSTRAINT wagtailcore_commentreply_pkey;
ALTER TABLE ONLY public.wagtailcore_comment DROP CONSTRAINT wagtailcore_comment_pkey;
ALTER TABLE ONLY public.wagtailcore_collectionviewrestriction DROP CONSTRAINT wagtailcore_collectionviewrestriction_pkey;
ALTER TABLE ONLY public.wagtailcore_collectionviewrestriction_groups DROP CONSTRAINT wagtailcore_collectionviewrestriction_groups_pkey;
ALTER TABLE ONLY public.wagtailcore_collectionviewrestriction_groups DROP CONSTRAINT wagtailcore_collectionvi_collectionviewrestrictio_988995ae_uniq;
ALTER TABLE ONLY public.wagtailcore_collection DROP CONSTRAINT wagtailcore_collection_pkey;
ALTER TABLE ONLY public.wagtailcore_collection DROP CONSTRAINT wagtailcore_collection_path_key;
ALTER TABLE ONLY public.wagtailadmin_admin DROP CONSTRAINT wagtailadmin_admin_pkey;
ALTER TABLE ONLY public.taggit_taggeditem DROP CONSTRAINT taggit_taggeditem_pkey;
ALTER TABLE ONLY public.taggit_taggeditem DROP CONSTRAINT taggit_taggeditem_content_type_id_object_i_4bb97a8e_uniq;
ALTER TABLE ONLY public.taggit_tag DROP CONSTRAINT taggit_tag_slug_key;
ALTER TABLE ONLY public.taggit_tag DROP CONSTRAINT taggit_tag_pkey;
ALTER TABLE ONLY public.taggit_tag DROP CONSTRAINT taggit_tag_name_key;
ALTER TABLE ONLY public.simple_translation_simpletranslation DROP CONSTRAINT simple_translation_simpletranslation_pkey;
ALTER TABLE ONLY public.recipes_recipepersonrelationship DROP CONSTRAINT recipes_recipepersonrelationship_pkey;
ALTER TABLE ONLY public.recipes_recipepage DROP CONSTRAINT recipes_recipepage_pkey;
ALTER TABLE ONLY public.recipes_recipeindexpage DROP CONSTRAINT recipes_recipeindexpage_pkey;
ALTER TABLE ONLY public.locations_locationsindexpage DROP CONSTRAINT locations_locationsindexpage_pkey;
ALTER TABLE ONLY public.locations_locationpage DROP CONSTRAINT locations_locationpage_pkey;
ALTER TABLE ONLY public.locations_locationoperatinghours DROP CONSTRAINT locations_locationoperatinghours_pkey;
ALTER TABLE ONLY public.django_session DROP CONSTRAINT django_session_pkey;
ALTER TABLE ONLY public.django_migrations DROP CONSTRAINT django_migrations_pkey;
ALTER TABLE ONLY public.django_content_type DROP CONSTRAINT django_content_type_pkey;
ALTER TABLE ONLY public.django_content_type DROP CONSTRAINT django_content_type_app_label_model_76bd3d3b_uniq;
ALTER TABLE ONLY public.django_admin_log DROP CONSTRAINT django_admin_log_pkey;
ALTER TABLE ONLY public.breads_country DROP CONSTRAINT breads_country_pkey;
ALTER TABLE ONLY public.breads_breadtype DROP CONSTRAINT breads_breadtype_pkey;
ALTER TABLE ONLY public.breads_breadsindexpage DROP CONSTRAINT breads_breadsindexpage_pkey;
ALTER TABLE ONLY public.breads_breadpage DROP CONSTRAINT breads_breadpage_pkey;
ALTER TABLE ONLY public.breads_breadpage_ingredients DROP CONSTRAINT breads_breadpage_ingredients_pkey;
ALTER TABLE ONLY public.breads_breadpage_ingredients DROP CONSTRAINT breads_breadpage_ingredi_breadpage_id_breadingred_02bc1b96_uniq;
ALTER TABLE ONLY public.breads_breadingredient DROP CONSTRAINT breads_breadingredient_pkey;
ALTER TABLE ONLY public.blog_blogpersonrelationship DROP CONSTRAINT blog_blogpeoplerelationship_pkey;
ALTER TABLE ONLY public.blog_blogpagetag DROP CONSTRAINT blog_blogpagetag_pkey;
ALTER TABLE ONLY public.blog_blogpage DROP CONSTRAINT blog_blogpage_pkey;
ALTER TABLE ONLY public.blog_blogindexpage DROP CONSTRAINT blog_blogindexpage_pkey;
ALTER TABLE ONLY public.base_standardpage DROP CONSTRAINT base_standardpage_pkey;
ALTER TABLE ONLY public.base_person DROP CONSTRAINT base_people_pkey;
ALTER TABLE ONLY public.base_homepage DROP CONSTRAINT base_homepage_pkey;
ALTER TABLE ONLY public.base_gallerypage DROP CONSTRAINT base_gallerypage_pkey;
ALTER TABLE ONLY public.base_formpage DROP CONSTRAINT base_formpage_pkey;
ALTER TABLE ONLY public.base_formfield DROP CONSTRAINT base_formfield_pkey;
ALTER TABLE ONLY public.base_footertext DROP CONSTRAINT base_footertext_pkey;
ALTER TABLE ONLY public.auth_user DROP CONSTRAINT auth_user_username_key;
ALTER TABLE ONLY public.auth_user_user_permissions DROP CONSTRAINT auth_user_user_permissions_user_id_permission_id_14a6b632_uniq;
ALTER TABLE ONLY public.auth_user_user_permissions DROP CONSTRAINT auth_user_user_permissions_pkey;
ALTER TABLE ONLY public.auth_user DROP CONSTRAINT auth_user_pkey;
ALTER TABLE ONLY public.auth_user_groups DROP CONSTRAINT auth_user_groups_user_id_group_id_94350c0c_uniq;
ALTER TABLE ONLY public.auth_user_groups DROP CONSTRAINT auth_user_groups_pkey;
ALTER TABLE ONLY public.auth_permission DROP CONSTRAINT auth_permission_pkey;
ALTER TABLE ONLY public.auth_permission DROP CONSTRAINT auth_permission_content_type_id_codename_01ab375a_uniq;
ALTER TABLE ONLY public.auth_group DROP CONSTRAINT auth_group_pkey;
ALTER TABLE ONLY public.auth_group_permissions DROP CONSTRAINT auth_group_permissions_pkey;
ALTER TABLE ONLY public.auth_group_permissions DROP CONSTRAINT auth_group_permissions_group_id_permission_id_0cd325b0_uniq;
ALTER TABLE ONLY public.auth_group DROP CONSTRAINT auth_group_name_key;
DROP TABLE public.wagtailusers_userprofile;
DROP TABLE public.wagtailsearchpromotions_searchpromotion;
DROP TABLE public.wagtailsearch_querydailyhits;
DROP TABLE public.wagtailsearch_query;
DROP TABLE public.wagtailsearch_indexentry;
DROP TABLE public.wagtailredirects_redirect;
DROP TABLE public.wagtailimages_uploadedimage;
DROP TABLE public.wagtailimages_rendition;
DROP TABLE public.wagtailimages_image;
DROP TABLE public.wagtailforms_formsubmission;
DROP TABLE public.wagtailembeds_embed;
DROP TABLE public.wagtaildocs_uploadeddocument;
DROP TABLE public.wagtaildocs_document;
DROP TABLE public.wagtailcore_workflowtask;
DROP TABLE public.wagtailcore_workflowstate;
DROP TABLE public.wagtailcore_workflowpage;
DROP TABLE public.wagtailcore_workflow;
DROP TABLE public.wagtailcore_taskstate;
DROP TABLE public.wagtailcore_task;
DROP TABLE public.wagtailcore_site;
DROP TABLE public.wagtailcore_referenceindex;
DROP TABLE public.wagtailcore_pageviewrestriction_groups;
DROP TABLE public.wagtailcore_pageviewrestriction;
DROP TABLE public.wagtailcore_pagesubscription;
DROP TABLE public.wagtailcore_revision;
DROP TABLE public.wagtailcore_pagelogentry;
DROP TABLE public.wagtailcore_page;
DROP TABLE public.wagtailcore_modellogentry;
DROP TABLE public.wagtailcore_locale;
DROP TABLE public.wagtailcore_grouppagepermission;
DROP TABLE public.wagtailcore_groupcollectionpermission;
DROP TABLE public.wagtailcore_groupapprovaltask_groups;
DROP TABLE public.wagtailcore_groupapprovaltask;
DROP TABLE public.wagtailcore_commentreply;
DROP TABLE public.wagtailcore_comment;
DROP TABLE public.wagtailcore_collectionviewrestriction_groups;
DROP TABLE public.wagtailcore_collectionviewrestriction;
DROP TABLE public.wagtailcore_collection;
DROP TABLE public.wagtailadmin_admin;
DROP TABLE public.taggit_taggeditem;
DROP TABLE public.taggit_tag;
DROP TABLE public.simple_translation_simpletranslation;
DROP TABLE public.recipes_recipepersonrelationship;
DROP TABLE public.recipes_recipepage;
DROP TABLE public.recipes_recipeindexpage;
DROP TABLE public.locations_locationsindexpage;
DROP TABLE public.locations_locationpage;
DROP TABLE public.locations_locationoperatinghours;
DROP TABLE public.django_session;
DROP TABLE public.django_migrations;
DROP TABLE public.django_content_type;
DROP TABLE public.django_admin_log;
DROP TABLE public.breads_country;
DROP TABLE public.breads_breadtype;
DROP TABLE public.breads_breadsindexpage;
DROP TABLE public.breads_breadpage_ingredients;
DROP TABLE public.breads_breadpage;
DROP TABLE public.breads_breadingredient;
DROP TABLE public.blog_blogpersonrelationship;
DROP TABLE public.blog_blogpagetag;
DROP TABLE public.blog_blogpage;
DROP TABLE public.blog_blogindexpage;
DROP TABLE public.base_standardpage;
DROP TABLE public.base_person;
DROP TABLE public.base_homepage;
DROP TABLE public.base_gallerypage;
DROP TABLE public.base_formpage;
DROP TABLE public.base_formfield;
DROP TABLE public.base_footertext;
DROP TABLE public.auth_user_user_permissions;
DROP TABLE public.auth_user_groups;
DROP TABLE public.auth_user;
DROP TABLE public.auth_permission;
DROP TABLE public.auth_group_permissions;
DROP TABLE public.auth_group;
SET default_tablespace = '';

SET default_table_access_method = heap;

--
-- Name: auth_group; Type: TABLE; Schema: public; Owner: app_user
--

CREATE TABLE public.auth_group (
    id integer NOT NULL,
    name character varying(150) NOT NULL
);


ALTER TABLE public.auth_group OWNER TO app_user;

--
-- Name: auth_group_id_seq; Type: SEQUENCE; Schema: public; Owner: app_user
--

ALTER TABLE public.auth_group ALTER COLUMN id ADD GENERATED BY DEFAULT AS IDENTITY (
    SEQUENCE NAME public.auth_group_id_seq
    START WITH 1
    INCREMENT BY 1
    NO MINVALUE
    NO MAXVALUE
    CACHE 1
);


--
-- Name: auth_group_permissions; Type: TABLE; Schema: public; Owner: app_user
--

CREATE TABLE public.auth_group_permissions (
    id integer NOT NULL,
    group_id integer NOT NULL,
    permission_id integer NOT NULL
);


ALTER TABLE public.auth_group_permissions OWNER TO app_user;

--
-- Name: auth_group_permissions_id_seq; Type: SEQUENCE; Schema: public; Owner: app_user
--

ALTER TABLE public.auth_group_permissions ALTER COLUMN id ADD GENERATED BY DEFAULT AS IDENTITY (
    SEQUENCE NAME public.auth_group_permissions_id_seq
    START WITH 1
    INCREMENT BY 1
    NO MINVALUE
    NO MAXVALUE
    CACHE 1
);


--
-- Name: auth_permission; Type: TABLE; Schema: public; Owner: app_user
--

CREATE TABLE public.auth_permission (
    id integer NOT NULL,
    name character varying(255) NOT NULL,
    content_type_id integer NOT NULL,
    codename character varying(100) NOT NULL
);


ALTER TABLE public.auth_permission OWNER TO app_user;

--
-- Name: auth_permission_id_seq; Type: SEQUENCE; Schema: public; Owner: app_user
--

ALTER TABLE public.auth_permission ALTER COLUMN id ADD GENERATED BY DEFAULT AS IDENTITY (
    SEQUENCE NAME public.auth_permission_id_seq
    START WITH 1
    INCREMENT BY 1
    NO MINVALUE
    NO MAXVALUE
    CACHE 1
);


--
-- Name: auth_user; Type: TABLE; Schema: public; Owner: app_user
--

CREATE TABLE public.auth_user (
    id integer NOT NULL,
    password character varying(128) NOT NULL,
    last_login timestamp with time zone,
    is_superuser boolean NOT NULL,
    username character varying(150) NOT NULL,
    first_name character varying(150) NOT NULL,
    last_name character varying(150) NOT NULL,
    email character varying(254) NOT NULL,
    is_staff boolean NOT NULL,
    is_active boolean NOT NULL,
    date_joined timestamp with time zone NOT NULL
);


ALTER TABLE public.auth_user OWNER TO app_user;

--
-- Name: auth_user_groups; Type: TABLE; Schema: public; Owner: app_user
--

CREATE TABLE public.auth_user_groups (
    id integer NOT NULL,
    user_id integer NOT NULL,
    group_id integer NOT NULL
);


ALTER TABLE public.auth_user_groups OWNER TO app_user;

--
-- Name: auth_user_groups_id_seq; Type: SEQUENCE; Schema: public; Owner: app_user
--

ALTER TABLE public.auth_user_groups ALTER COLUMN id ADD GENERATED BY DEFAULT AS IDENTITY (
    SEQUENCE NAME public.auth_user_groups_id_seq
    START WITH 1
    INCREMENT BY 1
    NO MINVALUE
    NO MAXVALUE
    CACHE 1
);


--
-- Name: auth_user_id_seq; Type: SEQUENCE; Schema: public; Owner: app_user
--

ALTER TABLE public.auth_user ALTER COLUMN id ADD GENERATED BY DEFAULT AS IDENTITY (
    SEQUENCE NAME public.auth_user_id_seq
    START WITH 1
    INCREMENT BY 1
    NO MINVALUE
    NO MAXVALUE
    CACHE 1
);


--
-- Name: auth_user_user_permissions; Type: TABLE; Schema: public; Owner: app_user
--

CREATE TABLE public.auth_user_user_permissions (
    id integer NOT NULL,
    user_id integer NOT NULL,
    permission_id integer NOT NULL
);


ALTER TABLE public.auth_user_user_permissions OWNER TO app_user;

--
-- Name: auth_user_user_permissions_id_seq; Type: SEQUENCE; Schema: public; Owner: app_user
--

ALTER TABLE public.auth_user_user_permissions ALTER COLUMN id ADD GENERATED BY DEFAULT AS IDENTITY (
    SEQUENCE NAME public.auth_user_user_permissions_id_seq
    START WITH 1
    INCREMENT BY 1
    NO MINVALUE
    NO MAXVALUE
    CACHE 1
);


--
-- Name: base_footertext; Type: TABLE; Schema: public; Owner: app_user
--

CREATE TABLE public.base_footertext (
    id integer NOT NULL,
    body text NOT NULL,
    expire_at timestamp with time zone,
    expired boolean NOT NULL,
    first_published_at timestamp with time zone,
    go_live_at timestamp with time zone,
    has_unpublished_changes boolean NOT NULL,
    last_published_at timestamp with time zone,
    latest_revision_id integer,
    live boolean NOT NULL,
    live_revision_id integer
);


ALTER TABLE public.base_footertext OWNER TO app_user;

--
-- Name: base_footertext_id_seq; Type: SEQUENCE; Schema: public; Owner: app_user
--

ALTER TABLE public.base_footertext ALTER COLUMN id ADD GENERATED BY DEFAULT AS IDENTITY (
    SEQUENCE NAME public.base_footertext_id_seq
    START WITH 1
    INCREMENT BY 1
    NO MINVALUE
    NO MAXVALUE
    CACHE 1
);


--
-- Name: base_formfield; Type: TABLE; Schema: public; Owner: app_user
--

CREATE TABLE public.base_formfield (
    id integer NOT NULL,
    sort_order integer,
    label character varying(255) NOT NULL,
    field_type character varying(16) NOT NULL,
    required boolean NOT NULL,
    choices text NOT NULL,
    default_value text NOT NULL,
    help_text character varying(255) NOT NULL,
    page_id integer NOT NULL,
    clean_name character varying(255) NOT NULL
);


ALTER TABLE public.base_formfield OWNER TO app_user;

--
-- Name: base_formfield_id_seq; Type: SEQUENCE; Schema: public; Owner: app_user
--

ALTER TABLE public.base_formfield ALTER COLUMN id ADD GENERATED BY DEFAULT AS IDENTITY (
    SEQUENCE NAME public.base_formfield_id_seq
    START WITH 1
    INCREMENT BY 1
    NO MINVALUE
    NO MAXVALUE
    CACHE 1
);


--
-- Name: base_formpage; Type: TABLE; Schema: public; Owner: app_user
--

CREATE TABLE public.base_formpage (
    page_ptr_id integer NOT NULL,
    to_address character varying(255) NOT NULL,
    from_address character varying(255) NOT NULL,
    subject character varying(255) NOT NULL,
    body jsonb NOT NULL,
    thank_you_text text NOT NULL,
    image_id integer
);


ALTER TABLE public.base_formpage OWNER TO app_user;

--
-- Name: base_gallerypage; Type: TABLE; Schema: public; Owner: app_user
--

CREATE TABLE public.base_gallerypage (
    page_ptr_id integer NOT NULL,
    introduction text NOT NULL,
    body jsonb NOT NULL,
    collection_id integer,
    image_id integer
);


ALTER TABLE public.base_gallerypage OWNER TO app_user;

--
-- Name: base_homepage; Type: TABLE; Schema: public; Owner: app_user
--

CREATE TABLE public.base_homepage (
    page_ptr_id integer NOT NULL,
    hero_text character varying(255) NOT NULL,
    hero_cta character varying(255) NOT NULL,
    body jsonb NOT NULL,
    promo_title character varying(255) NOT NULL,
    promo_text text,
    featured_section_1_title character varying(255) NOT NULL,
    featured_section_2_title character varying(255) NOT NULL,
    featured_section_3_title character varying(255) NOT NULL,
    featured_section_1_id integer,
    featured_section_2_id integer,
    featured_section_3_id integer,
    hero_cta_link_id integer,
    image_id integer,
    promo_image_id integer
);


ALTER TABLE public.base_homepage OWNER TO app_user;

--
-- Name: base_person; Type: TABLE; Schema: public; Owner: app_user
--

CREATE TABLE public.base_person (
    id integer NOT NULL,
    first_name character varying(254) NOT NULL,
    last_name character varying(254) NOT NULL,
    job_title character varying(254) NOT NULL,
    image_id integer,
    expire_at timestamp with time zone,
    expired boolean NOT NULL,
    first_published_at timestamp with time zone,
    go_live_at timestamp with time zone,
    has_unpublished_changes boolean NOT NULL,
    last_published_at timestamp with time zone,
    latest_revision_id integer,
    live boolean NOT NULL,
    live_revision_id integer
);


ALTER TABLE public.base_person OWNER TO app_user;

--
-- Name: base_people_id_seq; Type: SEQUENCE; Schema: public; Owner: app_user
--

ALTER TABLE public.base_person ALTER COLUMN id ADD GENERATED BY DEFAULT AS IDENTITY (
    SEQUENCE NAME public.base_people_id_seq
    START WITH 1
    INCREMENT BY 1
    NO MINVALUE
    NO MAXVALUE
    CACHE 1
);


--
-- Name: base_standardpage; Type: TABLE; Schema: public; Owner: app_user
--

CREATE TABLE public.base_standardpage (
    page_ptr_id integer NOT NULL,
    introduction text NOT NULL,
    body jsonb NOT NULL,
    image_id integer
);


ALTER TABLE public.base_standardpage OWNER TO app_user;

--
-- Name: blog_blogindexpage; Type: TABLE; Schema: public; Owner: app_user
--

CREATE TABLE public.blog_blogindexpage (
    page_ptr_id integer NOT NULL,
    introduction text NOT NULL,
    image_id integer
);


ALTER TABLE public.blog_blogindexpage OWNER TO app_user;

--
-- Name: blog_blogpage; Type: TABLE; Schema: public; Owner: app_user
--

CREATE TABLE public.blog_blogpage (
    page_ptr_id integer NOT NULL,
    introduction text NOT NULL,
    body jsonb NOT NULL,
    subtitle character varying(255) NOT NULL,
    date_published date,
    image_id integer
);


ALTER TABLE public.blog_blogpage OWNER TO app_user;

--
-- Name: blog_blogpagetag; Type: TABLE; Schema: public; Owner: app_user
--

CREATE TABLE public.blog_blogpagetag (
    id integer NOT NULL,
    content_object_id integer NOT NULL,
    tag_id integer NOT NULL
);


ALTER TABLE public.blog_blogpagetag OWNER TO app_user;

--
-- Name: blog_blogpagetag_id_seq; Type: SEQUENCE; Schema: public; Owner: app_user
--

ALTER TABLE public.blog_blogpagetag ALTER COLUMN id ADD GENERATED BY DEFAULT AS IDENTITY (
    SEQUENCE NAME public.blog_blogpagetag_id_seq
    START WITH 1
    INCREMENT BY 1
    NO MINVALUE
    NO MAXVALUE
    CACHE 1
);


--
-- Name: blog_blogpersonrelationship; Type: TABLE; Schema: public; Owner: app_user
--

CREATE TABLE public.blog_blogpersonrelationship (
    id integer NOT NULL,
    sort_order integer,
    page_id integer NOT NULL,
    person_id integer NOT NULL
);


ALTER TABLE public.blog_blogpersonrelationship OWNER TO app_user;

--
-- Name: blog_blogpeoplerelationship_id_seq; Type: SEQUENCE; Schema: public; Owner: app_user
--

ALTER TABLE public.blog_blogpersonrelationship ALTER COLUMN id ADD GENERATED BY DEFAULT AS IDENTITY (
    SEQUENCE NAME public.blog_blogpeoplerelationship_id_seq
    START WITH 1
    INCREMENT BY 1
    NO MINVALUE
    NO MAXVALUE
    CACHE 1
);


--
-- Name: breads_breadingredient; Type: TABLE; Schema: public; Owner: app_user
--

CREATE TABLE public.breads_breadingredient (
    id integer NOT NULL,
    name character varying(255) NOT NULL,
    expire_at timestamp with time zone,
    expired boolean NOT NULL,
    first_published_at timestamp with time zone,
    go_live_at timestamp with time zone,
    has_unpublished_changes boolean NOT NULL,
    last_published_at timestamp with time zone,
    latest_revision_id integer,
    live boolean NOT NULL,
    live_revision_id integer
);


ALTER TABLE public.breads_breadingredient OWNER TO app_user;

--
-- Name: breads_breadingredient_id_seq; Type: SEQUENCE; Schema: public; Owner: app_user
--

ALTER TABLE public.breads_breadingredient ALTER COLUMN id ADD GENERATED BY DEFAULT AS IDENTITY (
    SEQUENCE NAME public.breads_breadingredient_id_seq
    START WITH 1
    INCREMENT BY 1
    NO MINVALUE
    NO MAXVALUE
    CACHE 1
);


--
-- Name: breads_breadpage; Type: TABLE; Schema: public; Owner: app_user
--

CREATE TABLE public.breads_breadpage (
    page_ptr_id integer NOT NULL,
    introduction text NOT NULL,
    body jsonb NOT NULL,
    bread_type_id integer,
    image_id integer,
    origin_id integer
);


ALTER TABLE public.breads_breadpage OWNER TO app_user;

--
-- Name: breads_breadpage_ingredients; Type: TABLE; Schema: public; Owner: app_user
--

CREATE TABLE public.breads_breadpage_ingredients (
    id integer NOT NULL,
    breadpage_id integer NOT NULL,
    breadingredient_id integer NOT NULL
);


ALTER TABLE public.breads_breadpage_ingredients OWNER TO app_user;

--
-- Name: breads_breadpage_ingredients_id_seq; Type: SEQUENCE; Schema: public; Owner: app_user
--

ALTER TABLE public.breads_breadpage_ingredients ALTER COLUMN id ADD GENERATED BY DEFAULT AS IDENTITY (
    SEQUENCE NAME public.breads_breadpage_ingredients_id_seq
    START WITH 1
    INCREMENT BY 1
    NO MINVALUE
    NO MAXVALUE
    CACHE 1
);


--
-- Name: breads_breadsindexpage; Type: TABLE; Schema: public; Owner: app_user
--

CREATE TABLE public.breads_breadsindexpage (
    page_ptr_id integer NOT NULL,
    introduction text NOT NULL,
    image_id integer
);


ALTER TABLE public.breads_breadsindexpage OWNER TO app_user;

--
-- Name: breads_breadtype; Type: TABLE; Schema: public; Owner: app_user
--

CREATE TABLE public.breads_breadtype (
    id integer NOT NULL,
    title character varying(255) NOT NULL,
    latest_revision_id integer
);


ALTER TABLE public.breads_breadtype OWNER TO app_user;

--
-- Name: breads_breadtype_id_seq; Type: SEQUENCE; Schema: public; Owner: app_user
--

ALTER TABLE public.breads_breadtype ALTER COLUMN id ADD GENERATED BY DEFAULT AS IDENTITY (
    SEQUENCE NAME public.breads_breadtype_id_seq
    START WITH 1
    INCREMENT BY 1
    NO MINVALUE
    NO MAXVALUE
    CACHE 1
);


--
-- Name: breads_country; Type: TABLE; Schema: public; Owner: app_user
--

CREATE TABLE public.breads_country (
    id integer NOT NULL,
    title character varying(100) NOT NULL
);


ALTER TABLE public.breads_country OWNER TO app_user;

--
-- Name: breads_country_id_seq; Type: SEQUENCE; Schema: public; Owner: app_user
--

ALTER TABLE public.breads_country ALTER COLUMN id ADD GENERATED BY DEFAULT AS IDENTITY (
    SEQUENCE NAME public.breads_country_id_seq
    START WITH 1
    INCREMENT BY 1
    NO MINVALUE
    NO MAXVALUE
    CACHE 1
);


--
-- Name: django_admin_log; Type: TABLE; Schema: public; Owner: app_user
--

CREATE TABLE public.django_admin_log (
    id integer NOT NULL,
    action_time timestamp with time zone NOT NULL,
    object_id text,
    object_repr character varying(200) NOT NULL,
    action_flag smallint NOT NULL,
    change_message text NOT NULL,
    content_type_id integer,
    user_id integer NOT NULL,
    CONSTRAINT django_admin_log_action_flag_check CHECK ((action_flag >= 0))
);


ALTER TABLE public.django_admin_log OWNER TO app_user;

--
-- Name: django_admin_log_id_seq; Type: SEQUENCE; Schema: public; Owner: app_user
--

ALTER TABLE public.django_admin_log ALTER COLUMN id ADD GENERATED BY DEFAULT AS IDENTITY (
    SEQUENCE NAME public.django_admin_log_id_seq
    START WITH 1
    INCREMENT BY 1
    NO MINVALUE
    NO MAXVALUE
    CACHE 1
);


--
-- Name: django_content_type; Type: TABLE; Schema: public; Owner: app_user
--

CREATE TABLE public.django_content_type (
    id integer NOT NULL,
    app_label character varying(100) NOT NULL,
    model character varying(100) NOT NULL
);


ALTER TABLE public.django_content_type OWNER TO app_user;

--
-- Name: django_content_type_id_seq; Type: SEQUENCE; Schema: public; Owner: app_user
--

ALTER TABLE public.django_content_type ALTER COLUMN id ADD GENERATED BY DEFAULT AS IDENTITY (
    SEQUENCE NAME public.django_content_type_id_seq
    START WITH 1
    INCREMENT BY 1
    NO MINVALUE
    NO MAXVALUE
    CACHE 1
);


--
-- Name: django_migrations; Type: TABLE; Schema: public; Owner: app_user
--

CREATE TABLE public.django_migrations (
    id integer NOT NULL,
    app character varying(255) NOT NULL,
    name character varying(255) NOT NULL,
    applied timestamp with time zone NOT NULL
);


ALTER TABLE public.django_migrations OWNER TO app_user;

--
-- Name: django_migrations_id_seq; Type: SEQUENCE; Schema: public; Owner: app_user
--

ALTER TABLE public.django_migrations ALTER COLUMN id ADD GENERATED BY DEFAULT AS IDENTITY (
    SEQUENCE NAME public.django_migrations_id_seq
    START WITH 1
    INCREMENT BY 1
    NO MINVALUE
    NO MAXVALUE
    CACHE 1
);


--
-- Name: django_session; Type: TABLE; Schema: public; Owner: app_user
--

CREATE TABLE public.django_session (
    session_key character varying(40) NOT NULL,
    session_data text NOT NULL,
    expire_date timestamp with time zone NOT NULL
);


ALTER TABLE public.django_session OWNER TO app_user;

--
-- Name: locations_locationoperatinghours; Type: TABLE; Schema: public; Owner: app_user
--

CREATE TABLE public.locations_locationoperatinghours (
    id integer NOT NULL,
    sort_order integer,
    day character varying(4) NOT NULL,
    opening_time time without time zone,
    closing_time time without time zone,
    closed boolean NOT NULL,
    location_id integer NOT NULL
);


ALTER TABLE public.locations_locationoperatinghours OWNER TO app_user;

--
-- Name: locations_locationoperatinghours_id_seq; Type: SEQUENCE; Schema: public; Owner: app_user
--

ALTER TABLE public.locations_locationoperatinghours ALTER COLUMN id ADD GENERATED BY DEFAULT AS IDENTITY (
    SEQUENCE NAME public.locations_locationoperatinghours_id_seq
    START WITH 1
    INCREMENT BY 1
    NO MINVALUE
    NO MAXVALUE
    CACHE 1
);


--
-- Name: locations_locationpage; Type: TABLE; Schema: public; Owner: app_user
--

CREATE TABLE public.locations_locationpage (
    page_ptr_id integer NOT NULL,
    introduction text NOT NULL,
    body jsonb NOT NULL,
    address text NOT NULL,
    lat_long character varying(36) NOT NULL,
    image_id integer
);


ALTER TABLE public.locations_locationpage OWNER TO app_user;

--
-- Name: locations_locationsindexpage; Type: TABLE; Schema: public; Owner: app_user
--

CREATE TABLE public.locations_locationsindexpage (
    page_ptr_id integer NOT NULL,
    introduction text NOT NULL,
    image_id integer
);


ALTER TABLE public.locations_locationsindexpage OWNER TO app_user;

--
-- Name: recipes_recipeindexpage; Type: TABLE; Schema: public; Owner: app_user
--

CREATE TABLE public.recipes_recipeindexpage (
    page_ptr_id integer NOT NULL,
    introduction text NOT NULL
);


ALTER TABLE public.recipes_recipeindexpage OWNER TO app_user;

--
-- Name: recipes_recipepage; Type: TABLE; Schema: public; Owner: app_user
--

CREATE TABLE public.recipes_recipepage (
    page_ptr_id integer NOT NULL,
    date_published date,
    subtitle character varying(255) NOT NULL,
    introduction text NOT NULL,
    backstory jsonb NOT NULL,
    recipe_headline text NOT NULL,
    body jsonb NOT NULL
);


ALTER TABLE public.recipes_recipepage OWNER TO app_user;

--
-- Name: recipes_recipepersonrelationship; Type: TABLE; Schema: public; Owner: app_user
--

CREATE TABLE public.recipes_recipepersonrelationship (
    id integer NOT NULL,
    sort_order integer,
    page_id integer NOT NULL,
    person_id integer NOT NULL
);


ALTER TABLE public.recipes_recipepersonrelationship OWNER TO app_user;

--
-- Name: recipes_recipepersonrelationship_id_seq; Type: SEQUENCE; Schema: public; Owner: app_user
--

ALTER TABLE public.recipes_recipepersonrelationship ALTER COLUMN id ADD GENERATED BY DEFAULT AS IDENTITY (
    SEQUENCE NAME public.recipes_recipepersonrelationship_id_seq
    START WITH 1
    INCREMENT BY 1
    NO MINVALUE
    NO MAXVALUE
    CACHE 1
);


--
-- Name: simple_translation_simpletranslation; Type: TABLE; Schema: public; Owner: app_user
--

CREATE TABLE public.simple_translation_simpletranslation (
    id integer NOT NULL
);


ALTER TABLE public.simple_translation_simpletranslation OWNER TO app_user;

--
-- Name: simple_translation_simpletranslation_id_seq; Type: SEQUENCE; Schema: public; Owner: app_user
--

ALTER TABLE public.simple_translation_simpletranslation ALTER COLUMN id ADD GENERATED BY DEFAULT AS IDENTITY (
    SEQUENCE NAME public.simple_translation_simpletranslation_id_seq
    START WITH 1
    INCREMENT BY 1
    NO MINVALUE
    NO MAXVALUE
    CACHE 1
);


--
-- Name: taggit_tag; Type: TABLE; Schema: public; Owner: app_user
--

CREATE TABLE public.taggit_tag (
    id integer NOT NULL,
    name character varying(100) NOT NULL,
    slug character varying(100) NOT NULL
);


ALTER TABLE public.taggit_tag OWNER TO app_user;

--
-- Name: taggit_tag_id_seq; Type: SEQUENCE; Schema: public; Owner: app_user
--

ALTER TABLE public.taggit_tag ALTER COLUMN id ADD GENERATED BY DEFAULT AS IDENTITY (
    SEQUENCE NAME public.taggit_tag_id_seq
    START WITH 1
    INCREMENT BY 1
    NO MINVALUE
    NO MAXVALUE
    CACHE 1
);


--
-- Name: taggit_taggeditem; Type: TABLE; Schema: public; Owner: app_user
--

CREATE TABLE public.taggit_taggeditem (
    id integer NOT NULL,
    object_id integer NOT NULL,
    content_type_id integer NOT NULL,
    tag_id integer NOT NULL
);


ALTER TABLE public.taggit_taggeditem OWNER TO app_user;

--
-- Name: taggit_taggeditem_id_seq; Type: SEQUENCE; Schema: public; Owner: app_user
--

ALTER TABLE public.taggit_taggeditem ALTER COLUMN id ADD GENERATED BY DEFAULT AS IDENTITY (
    SEQUENCE NAME public.taggit_taggeditem_id_seq
    START WITH 1
    INCREMENT BY 1
    NO MINVALUE
    NO MAXVALUE
    CACHE 1
);


--
-- Name: wagtailadmin_admin; Type: TABLE; Schema: public; Owner: app_user
--

CREATE TABLE public.wagtailadmin_admin (
    id integer NOT NULL
);


ALTER TABLE public.wagtailadmin_admin OWNER TO app_user;

--
-- Name: wagtailadmin_admin_id_seq; Type: SEQUENCE; Schema: public; Owner: app_user
--

ALTER TABLE public.wagtailadmin_admin ALTER COLUMN id ADD GENERATED BY DEFAULT AS IDENTITY (
    SEQUENCE NAME public.wagtailadmin_admin_id_seq
    START WITH 1
    INCREMENT BY 1
    NO MINVALUE
    NO MAXVALUE
    CACHE 1
);


--
-- Name: wagtailcore_collection; Type: TABLE; Schema: public; Owner: app_user
--

CREATE TABLE public.wagtailcore_collection (
    id integer NOT NULL,
    path character varying(255) NOT NULL COLLATE pg_catalog."C",
    depth integer NOT NULL,
    numchild integer NOT NULL,
    name character varying(255) NOT NULL,
    CONSTRAINT wagtailcore_collection_depth_check CHECK ((depth >= 0)),
    CONSTRAINT wagtailcore_collection_numchild_check CHECK ((numchild >= 0))
);


ALTER TABLE public.wagtailcore_collection OWNER TO app_user;

--
-- Name: wagtailcore_collection_id_seq; Type: SEQUENCE; Schema: public; Owner: app_user
--

ALTER TABLE public.wagtailcore_collection ALTER COLUMN id ADD GENERATED BY DEFAULT AS IDENTITY (
    SEQUENCE NAME public.wagtailcore_collection_id_seq
    START WITH 1
    INCREMENT BY 1
    NO MINVALUE
    NO MAXVALUE
    CACHE 1
);


--
-- Name: wagtailcore_collectionviewrestriction; Type: TABLE; Schema: public; Owner: app_user
--

CREATE TABLE public.wagtailcore_collectionviewrestriction (
    id integer NOT NULL,
    restriction_type character varying(20) NOT NULL,
    password character varying(255) NOT NULL,
    collection_id integer NOT NULL
);


ALTER TABLE public.wagtailcore_collectionviewrestriction OWNER TO app_user;

--
-- Name: wagtailcore_collectionviewrestriction_groups; Type: TABLE; Schema: public; Owner: app_user
--

CREATE TABLE public.wagtailcore_collectionviewrestriction_groups (
    id integer NOT NULL,
    collectionviewrestriction_id integer NOT NULL,
    group_id integer NOT NULL
);


ALTER TABLE public.wagtailcore_collectionviewrestriction_groups OWNER TO app_user;

--
-- Name: wagtailcore_collectionviewrestriction_groups_id_seq; Type: SEQUENCE; Schema: public; Owner: app_user
--

ALTER TABLE public.wagtailcore_collectionviewrestriction_groups ALTER COLUMN id ADD GENERATED BY DEFAULT AS IDENTITY (
    SEQUENCE NAME public.wagtailcore_collectionviewrestriction_groups_id_seq
    START WITH 1
    INCREMENT BY 1
    NO MINVALUE
    NO MAXVALUE
    CACHE 1
);


--
-- Name: wagtailcore_collectionviewrestriction_id_seq; Type: SEQUENCE; Schema: public; Owner: app_user
--

ALTER TABLE public.wagtailcore_collectionviewrestriction ALTER COLUMN id ADD GENERATED BY DEFAULT AS IDENTITY (
    SEQUENCE NAME public.wagtailcore_collectionviewrestriction_id_seq
    START WITH 1
    INCREMENT BY 1
    NO MINVALUE
    NO MAXVALUE
    CACHE 1
);


--
-- Name: wagtailcore_comment; Type: TABLE; Schema: public; Owner: app_user
--

CREATE TABLE public.wagtailcore_comment (
    id integer NOT NULL,
    text text NOT NULL,
    contentpath text NOT NULL,
    "position" text NOT NULL,
    created_at timestamp with time zone NOT NULL,
    updated_at timestamp with time zone NOT NULL,
    resolved_at timestamp with time zone,
    page_id integer NOT NULL,
    resolved_by_id integer,
    revision_created_id integer,
    user_id integer NOT NULL
);


ALTER TABLE public.wagtailcore_comment OWNER TO app_user;

--
-- Name: wagtailcore_comment_id_seq; Type: SEQUENCE; Schema: public; Owner: app_user
--

ALTER TABLE public.wagtailcore_comment ALTER COLUMN id ADD GENERATED BY DEFAULT AS IDENTITY (
    SEQUENCE NAME public.wagtailcore_comment_id_seq
    START WITH 1
    INCREMENT BY 1
    NO MINVALUE
    NO MAXVALUE
    CACHE 1
);


--
-- Name: wagtailcore_commentreply; Type: TABLE; Schema: public; Owner: app_user
--

CREATE TABLE public.wagtailcore_commentreply (
    id integer NOT NULL,
    text text NOT NULL,
    created_at timestamp with time zone NOT NULL,
    updated_at timestamp with time zone NOT NULL,
    comment_id integer NOT NULL,
    user_id integer NOT NULL
);


ALTER TABLE public.wagtailcore_commentreply OWNER TO app_user;

--
-- Name: wagtailcore_commentreply_id_seq; Type: SEQUENCE; Schema: public; Owner: app_user
--

ALTER TABLE public.wagtailcore_commentreply ALTER COLUMN id ADD GENERATED BY DEFAULT AS IDENTITY (
    SEQUENCE NAME public.wagtailcore_commentreply_id_seq
    START WITH 1
    INCREMENT BY 1
    NO MINVALUE
    NO MAXVALUE
    CACHE 1
);


--
-- Name: wagtailcore_groupapprovaltask; Type: TABLE; Schema: public; Owner: app_user
--

CREATE TABLE public.wagtailcore_groupapprovaltask (
    task_ptr_id integer NOT NULL
);


ALTER TABLE public.wagtailcore_groupapprovaltask OWNER TO app_user;

--
-- Name: wagtailcore_groupapprovaltask_groups; Type: TABLE; Schema: public; Owner: app_user
--

CREATE TABLE public.wagtailcore_groupapprovaltask_groups (
    id integer NOT NULL,
    groupapprovaltask_id integer NOT NULL,
    group_id integer NOT NULL
);


ALTER TABLE public.wagtailcore_groupapprovaltask_groups OWNER TO app_user;

--
-- Name: wagtailcore_groupapprovaltask_groups_id_seq; Type: SEQUENCE; Schema: public; Owner: app_user
--

ALTER TABLE public.wagtailcore_groupapprovaltask_groups ALTER COLUMN id ADD GENERATED BY DEFAULT AS IDENTITY (
    SEQUENCE NAME public.wagtailcore_groupapprovaltask_groups_id_seq
    START WITH 1
    INCREMENT BY 1
    NO MINVALUE
    NO MAXVALUE
    CACHE 1
);


--
-- Name: wagtailcore_groupcollectionpermission; Type: TABLE; Schema: public; Owner: app_user
--

CREATE TABLE public.wagtailcore_groupcollectionpermission (
    id integer NOT NULL,
    collection_id integer NOT NULL,
    group_id integer NOT NULL,
    permission_id integer NOT NULL
);


ALTER TABLE public.wagtailcore_groupcollectionpermission OWNER TO app_user;

--
-- Name: wagtailcore_groupcollectionpermission_id_seq; Type: SEQUENCE; Schema: public; Owner: app_user
--

ALTER TABLE public.wagtailcore_groupcollectionpermission ALTER COLUMN id ADD GENERATED BY DEFAULT AS IDENTITY (
    SEQUENCE NAME public.wagtailcore_groupcollectionpermission_id_seq
    START WITH 1
    INCREMENT BY 1
    NO MINVALUE
    NO MAXVALUE
    CACHE 1
);


--
-- Name: wagtailcore_grouppagepermission; Type: TABLE; Schema: public; Owner: app_user
--

CREATE TABLE public.wagtailcore_grouppagepermission (
    id integer NOT NULL,
    permission_type character varying(20) NOT NULL,
    group_id integer NOT NULL,
    page_id integer NOT NULL
);


ALTER TABLE public.wagtailcore_grouppagepermission OWNER TO app_user;

--
-- Name: wagtailcore_grouppagepermission_id_seq; Type: SEQUENCE; Schema: public; Owner: app_user
--

ALTER TABLE public.wagtailcore_grouppagepermission ALTER COLUMN id ADD GENERATED BY DEFAULT AS IDENTITY (
    SEQUENCE NAME public.wagtailcore_grouppagepermission_id_seq
    START WITH 1
    INCREMENT BY 1
    NO MINVALUE
    NO MAXVALUE
    CACHE 1
);


--
-- Name: wagtailcore_locale; Type: TABLE; Schema: public; Owner: app_user
--

CREATE TABLE public.wagtailcore_locale (
    id integer NOT NULL,
    language_code character varying(100) NOT NULL
);


ALTER TABLE public.wagtailcore_locale OWNER TO app_user;

--
-- Name: wagtailcore_locale_id_seq; Type: SEQUENCE; Schema: public; Owner: app_user
--

ALTER TABLE public.wagtailcore_locale ALTER COLUMN id ADD GENERATED BY DEFAULT AS IDENTITY (
    SEQUENCE NAME public.wagtailcore_locale_id_seq
    START WITH 1
    INCREMENT BY 1
    NO MINVALUE
    NO MAXVALUE
    CACHE 1
);


--
-- Name: wagtailcore_modellogentry; Type: TABLE; Schema: public; Owner: app_user
--

CREATE TABLE public.wagtailcore_modellogentry (
    id integer NOT NULL,
    label text NOT NULL,
    action character varying(255) NOT NULL,
    data jsonb NOT NULL,
    "timestamp" timestamp with time zone NOT NULL,
    content_changed boolean NOT NULL,
    deleted boolean NOT NULL,
    object_id character varying(255) NOT NULL,
    content_type_id integer,
    user_id integer,
    uuid uuid,
    revision_id integer
);


ALTER TABLE public.wagtailcore_modellogentry OWNER TO app_user;

--
-- Name: wagtailcore_modellogentry_id_seq; Type: SEQUENCE; Schema: public; Owner: app_user
--

ALTER TABLE public.wagtailcore_modellogentry ALTER COLUMN id ADD GENERATED BY DEFAULT AS IDENTITY (
    SEQUENCE NAME public.wagtailcore_modellogentry_id_seq
    START WITH 1
    INCREMENT BY 1
    NO MINVALUE
    NO MAXVALUE
    CACHE 1
);


--
-- Name: wagtailcore_page; Type: TABLE; Schema: public; Owner: app_user
--

CREATE TABLE public.wagtailcore_page (
    id integer NOT NULL,
    path character varying(255) NOT NULL COLLATE pg_catalog."C",
    depth integer NOT NULL,
    numchild integer NOT NULL,
    title character varying(255) NOT NULL,
    slug character varying(255) NOT NULL,
    live boolean NOT NULL,
    has_unpublished_changes boolean NOT NULL,
    url_path text NOT NULL,
    seo_title character varying(255) NOT NULL,
    show_in_menus boolean NOT NULL,
    search_description text NOT NULL,
    go_live_at timestamp with time zone,
    expire_at timestamp with time zone,
    expired boolean NOT NULL,
    content_type_id integer NOT NULL,
    owner_id integer,
    locked boolean NOT NULL,
    latest_revision_created_at timestamp with time zone,
    first_published_at timestamp with time zone,
    live_revision_id integer,
    last_published_at timestamp with time zone,
    draft_title character varying(255) NOT NULL,
    locked_at timestamp with time zone,
    locked_by_id integer,
    translation_key uuid NOT NULL,
    locale_id integer NOT NULL,
    alias_of_id integer,
    latest_revision_id integer,
    CONSTRAINT wagtailcore_page_depth_check CHECK ((depth >= 0)),
    CONSTRAINT wagtailcore_page_numchild_check CHECK ((numchild >= 0))
);


ALTER TABLE public.wagtailcore_page OWNER TO app_user;

--
-- Name: wagtailcore_page_id_seq; Type: SEQUENCE; Schema: public; Owner: app_user
--

ALTER TABLE public.wagtailcore_page ALTER COLUMN id ADD GENERATED BY DEFAULT AS IDENTITY (
    SEQUENCE NAME public.wagtailcore_page_id_seq
    START WITH 1
    INCREMENT BY 1
    NO MINVALUE
    NO MAXVALUE
    CACHE 1
);


--
-- Name: wagtailcore_pagelogentry; Type: TABLE; Schema: public; Owner: app_user
--

CREATE TABLE public.wagtailcore_pagelogentry (
    id integer NOT NULL,
    label text NOT NULL,
    action character varying(255) NOT NULL,
    data jsonb NOT NULL,
    "timestamp" timestamp with time zone NOT NULL,
    content_changed boolean NOT NULL,
    deleted boolean NOT NULL,
    content_type_id integer,
    page_id integer NOT NULL,
    revision_id integer,
    user_id integer,
    uuid uuid
);


ALTER TABLE public.wagtailcore_pagelogentry OWNER TO app_user;

--
-- Name: wagtailcore_pagelogentry_id_seq; Type: SEQUENCE; Schema: public; Owner: app_user
--

ALTER TABLE public.wagtailcore_pagelogentry ALTER COLUMN id ADD GENERATED BY DEFAULT AS IDENTITY (
    SEQUENCE NAME public.wagtailcore_pagelogentry_id_seq
    START WITH 1
    INCREMENT BY 1
    NO MINVALUE
    NO MAXVALUE
    CACHE 1
);


--
-- Name: wagtailcore_revision; Type: TABLE; Schema: public; Owner: app_user
--

CREATE TABLE public.wagtailcore_revision (
    id integer NOT NULL,
    submitted_for_moderation boolean NOT NULL,
    created_at timestamp with time zone NOT NULL,
    content jsonb NOT NULL,
    approved_go_live_at timestamp with time zone,
    object_id character varying(255) NOT NULL,
    user_id integer,
    content_type_id integer NOT NULL,
    base_content_type_id integer NOT NULL,
    object_str text NOT NULL
);


ALTER TABLE public.wagtailcore_revision OWNER TO app_user;

--
-- Name: wagtailcore_pagerevision_id_seq; Type: SEQUENCE; Schema: public; Owner: app_user
--

ALTER TABLE public.wagtailcore_revision ALTER COLUMN id ADD GENERATED BY DEFAULT AS IDENTITY (
    SEQUENCE NAME public.wagtailcore_pagerevision_id_seq
    START WITH 1
    INCREMENT BY 1
    NO MINVALUE
    NO MAXVALUE
    CACHE 1
);


--
-- Name: wagtailcore_pagesubscription; Type: TABLE; Schema: public; Owner: app_user
--

CREATE TABLE public.wagtailcore_pagesubscription (
    id integer NOT NULL,
    comment_notifications boolean NOT NULL,
    page_id integer NOT NULL,
    user_id integer NOT NULL
);


ALTER TABLE public.wagtailcore_pagesubscription OWNER TO app_user;

--
-- Name: wagtailcore_pagesubscription_id_seq; Type: SEQUENCE; Schema: public; Owner: app_user
--

ALTER TABLE public.wagtailcore_pagesubscription ALTER COLUMN id ADD GENERATED BY DEFAULT AS IDENTITY (
    SEQUENCE NAME public.wagtailcore_pagesubscription_id_seq
    START WITH 1
    INCREMENT BY 1
    NO MINVALUE
    NO MAXVALUE
    CACHE 1
);


--
-- Name: wagtailcore_pageviewrestriction; Type: TABLE; Schema: public; Owner: app_user
--

CREATE TABLE public.wagtailcore_pageviewrestriction (
    id integer NOT NULL,
    password character varying(255) NOT NULL,
    page_id integer NOT NULL,
    restriction_type character varying(20) NOT NULL
);


ALTER TABLE public.wagtailcore_pageviewrestriction OWNER TO app_user;

--
-- Name: wagtailcore_pageviewrestriction_groups; Type: TABLE; Schema: public; Owner: app_user
--

CREATE TABLE public.wagtailcore_pageviewrestriction_groups (
    id integer NOT NULL,
    pageviewrestriction_id integer NOT NULL,
    group_id integer NOT NULL
);


ALTER TABLE public.wagtailcore_pageviewrestriction_groups OWNER TO app_user;

--
-- Name: wagtailcore_pageviewrestriction_groups_id_seq; Type: SEQUENCE; Schema: public; Owner: app_user
--

ALTER TABLE public.wagtailcore_pageviewrestriction_groups ALTER COLUMN id ADD GENERATED BY DEFAULT AS IDENTITY (
    SEQUENCE NAME public.wagtailcore_pageviewrestriction_groups_id_seq
    START WITH 1
    INCREMENT BY 1
    NO MINVALUE
    NO MAXVALUE
    CACHE 1
);


--
-- Name: wagtailcore_pageviewrestriction_id_seq; Type: SEQUENCE; Schema: public; Owner: app_user
--

ALTER TABLE public.wagtailcore_pageviewrestriction ALTER COLUMN id ADD GENERATED BY DEFAULT AS IDENTITY (
    SEQUENCE NAME public.wagtailcore_pageviewrestriction_id_seq
    START WITH 1
    INCREMENT BY 1
    NO MINVALUE
    NO MAXVALUE
    CACHE 1
);


--
-- Name: wagtailcore_referenceindex; Type: TABLE; Schema: public; Owner: app_user
--

CREATE TABLE public.wagtailcore_referenceindex (
    id integer NOT NULL,
    object_id character varying(255) NOT NULL,
    to_object_id character varying(255) NOT NULL,
    model_path text NOT NULL,
    content_path text NOT NULL,
    content_path_hash uuid NOT NULL,
    base_content_type_id integer NOT NULL,
    content_type_id integer NOT NULL,
    to_content_type_id integer NOT NULL
);


ALTER TABLE public.wagtailcore_referenceindex OWNER TO app_user;

--
-- Name: wagtailcore_referenceindex_id_seq; Type: SEQUENCE; Schema: public; Owner: app_user
--

ALTER TABLE public.wagtailcore_referenceindex ALTER COLUMN id ADD GENERATED BY DEFAULT AS IDENTITY (
    SEQUENCE NAME public.wagtailcore_referenceindex_id_seq
    START WITH 1
    INCREMENT BY 1
    NO MINVALUE
    NO MAXVALUE
    CACHE 1
);


--
-- Name: wagtailcore_site; Type: TABLE; Schema: public; Owner: app_user
--

CREATE TABLE public.wagtailcore_site (
    id integer NOT NULL,
    hostname character varying(255) NOT NULL,
    port integer NOT NULL,
    is_default_site boolean NOT NULL,
    root_page_id integer NOT NULL,
    site_name character varying(255) NOT NULL
);


ALTER TABLE public.wagtailcore_site OWNER TO app_user;

--
-- Name: wagtailcore_site_id_seq; Type: SEQUENCE; Schema: public; Owner: app_user
--

ALTER TABLE public.wagtailcore_site ALTER COLUMN id ADD GENERATED BY DEFAULT AS IDENTITY (
    SEQUENCE NAME public.wagtailcore_site_id_seq
    START WITH 1
    INCREMENT BY 1
    NO MINVALUE
    NO MAXVALUE
    CACHE 1
);


--
-- Name: wagtailcore_task; Type: TABLE; Schema: public; Owner: app_user
--

CREATE TABLE public.wagtailcore_task (
    id integer NOT NULL,
    name character varying(255) NOT NULL,
    active boolean NOT NULL,
    content_type_id integer NOT NULL
);


ALTER TABLE public.wagtailcore_task OWNER TO app_user;

--
-- Name: wagtailcore_task_id_seq; Type: SEQUENCE; Schema: public; Owner: app_user
--

ALTER TABLE public.wagtailcore_task ALTER COLUMN id ADD GENERATED BY DEFAULT AS IDENTITY (
    SEQUENCE NAME public.wagtailcore_task_id_seq
    START WITH 1
    INCREMENT BY 1
    NO MINVALUE
    NO MAXVALUE
    CACHE 1
);


--
-- Name: wagtailcore_taskstate; Type: TABLE; Schema: public; Owner: app_user
--

CREATE TABLE public.wagtailcore_taskstate (
    id integer NOT NULL,
    status character varying(50) NOT NULL,
    started_at timestamp with time zone NOT NULL,
    finished_at timestamp with time zone,
    content_type_id integer NOT NULL,
    page_revision_id integer NOT NULL,
    task_id integer NOT NULL,
    workflow_state_id integer NOT NULL,
    finished_by_id integer,
    comment text NOT NULL
);


ALTER TABLE public.wagtailcore_taskstate OWNER TO app_user;

--
-- Name: wagtailcore_taskstate_id_seq; Type: SEQUENCE; Schema: public; Owner: app_user
--

ALTER TABLE public.wagtailcore_taskstate ALTER COLUMN id ADD GENERATED BY DEFAULT AS IDENTITY (
    SEQUENCE NAME public.wagtailcore_taskstate_id_seq
    START WITH 1
    INCREMENT BY 1
    NO MINVALUE
    NO MAXVALUE
    CACHE 1
);


--
-- Name: wagtailcore_workflow; Type: TABLE; Schema: public; Owner: app_user
--

CREATE TABLE public.wagtailcore_workflow (
    id integer NOT NULL,
    name character varying(255) NOT NULL,
    active boolean NOT NULL
);


ALTER TABLE public.wagtailcore_workflow OWNER TO app_user;

--
-- Name: wagtailcore_workflow_id_seq; Type: SEQUENCE; Schema: public; Owner: app_user
--

ALTER TABLE public.wagtailcore_workflow ALTER COLUMN id ADD GENERATED BY DEFAULT AS IDENTITY (
    SEQUENCE NAME public.wagtailcore_workflow_id_seq
    START WITH 1
    INCREMENT BY 1
    NO MINVALUE
    NO MAXVALUE
    CACHE 1
);


--
-- Name: wagtailcore_workflowpage; Type: TABLE; Schema: public; Owner: app_user
--

CREATE TABLE public.wagtailcore_workflowpage (
    page_id integer NOT NULL,
    workflow_id integer NOT NULL
);


ALTER TABLE public.wagtailcore_workflowpage OWNER TO app_user;

--
-- Name: wagtailcore_workflowstate; Type: TABLE; Schema: public; Owner: app_user
--

CREATE TABLE public.wagtailcore_workflowstate (
    id integer NOT NULL,
    status character varying(50) NOT NULL,
    created_at timestamp with time zone NOT NULL,
    current_task_state_id integer,
    page_id integer NOT NULL,
    requested_by_id integer,
    workflow_id integer NOT NULL
);


ALTER TABLE public.wagtailcore_workflowstate OWNER TO app_user;

--
-- Name: wagtailcore_workflowstate_id_seq; Type: SEQUENCE; Schema: public; Owner: app_user
--

ALTER TABLE public.wagtailcore_workflowstate ALTER COLUMN id ADD GENERATED BY DEFAULT AS IDENTITY (
    SEQUENCE NAME public.wagtailcore_workflowstate_id_seq
    START WITH 1
    INCREMENT BY 1
    NO MINVALUE
    NO MAXVALUE
    CACHE 1
);


--
-- Name: wagtailcore_workflowtask; Type: TABLE; Schema: public; Owner: app_user
--

CREATE TABLE public.wagtailcore_workflowtask (
    id integer NOT NULL,
    sort_order integer,
    task_id integer NOT NULL,
    workflow_id integer NOT NULL
);


ALTER TABLE public.wagtailcore_workflowtask OWNER TO app_user;

--
-- Name: wagtailcore_workflowtask_id_seq; Type: SEQUENCE; Schema: public; Owner: app_user
--

ALTER TABLE public.wagtailcore_workflowtask ALTER COLUMN id ADD GENERATED BY DEFAULT AS IDENTITY (
    SEQUENCE NAME public.wagtailcore_workflowtask_id_seq
    START WITH 1
    INCREMENT BY 1
    NO MINVALUE
    NO MAXVALUE
    CACHE 1
);


--
-- Name: wagtaildocs_document; Type: TABLE; Schema: public; Owner: app_user
--

CREATE TABLE public.wagtaildocs_document (
    id integer NOT NULL,
    title character varying(255) NOT NULL,
    file character varying(100) NOT NULL,
    created_at timestamp with time zone NOT NULL,
    uploaded_by_user_id integer,
    collection_id integer NOT NULL,
    file_size integer,
    file_hash character varying(40) NOT NULL,
    CONSTRAINT wagtaildocs_document_file_size_check CHECK ((file_size >= 0))
);


ALTER TABLE public.wagtaildocs_document OWNER TO app_user;

--
-- Name: wagtaildocs_document_id_seq; Type: SEQUENCE; Schema: public; Owner: app_user
--

ALTER TABLE public.wagtaildocs_document ALTER COLUMN id ADD GENERATED BY DEFAULT AS IDENTITY (
    SEQUENCE NAME public.wagtaildocs_document_id_seq
    START WITH 1
    INCREMENT BY 1
    NO MINVALUE
    NO MAXVALUE
    CACHE 1
);


--
-- Name: wagtaildocs_uploadeddocument; Type: TABLE; Schema: public; Owner: app_user
--

CREATE TABLE public.wagtaildocs_uploadeddocument (
    id integer NOT NULL,
    file character varying(200) NOT NULL,
    uploaded_by_user_id integer
);


ALTER TABLE public.wagtaildocs_uploadeddocument OWNER TO app_user;

--
-- Name: wagtaildocs_uploadeddocument_id_seq; Type: SEQUENCE; Schema: public; Owner: app_user
--

ALTER TABLE public.wagtaildocs_uploadeddocument ALTER COLUMN id ADD GENERATED BY DEFAULT AS IDENTITY (
    SEQUENCE NAME public.wagtaildocs_uploadeddocument_id_seq
    START WITH 1
    INCREMENT BY 1
    NO MINVALUE
    NO MAXVALUE
    CACHE 1
);


--
-- Name: wagtailembeds_embed; Type: TABLE; Schema: public; Owner: app_user
--

CREATE TABLE public.wagtailembeds_embed (
    id integer NOT NULL,
    url text NOT NULL,
    max_width smallint,
    type character varying(10) NOT NULL,
    html text NOT NULL,
    title text NOT NULL,
    author_name text NOT NULL,
    provider_name text NOT NULL,
    thumbnail_url text NOT NULL,
    width integer,
    height integer,
    last_updated timestamp with time zone NOT NULL,
    hash character varying(32) NOT NULL,
    cache_until timestamp with time zone
);


ALTER TABLE public.wagtailembeds_embed OWNER TO app_user;

--
-- Name: wagtailembeds_embed_id_seq; Type: SEQUENCE; Schema: public; Owner: app_user
--

ALTER TABLE public.wagtailembeds_embed ALTER COLUMN id ADD GENERATED BY DEFAULT AS IDENTITY (
    SEQUENCE NAME public.wagtailembeds_embed_id_seq
    START WITH 1
    INCREMENT BY 1
    NO MINVALUE
    NO MAXVALUE
    CACHE 1
);


--
-- Name: wagtailforms_formsubmission; Type: TABLE; Schema: public; Owner: app_user
--

CREATE TABLE public.wagtailforms_formsubmission (
    id integer NOT NULL,
    form_data jsonb NOT NULL,
    submit_time timestamp with time zone NOT NULL,
    page_id integer NOT NULL
);


ALTER TABLE public.wagtailforms_formsubmission OWNER TO app_user;

--
-- Name: wagtailforms_formsubmission_id_seq; Type: SEQUENCE; Schema: public; Owner: app_user
--

ALTER TABLE public.wagtailforms_formsubmission ALTER COLUMN id ADD GENERATED BY DEFAULT AS IDENTITY (
    SEQUENCE NAME public.wagtailforms_formsubmission_id_seq
    START WITH 1
    INCREMENT BY 1
    NO MINVALUE
    NO MAXVALUE
    CACHE 1
);


--
-- Name: wagtailimages_image; Type: TABLE; Schema: public; Owner: app_user
--

CREATE TABLE public.wagtailimages_image (
    id integer NOT NULL,
    title character varying(255) NOT NULL,
    file character varying(100) NOT NULL,
    width integer NOT NULL,
    height integer NOT NULL,
    created_at timestamp with time zone NOT NULL,
    focal_point_x integer,
    focal_point_y integer,
    focal_point_width integer,
    focal_point_height integer,
    uploaded_by_user_id integer,
    file_size integer,
    collection_id integer NOT NULL,
    file_hash character varying(40) NOT NULL,
    CONSTRAINT wagtailimages_image_file_size_check CHECK ((file_size >= 0)),
    CONSTRAINT wagtailimages_image_focal_point_height_check CHECK ((focal_point_height >= 0)),
    CONSTRAINT wagtailimages_image_focal_point_width_check CHECK ((focal_point_width >= 0)),
    CONSTRAINT wagtailimages_image_focal_point_x_check CHECK ((focal_point_x >= 0)),
    CONSTRAINT wagtailimages_image_focal_point_y_check CHECK ((focal_point_y >= 0))
);


ALTER TABLE public.wagtailimages_image OWNER TO app_user;

--
-- Name: wagtailimages_image_id_seq; Type: SEQUENCE; Schema: public; Owner: app_user
--

ALTER TABLE public.wagtailimages_image ALTER COLUMN id ADD GENERATED BY DEFAULT AS IDENTITY (
    SEQUENCE NAME public.wagtailimages_image_id_seq
    START WITH 1
    INCREMENT BY 1
    NO MINVALUE
    NO MAXVALUE
    CACHE 1
);


--
-- Name: wagtailimages_rendition; Type: TABLE; Schema: public; Owner: app_user
--

CREATE TABLE public.wagtailimages_rendition (
    id integer NOT NULL,
    file character varying(100) NOT NULL,
    width integer NOT NULL,
    height integer NOT NULL,
    focal_point_key character varying(16) NOT NULL,
    filter_spec character varying(255) NOT NULL,
    image_id integer NOT NULL
);


ALTER TABLE public.wagtailimages_rendition OWNER TO app_user;

--
-- Name: wagtailimages_rendition_id_seq; Type: SEQUENCE; Schema: public; Owner: app_user
--

ALTER TABLE public.wagtailimages_rendition ALTER COLUMN id ADD GENERATED BY DEFAULT AS IDENTITY (
    SEQUENCE NAME public.wagtailimages_rendition_id_seq
    START WITH 1
    INCREMENT BY 1
    NO MINVALUE
    NO MAXVALUE
    CACHE 1
);


--
-- Name: wagtailimages_uploadedimage; Type: TABLE; Schema: public; Owner: app_user
--

CREATE TABLE public.wagtailimages_uploadedimage (
    id integer NOT NULL,
    file character varying(200) NOT NULL,
    uploaded_by_user_id integer
);


ALTER TABLE public.wagtailimages_uploadedimage OWNER TO app_user;

--
-- Name: wagtailimages_uploadedimage_id_seq; Type: SEQUENCE; Schema: public; Owner: app_user
--

ALTER TABLE public.wagtailimages_uploadedimage ALTER COLUMN id ADD GENERATED BY DEFAULT AS IDENTITY (
    SEQUENCE NAME public.wagtailimages_uploadedimage_id_seq
    START WITH 1
    INCREMENT BY 1
    NO MINVALUE
    NO MAXVALUE
    CACHE 1
);


--
-- Name: wagtailredirects_redirect; Type: TABLE; Schema: public; Owner: app_user
--

CREATE TABLE public.wagtailredirects_redirect (
    id integer NOT NULL,
    old_path character varying(255) NOT NULL,
    is_permanent boolean NOT NULL,
    redirect_link character varying(255) NOT NULL,
    redirect_page_id integer,
    site_id integer,
    automatically_created boolean NOT NULL,
    created_at timestamp with time zone,
    redirect_page_route_path character varying(255) NOT NULL
);


ALTER TABLE public.wagtailredirects_redirect OWNER TO app_user;

--
-- Name: wagtailredirects_redirect_id_seq; Type: SEQUENCE; Schema: public; Owner: app_user
--

ALTER TABLE public.wagtailredirects_redirect ALTER COLUMN id ADD GENERATED BY DEFAULT AS IDENTITY (
    SEQUENCE NAME public.wagtailredirects_redirect_id_seq
    START WITH 1
    INCREMENT BY 1
    NO MINVALUE
    NO MAXVALUE
    CACHE 1
);


--
-- Name: wagtailsearch_indexentry; Type: TABLE; Schema: public; Owner: app_user
--

CREATE TABLE public.wagtailsearch_indexentry (
    id integer NOT NULL,
    object_id character varying(50) NOT NULL,
    title_norm double precision NOT NULL,
    content_type_id integer NOT NULL,
    autocomplete tsvector NOT NULL,
    title tsvector NOT NULL,
    body tsvector NOT NULL
);


ALTER TABLE public.wagtailsearch_indexentry OWNER TO app_user;

--
-- Name: wagtailsearch_indexentry_id_seq; Type: SEQUENCE; Schema: public; Owner: app_user
--

ALTER TABLE public.wagtailsearch_indexentry ALTER COLUMN id ADD GENERATED BY DEFAULT AS IDENTITY (
    SEQUENCE NAME public.wagtailsearch_indexentry_id_seq
    START WITH 1
    INCREMENT BY 1
    NO MINVALUE
    NO MAXVALUE
    CACHE 1
);


--
-- Name: wagtailsearch_query; Type: TABLE; Schema: public; Owner: app_user
--

CREATE TABLE public.wagtailsearch_query (
    id integer NOT NULL,
    query_string character varying(255) NOT NULL
);


ALTER TABLE public.wagtailsearch_query OWNER TO app_user;

--
-- Name: wagtailsearch_query_id_seq; Type: SEQUENCE; Schema: public; Owner: app_user
--

ALTER TABLE public.wagtailsearch_query ALTER COLUMN id ADD GENERATED BY DEFAULT AS IDENTITY (
    SEQUENCE NAME public.wagtailsearch_query_id_seq
    START WITH 1
    INCREMENT BY 1
    NO MINVALUE
    NO MAXVALUE
    CACHE 1
);


--
-- Name: wagtailsearch_querydailyhits; Type: TABLE; Schema: public; Owner: app_user
--

CREATE TABLE public.wagtailsearch_querydailyhits (
    id integer NOT NULL,
    date date NOT NULL,
    hits integer NOT NULL,
    query_id integer NOT NULL
);


ALTER TABLE public.wagtailsearch_querydailyhits OWNER TO app_user;

--
-- Name: wagtailsearch_querydailyhits_id_seq; Type: SEQUENCE; Schema: public; Owner: app_user
--

ALTER TABLE public.wagtailsearch_querydailyhits ALTER COLUMN id ADD GENERATED BY DEFAULT AS IDENTITY (
    SEQUENCE NAME public.wagtailsearch_querydailyhits_id_seq
    START WITH 1
    INCREMENT BY 1
    NO MINVALUE
    NO MAXVALUE
    CACHE 1
);


--
-- Name: wagtailsearchpromotions_searchpromotion; Type: TABLE; Schema: public; Owner: app_user
--

CREATE TABLE public.wagtailsearchpromotions_searchpromotion (
    id integer NOT NULL,
    sort_order integer,
    description text NOT NULL,
    page_id integer NOT NULL,
    query_id integer NOT NULL
);


ALTER TABLE public.wagtailsearchpromotions_searchpromotion OWNER TO app_user;

--
-- Name: wagtailsearchpromotions_searchpromotion_id_seq; Type: SEQUENCE; Schema: public; Owner: app_user
--

ALTER TABLE public.wagtailsearchpromotions_searchpromotion ALTER COLUMN id ADD GENERATED BY DEFAULT AS IDENTITY (
    SEQUENCE NAME public.wagtailsearchpromotions_searchpromotion_id_seq
    START WITH 1
    INCREMENT BY 1
    NO MINVALUE
    NO MAXVALUE
    CACHE 1
);


--
-- Name: wagtailusers_userprofile; Type: TABLE; Schema: public; Owner: app_user
--

CREATE TABLE public.wagtailusers_userprofile (
    id integer NOT NULL,
    submitted_notifications boolean NOT NULL,
    approved_notifications boolean NOT NULL,
    rejected_notifications boolean NOT NULL,
    user_id integer NOT NULL,
    preferred_language character varying(10) NOT NULL,
    current_time_zone character varying(40) NOT NULL,
    avatar character varying(100) NOT NULL,
    updated_comments_notifications boolean NOT NULL,
    dismissibles jsonb NOT NULL
);


ALTER TABLE public.wagtailusers_userprofile OWNER TO app_user;

--
-- Name: wagtailusers_userprofile_id_seq; Type: SEQUENCE; Schema: public; Owner: app_user
--

ALTER TABLE public.wagtailusers_userprofile ALTER COLUMN id ADD GENERATED BY DEFAULT AS IDENTITY (
    SEQUENCE NAME public.wagtailusers_userprofile_id_seq
    START WITH 1
    INCREMENT BY 1
    NO MINVALUE
    NO MAXVALUE
    CACHE 1
);


--
-- Data for Name: auth_group; Type: TABLE DATA; Schema: public; Owner: app_user
--

COPY public.auth_group (id, name) FROM stdin;
1	Moderators
2	Editors
\.


--
-- Data for Name: auth_group_permissions; Type: TABLE DATA; Schema: public; Owner: app_user
--

COPY public.auth_group_permissions (id, group_id, permission_id) FROM stdin;
1	1	1
2	1	2
3	1	3
4	2	1
5	2	2
6	2	3
7	1	5
8	2	5
9	1	8
10	1	6
11	1	7
12	2	8
13	2	6
14	2	7
\.


--
-- Data for Name: auth_permission; Type: TABLE DATA; Schema: public; Owner: app_user
--

COPY public.auth_permission (id, name, content_type_id, codename) FROM stdin;
1	Can add image	3	add_image
2	Can change image	3	change_image
3	Can delete image	3	delete_image
4	Can choose image	3	choose_image
5	Can access Wagtail admin	4	access_admin
6	Can add document	5	add_document
7	Can change document	5	change_document
8	Can delete document	5	delete_document
9	Can choose document	5	choose_document
10	Can add footer text	6	add_footertext
11	Can change footer text	6	change_footertext
12	Can delete footer text	6	delete_footertext
13	Can view footer text	6	view_footertext
14	Can add form field	7	add_formfield
15	Can change form field	7	change_formfield
16	Can delete form field	7	delete_formfield
17	Can view form field	7	view_formfield
18	Can add form page	8	add_formpage
19	Can change form page	8	change_formpage
20	Can delete form page	8	delete_formpage
21	Can view form page	8	view_formpage
22	Can add gallery page	9	add_gallerypage
23	Can change gallery page	9	change_gallerypage
24	Can delete gallery page	9	delete_gallerypage
25	Can view gallery page	9	view_gallerypage
26	Can add home page	10	add_homepage
27	Can change home page	10	change_homepage
28	Can delete home page	10	delete_homepage
29	Can view home page	10	view_homepage
30	Can add standard page	11	add_standardpage
31	Can change standard page	11	change_standardpage
32	Can delete standard page	11	delete_standardpage
33	Can view standard page	11	view_standardpage
34	Can add Person	12	add_person
35	Can change Person	12	change_person
36	Can delete Person	12	delete_person
37	Can view Person	12	view_person
38	Can add blog index page	13	add_blogindexpage
39	Can change blog index page	13	change_blogindexpage
40	Can delete blog index page	13	delete_blogindexpage
41	Can view blog index page	13	view_blogindexpage
42	Can add blog page	14	add_blogpage
43	Can change blog page	14	change_blogpage
44	Can delete blog page	14	delete_blogpage
45	Can view blog page	14	view_blogpage
46	Can add blog page tag	15	add_blogpagetag
47	Can change blog page tag	15	change_blogpagetag
48	Can delete blog page tag	15	delete_blogpagetag
49	Can view blog page tag	15	view_blogpagetag
50	Can add blog person relationship	16	add_blogpersonrelationship
51	Can change blog person relationship	16	change_blogpersonrelationship
52	Can delete blog person relationship	16	delete_blogpersonrelationship
53	Can view blog person relationship	16	view_blogpersonrelationship
54	Can add bread ingredient	17	add_breadingredient
55	Can change bread ingredient	17	change_breadingredient
56	Can delete bread ingredient	17	delete_breadingredient
57	Can view bread ingredient	17	view_breadingredient
58	Can add bread page	18	add_breadpage
59	Can change bread page	18	change_breadpage
60	Can delete bread page	18	delete_breadpage
61	Can view bread page	18	view_breadpage
62	Can add breads index page	19	add_breadsindexpage
63	Can change breads index page	19	change_breadsindexpage
64	Can delete breads index page	19	delete_breadsindexpage
65	Can view breads index page	19	view_breadsindexpage
66	Can add bread type	20	add_breadtype
67	Can change bread type	20	change_breadtype
68	Can delete bread type	20	delete_breadtype
69	Can view bread type	20	view_breadtype
70	Can add country	21	add_country
71	Can change country	21	change_country
72	Can delete country	21	delete_country
73	Can view country	21	view_country
74	Can add location operating hours	22	add_locationoperatinghours
75	Can change location operating hours	22	change_locationoperatinghours
76	Can delete location operating hours	22	delete_locationoperatinghours
77	Can view location operating hours	22	view_locationoperatinghours
78	Can add location page	23	add_locationpage
79	Can change location page	23	change_locationpage
80	Can delete location page	23	delete_locationpage
81	Can view location page	23	view_locationpage
82	Can add locations index page	24	add_locationsindexpage
83	Can change locations index page	24	change_locationsindexpage
84	Can delete locations index page	24	delete_locationsindexpage
85	Can view locations index page	24	view_locationsindexpage
86	Can add recipe index page	25	add_recipeindexpage
87	Can change recipe index page	25	change_recipeindexpage
88	Can delete recipe index page	25	delete_recipeindexpage
89	Can view recipe index page	25	view_recipeindexpage
90	Can add recipe page	26	add_recipepage
91	Can change recipe page	26	change_recipepage
92	Can delete recipe page	26	delete_recipepage
93	Can view recipe page	26	view_recipepage
94	Can add recipe person relationship	27	add_recipepersonrelationship
95	Can change recipe person relationship	27	change_recipepersonrelationship
96	Can delete recipe person relationship	27	delete_recipepersonrelationship
97	Can view recipe person relationship	27	view_recipepersonrelationship
98	Can add search promotion	28	add_searchpromotion
99	Can change search promotion	28	change_searchpromotion
100	Can delete search promotion	28	delete_searchpromotion
101	Can view search promotion	28	view_searchpromotion
102	Can add form submission	29	add_formsubmission
103	Can change form submission	29	change_formsubmission
104	Can delete form submission	29	delete_formsubmission
105	Can view form submission	29	view_formsubmission
106	Can add redirect	30	add_redirect
107	Can change redirect	30	change_redirect
108	Can delete redirect	30	delete_redirect
109	Can view redirect	30	view_redirect
110	Can add embed	31	add_embed
111	Can change embed	31	change_embed
112	Can delete embed	31	delete_embed
113	Can view embed	31	view_embed
114	Can add user profile	32	add_userprofile
115	Can change user profile	32	change_userprofile
116	Can delete user profile	32	delete_userprofile
117	Can view user profile	32	view_userprofile
118	Can view document	5	view_document
119	Can add uploaded document	33	add_uploadeddocument
120	Can change uploaded document	33	change_uploadeddocument
121	Can delete uploaded document	33	delete_uploadeddocument
122	Can view uploaded document	33	view_uploadeddocument
123	Can view image	3	view_image
124	Can add rendition	34	add_rendition
125	Can change rendition	34	change_rendition
126	Can delete rendition	34	delete_rendition
127	Can view rendition	34	view_rendition
128	Can add uploaded image	35	add_uploadedimage
129	Can change uploaded image	35	change_uploadedimage
130	Can delete uploaded image	35	delete_uploadedimage
131	Can view uploaded image	35	view_uploadedimage
132	Can add query	36	add_query
133	Can change query	36	change_query
134	Can delete query	36	delete_query
135	Can view query	36	view_query
136	Can add Query Daily Hits	37	add_querydailyhits
137	Can change Query Daily Hits	37	change_querydailyhits
138	Can delete Query Daily Hits	37	delete_querydailyhits
139	Can view Query Daily Hits	37	view_querydailyhits
140	Can add index entry	38	add_indexentry
141	Can change index entry	38	change_indexentry
142	Can delete index entry	38	delete_indexentry
143	Can view index entry	38	view_indexentry
144	Can submit translations	39	submit_translation
145	Can add page	1	add_page
146	Can change page	1	change_page
147	Can delete page	1	delete_page
148	Can view page	1	view_page
149	Can add group page permission	40	add_grouppagepermission
150	Can change group page permission	40	change_grouppagepermission
151	Can delete group page permission	40	delete_grouppagepermission
152	Can view group page permission	40	view_grouppagepermission
153	Can add page view restriction	41	add_pageviewrestriction
154	Can change page view restriction	41	change_pageviewrestriction
155	Can delete page view restriction	41	delete_pageviewrestriction
156	Can view page view restriction	41	view_pageviewrestriction
157	Can add site	42	add_site
158	Can change site	42	change_site
159	Can delete site	42	delete_site
160	Can view site	42	view_site
161	Can add collection	43	add_collection
162	Can change collection	43	change_collection
163	Can delete collection	43	delete_collection
164	Can view collection	43	view_collection
165	Can add group collection permission	44	add_groupcollectionpermission
166	Can change group collection permission	44	change_groupcollectionpermission
167	Can delete group collection permission	44	delete_groupcollectionpermission
168	Can view group collection permission	44	view_groupcollectionpermission
169	Can add collection view restriction	45	add_collectionviewrestriction
170	Can change collection view restriction	45	change_collectionviewrestriction
171	Can delete collection view restriction	45	delete_collectionviewrestriction
172	Can view collection view restriction	45	view_collectionviewrestriction
173	Can add task	46	add_task
174	Can change task	46	change_task
175	Can delete task	46	delete_task
176	Can view task	46	view_task
177	Can add Task state	47	add_taskstate
178	Can change Task state	47	change_taskstate
179	Can delete Task state	47	delete_taskstate
180	Can view Task state	47	view_taskstate
181	Can add workflow	48	add_workflow
182	Can change workflow	48	change_workflow
183	Can delete workflow	48	delete_workflow
184	Can view workflow	48	view_workflow
185	Can add Group approval task	2	add_groupapprovaltask
186	Can change Group approval task	2	change_groupapprovaltask
187	Can delete Group approval task	2	delete_groupapprovaltask
188	Can view Group approval task	2	view_groupapprovaltask
189	Can add Workflow state	49	add_workflowstate
190	Can change Workflow state	49	change_workflowstate
191	Can delete Workflow state	49	delete_workflowstate
192	Can view Workflow state	49	view_workflowstate
193	Can add workflow page	50	add_workflowpage
194	Can change workflow page	50	change_workflowpage
195	Can delete workflow page	50	delete_workflowpage
196	Can view workflow page	50	view_workflowpage
197	Can add workflow task order	51	add_workflowtask
198	Can change workflow task order	51	change_workflowtask
199	Can delete workflow task order	51	delete_workflowtask
200	Can view workflow task order	51	view_workflowtask
201	Can add page log entry	52	add_pagelogentry
202	Can change page log entry	52	change_pagelogentry
203	Can delete page log entry	52	delete_pagelogentry
204	Can view page log entry	52	view_pagelogentry
205	Can add locale	53	add_locale
206	Can change locale	53	change_locale
207	Can delete locale	53	delete_locale
208	Can view locale	53	view_locale
209	Can add comment	54	add_comment
210	Can change comment	54	change_comment
211	Can delete comment	54	delete_comment
212	Can view comment	54	view_comment
213	Can add comment reply	55	add_commentreply
214	Can change comment reply	55	change_commentreply
215	Can delete comment reply	55	delete_commentreply
216	Can view comment reply	55	view_commentreply
217	Can add page subscription	56	add_pagesubscription
218	Can change page subscription	56	change_pagesubscription
219	Can delete page subscription	56	delete_pagesubscription
220	Can view page subscription	56	view_pagesubscription
221	Can add model log entry	57	add_modellogentry
222	Can change model log entry	57	change_modellogentry
223	Can delete model log entry	57	delete_modellogentry
224	Can view model log entry	57	view_modellogentry
225	Can add revision	58	add_revision
226	Can change revision	58	change_revision
227	Can delete revision	58	delete_revision
228	Can view revision	58	view_revision
229	Can add reference index	59	add_referenceindex
230	Can change reference index	59	change_referenceindex
231	Can delete reference index	59	delete_referenceindex
232	Can view reference index	59	view_referenceindex
233	Can add tag	60	add_tag
234	Can change tag	60	change_tag
235	Can delete tag	60	delete_tag
236	Can view tag	60	view_tag
237	Can add tagged item	61	add_taggeditem
238	Can change tagged item	61	change_taggeditem
239	Can delete tagged item	61	delete_taggeditem
240	Can view tagged item	61	view_taggeditem
241	Can add log entry	62	add_logentry
242	Can change log entry	62	change_logentry
243	Can delete log entry	62	delete_logentry
244	Can view log entry	62	view_logentry
245	Can add permission	63	add_permission
246	Can change permission	63	change_permission
247	Can delete permission	63	delete_permission
248	Can view permission	63	view_permission
249	Can add group	64	add_group
250	Can change group	64	change_group
251	Can delete group	64	delete_group
252	Can view group	64	view_group
253	Can add user	65	add_user
254	Can change user	65	change_user
255	Can delete user	65	delete_user
256	Can view user	65	view_user
257	Can add content type	66	add_contenttype
258	Can change content type	66	change_contenttype
259	Can delete content type	66	delete_contenttype
260	Can view content type	66	view_contenttype
261	Can add session	67	add_session
262	Can change session	67	change_session
263	Can delete session	67	delete_session
264	Can view session	67	view_session
\.


--
-- Data for Name: auth_user; Type: TABLE DATA; Schema: public; Owner: app_user
--

COPY public.auth_user (id, password, last_login, is_superuser, username, first_name, last_name, email, is_staff, is_active, date_joined) FROM stdin;
3	pbkdf2_sha256$30000$eIoVnauBvLhA$aPWJSlHK+F/rW7SKunxJ/RnXNQHx0uh6K/kVRyPn0XY=	2019-04-23 19:58:19.46+00	t	admin	Admin	User	admin@example.com	t	t	2019-02-17 07:37:53.7+00
\.


--
-- Data for Name: auth_user_groups; Type: TABLE DATA; Schema: public; Owner: app_user
--

COPY public.auth_user_groups (id, user_id, group_id) FROM stdin;
\.


--
-- Data for Name: auth_user_user_permissions; Type: TABLE DATA; Schema: public; Owner: app_user
--

COPY public.auth_user_user_permissions (id, user_id, permission_id) FROM stdin;
\.


--
-- Data for Name: base_footertext; Type: TABLE DATA; Schema: public; Owner: app_user
--

COPY public.base_footertext (id, body, expire_at, expired, first_published_at, go_live_at, has_unpublished_changes, last_published_at, latest_revision_id, live, live_revision_id) FROM stdin;
1	<p>Copyright <b>The Wagtail Bakery</b>, 2019. All rights reserved.<br/><i>"If you read a lot you're well read / If you eat a lot you're well bread."</i></p>	\N	f	\N	\N	f	\N	\N	t	\N
\.


--
-- Data for Name: base_formfield; Type: TABLE DATA; Schema: public; Owner: app_user
--

COPY public.base_formfield (id, sort_order, label, field_type, required, choices, default_value, help_text, page_id, clean_name) FROM stdin;
1	0	Subject	singleline	t				69	subject
2	1	Your Name	singleline	t				69	your_name
3	2	Your Email	email	t		you@example.com		69	your_email
4	3	Purpose	dropdown	t	Comment, Question, Feedback			69	purpose
5	4	Body	multiline	t			What's on your mind?	69	body
\.


--
-- Data for Name: base_formpage; Type: TABLE DATA; Schema: public; Owner: app_user
--

COPY public.base_formpage (page_ptr_id, to_address, from_address, subject, body, thank_you_text, image_id) FROM stdin;
69	us@example.com	you@example.com	Contact message from Wagtail Demo site	[{"id": "25a48aa0-7b9b-47a9-ac24-bce39baf0a6c", "type": "paragraph_block", "value": "<p>We'd love to hear from you! Drop us a line to let us know what you liked or didn't like about your recent store visit, or if you have comments or questions about this site.</p><p>This form is for demo purposes only - email goes nowhere. Developers: Edit the \\"To Address\\" field in the Form object in the Wagtail admin, and see the Email notes in the project readme to make your instance send live email.</p>"}]	<p>Thanks!</p><p>We've received your message and will get back to you shortly.</p>	\N
\.


--
-- Data for Name: base_gallerypage; Type: TABLE DATA; Schema: public; Owner: app_user
--

COPY public.base_gallerypage (page_ptr_id, introduction, body, collection_id, image_id) FROM stdin;
70	Some of our best-baked images, from around the world.	[]	2	23
\.


--
-- Data for Name: base_homepage; Type: TABLE DATA; Schema: public; Owner: app_user
--

COPY public.base_homepage (page_ptr_id, hero_text, hero_cta, body, promo_title, promo_text, featured_section_1_title, featured_section_2_title, featured_section_3_title, featured_section_1_id, featured_section_2_id, featured_section_3_id, hero_cta_link_id, image_id, promo_image_id) FROM stdin;
60	A sample site designed to demonstrate the capabilities of the Wagtail Content Management System.	Learn more about Wagtail	[{"id": "331ba9a8-8580-4bfb-b47f-73bb4ec40ec0", "type": "paragraph_block", "value": "<p><b>Bread</b>is a<a href=\\"https://en.wikipedia.org/wiki/Staple_food\\">staple food</a>prepared from a<a href=\\"https://en.wikipedia.org/wiki/Dough\\">dough</a>of<a href=\\"https://en.wikipedia.org/wiki/Flour\\">flour</a>and<a href=\\"https://en.wikipedia.org/wiki/Water\\">water</a>, usually by<a href=\\"https://en.wikipedia.org/wiki/Baking\\">baking</a>. Throughout recorded history it has been popular around the world and is one of the oldest artificial foods, having been of importance since the dawn of<a href=\\"https://en.wikipedia.org/wiki/Agriculture#History\\">agriculture</a>.</p><p>Proportions of types of flour and other ingredients vary widely, as do modes of preparation. As a result, types, shapes, sizes, and textures of breads differ around the world. Bread may be<a href=\\"https://en.wikipedia.org/wiki/Leaven\\">leavened</a>by processes such as reliance on naturally occurring<a href=\\"https://en.wikipedia.org/wiki/Sourdough\\">sourdough</a>microbes, chemicals, industrially produced yeast, or high-pressure aeration. Some bread is cooked before it can leaven, including for traditional or religious reasons. Non-cereal ingredients such as fruits, nuts and fats may be included. Commercial bread commonly contains additives to improve flavor, texture, color, shelf life, and ease of manufacturing.</p>"}]	Our most excellent bread	<p>There's a lot that we can say about our bread but frankly we think you need to taste it to believe it. Crafted from lines of Python, Django and the old staples of HTML, CSS and JS we think you'll love what we're baking. With our demonstrations across our fair Island you're never far from a treat. Come visit us whenever you're nearby.</p>	Breads	Locations	Blog	3	63	61	76	9	37
\.


--
-- Data for Name: base_person; Type: TABLE DATA; Schema: public; Owner: app_user
--

COPY public.base_person (id, first_name, last_name, job_title, image_id, expire_at, expired, first_published_at, go_live_at, has_unpublished_changes, last_published_at, latest_revision_id, live, live_revision_id) FROM stdin;
1	Roberta	Johnson	Editorial Manager	8	\N	f	\N	\N	f	\N	\N	t	\N
2	Olivia	Ava	Director	52	\N	f	\N	\N	f	\N	\N	t	\N
3	Lightnin'	Hopkins	Designer	53	\N	f	\N	\N	f	\N	\N	t	\N
4	Muddy	Waters	Assistant Editor	51	\N	f	\N	\N	f	\N	\N	t	\N
\.


--
-- Data for Name: base_standardpage; Type: TABLE DATA; Schema: public; Owner: app_user
--

COPY public.base_standardpage (page_ptr_id, introduction, body, image_id) FROM stdin;
76	Things to know about this demo site	[{"id": "c6629b9b-3e70-4e30-a00c-b1ab878c8df9", "type": "paragraph_block", "value": "<h2>Welcome to the Wagtail Demo Site!</h2><p>If you've gotten this far, congratulations - you're running an instance of a killer content management system written for and on top of Django, <i>the framework for perfectionists with deadlines.</i></p><p>What does Wagtail get you that Django alone does not?</p><p></p><ul><li>Focus on content creators/managers, rather than developers (but developer-friendly!)</li><li>\\"Page-centric\\" content modeling</li><li>Beautiful, modern, intuitive user interface optimized for content people</li><li>Super-powerful hierarchical content management (\\"content trees\\")</li><li>User- and group-based permissions system attached to content hierarchies</li><li>Flexible image resizing with a ton of image display helpers</li><li>Innovative \\"<a href=\\"https://torchbox.com/blog/rich-text-fields-and-faster-horses/\\">StreamFields</a>\\" as an alternative to traditional \\"anything goes\\" rich text fields</li><li>Intuitive choosers for embedded Pages, Images, Documents and other content</li><li>Native integration with ElasticSearch to help you build powerful search features</li><li>Template tags to help create image renditions, smart links, and to navigate content trees</li></ul><p>If you're new to Wagtail, there are two primary paths to learning:</p><p></p><ul><li>The source code that powers this demo site</li><li>The official <a href=\\"https://docs.wagtail.org/en/stable/getting_started/index.html\\">tutorial</a></li></ul><p></p><p></p>"}]	41
\.


--
-- Data for Name: blog_blogindexpage; Type: TABLE DATA; Schema: public; Owner: app_user
--

COPY public.blog_blogindexpage (page_ptr_id, introduction, image_id) FROM stdin;
61	Welcome to our blog	11
\.


--
-- Data for Name: blog_blogpage; Type: TABLE DATA; Schema: public; Owner: app_user
--

COPY public.blog_blogpage (page_ptr_id, introduction, body, subtitle, date_published, image_id) FROM stdin;
62	Yeasts, with their single-celled growth habit, can be contrasted with molds, which grow hyphae. Fungal species that can take both forms (depending on temperature or other conditions) are called dimorphic fungi ("dimorphic" means "having two forms").	[{"id": "e015f74c-47d0-4631-b768-fa20e5ec1deb", "type": "paragraph_block", "value": "<p>Yeasts are eukaryotic, single-celled microorganisms classified as members of the fungus kingdom. The yeast lineage[which?] originated hundreds of millions of years ago, and 1,500 species are currently identified.[1][2][3] They are estimated to constitute 1% of all described fungal species.[4] Yeasts are unicellular organisms which evolved from multicellular ancestors,[5] with some species having the ability to develop multicellular characteristics by forming strings of connected budding cells known as pseudohyphae or false hyphae.[6] Yeast sizes vary greatly, depending on species and environment, typically measuring 34 m in diameter, although some yeasts can grow to 40 m in size.[7] Most yeasts reproduce asexually by mitosis, and many do so by the asymmetric division process known as budding.</p><h3>Contrast with Molds</h3><p>Yeasts, with their single-celled growth habit, can be contrasted with molds, which grow hyphae. Fungal species that can take both forms (depending on temperature or other conditions) are called dimorphic fungi (\\"dimorphic\\" means \\"having two forms\\").<br/></p><p>By fermentation, the yeast species Saccharomyces cerevisiae converts carbohydrates to carbon dioxide and alcohols  for thousands of years the carbon dioxide has been used in baking and the alcohol in alcoholic beverages.[8] It is also a centrally important model organism in modern cell biology research, and is one of the most thoroughly researched eukaryotic microorganisms. Researchers have used it to gather information about the biology of the eukaryotic cell and ultimately human biology.[9] Other species of yeasts, such as Candida albicans, are opportunistic pathogens and can cause infections in humans. Yeasts have recently been used to generate electricity in microbial fuel cells,[10] and produce ethanol for the biofuel industry.<br/></p><p>Yeasts do not form a single taxonomic or phylogenetic grouping. The term \\"yeast\\" is often taken as a synonym for Saccharomyces cerevisiae,[11] but the phylogenetic diversity of yeasts is shown by their placement in two separate phyla: the Ascomycota and the Basidiomycota. The budding yeasts (\\"true yeasts\\") are classified in the order Saccharomycetales,[12] within the phylum Ascomycota.<br/></p>"}, {"id": "7e2a0b56-e8d7-46f1-920b-13a715dca209", "type": "image_block", "value": {"image": 39, "caption": "Raised Yummy", "attribution": "Creative Commons"}}]	The art of cultivating yeast	2019-01-12	21
68	Baking is a method of cooking food that uses prolonged dry heat, normally in an oven, but also in hot ashes, or on hot stones. The most common baked item is bread but many other types of foods are baked.	[{"id": "03f86cc1-3c67-4b94-872e-af9ff708e4e6", "type": "paragraph_block", "value": "<p>Heat is <b>gradually</b> transferred \\"from the surface of cakes, cookies, and breads to their centre. As heat travels through it transforms batters and doughs into baked goods with a firm dry crust and a softer centre\\".[2] Baking can be combined with grilling to produce a hybrid barbecue variant by using both methods simultaneously, or one after the other. Baking is related to barbecuing because the concept of the masonry oven is similar to that of a smoke pit.</p>"}, {"id": "7518f81f-6654-438c-8a4d-f36b3f7c27c9", "type": "image_block", "value": {"image": 24, "caption": "Soda Bread", "attribution": "Creative Commons"}}, {"id": "f245ff67-7a35-4bb0-91e5-e190ec4609d2", "type": "paragraph_block", "value": "<p>Because of historical social and familial roles,<a href=\\"https://en.wikipedia.org/wiki/Baking\\">baking</a>has traditionally been performed at home by women for domestic consumption and by men in bakeries and restaurants for local consumption. When production was industrialized, baking was automated by machines in large factories. The art of baking remains a fundamental skill and is important for nutrition, as baked goods, especially breads, are a common but important food, both from an economic and cultural point of view. A person who prepares baked goods as a profession is called a baker.</p>"}, {"id": "a3a480f6-d4e4-4f80-92c1-af97a9ee608d", "type": "image_block", "value": {"image": 12, "caption": "", "attribution": ""}}]	The art of baking	2019-02-14	22
72	Nordic bread culture has existed in Denmark, Finland, Norway, and Sweden from prehistoric time through to the present.	[{"id": "5a0af64d-01b0-4a7a-abc2-6ca6a7faab23", "type": "paragraph_block", "value": "<p>Four grain types dominated in the Nordic countries: barley and rye are the oldest; wheat and oats are more recent. During the Iron Age (500 AD  1050 AD), rye became the most commonly used grain, followed by barley and oats. Rye was also the most commonly used grain for bread up until the beginning of the 20th century. Today, older grain types such as emmer and spelt are once again being cultivated and new bread types are being developed from these grains.</p><p>Archaeological finds in Denmark indicate use of the two triticum (wheat) species, emmer and einkorn, during the Mesolithic Period (8900 BC  3900 BC). There is no direct evidence of bread-making, but cereals have been crushed, cooked and served as porridge since at least 4,200 BC. During the Neolithic Period (3900 BC  1800 BC), when agriculture was introduced, barley seems to have taken over to some extent, and ceramic plates apparently used for baking are found. Moulded cereals, with water added to make a dough and baked or fried in the shape of bread, are known as burial gifts in Iron Age graves (200 AD onwards) in the Mlardalen area of central Sweden. However, it is not certain that this bread was eaten; it could just have been a burial gift. During the Bronze Age (1800 BC  500 AD), oats and the triticum species spelt seem to have been the most commonly used grains, and we see the first real ovens, probably used for baking small loaves and perhaps the first bread (probably around 400 AD).</p><p><br/></p>"}, {"id": "103a747f-057a-4c95-9cbe-dfc57cf5107b", "type": "image_block", "value": {"image": 42, "caption": "Baking Soda", "attribution": "Creative Commons"}}, {"id": "d327ccf8-308d-4145-9f1f-0bac66a36276", "type": "paragraph_block", "value": "<p>Scandinavian soldiers in Roman times apparently learned baking techniques when working as mercenaries in the Roman army (200400 AD). They subsequently took the technique home with them to show that they had been employed in high status work on the continent[citation needed]. Early Christian traditions promoted an interest in bread. Culturally, German traditions have influenced most of the bread types in the Nordic countries. In the eastern part of Finland, there is a cultural link to Russia and Slavic bread traditions.</p><p>In the Nordic countries, bread was the main part of a meal until the late 18th century. Four different bread regions can be found in the Nordic area in the late 19th century. In the south, soft rye bread dominated. Further north came crisp bread, usually baked with rye, then thin and crispy barley bread. In the far north, soft barley loaves dominated. During the 19th century, potatoes began to become the centrepiece of meals and bread was put aside as an extra source of carbohydrates in a meal. Bread still retained its key function for breakfast, as the open sandwich is a starter for most Nordic people today and potatoes are used as a centrepiece in lunches and dinners.</p>"}, {"id": "244a26d0-eae0-4799-8fad-ef0501bdfcff", "type": "image_block", "value": {"image": 14, "caption": "Fresh baked", "attribution": "Creative Commons"}}, {"id": "e0755385-6cf2-4b57-8612-17d5d29fadb6", "type": "paragraph_block", "value": "<p>A history of Nordic bread from around 1000 AD and some contemporary types and bread innovations is presented below. Countries are presented in alphabetic order (Denmark, Finland, Iceland, Norway and Sweden). The names of the bread types are mostly given in both the contemporary national language and in English.</p>"}]	Viking bakeries and Norse donuts	2019-03-21	23
73	During the early years of European settlement of the Americas, settlers and some groups of Indigenous peoples of the Americas used soda or pearl ash, more commonly known as potash (pot ash) or potassium carbonate, as a leavening agent (the forerunner to baking soda) in quick breads.	[{"id": "dd7625bb-2b39-4729-a1e0-55c8f43473a4", "type": "paragraph_block", "value": "<p>Since it has long been known and is widely used, the salt has many related names such as baking soda, bread soda, cooking soda, and bicarbonate of soda. In colloquial usage, the names sodium bicarbonate and bicarbonate of soda are often truncated. Forms such as sodium bicarb, bicarb soda, bicarbonate, bicarb, or even bica are common. The word saleratus, from Latin <i>sal ratus</i> meaning \\"aerated salt\\", was widely used in the 19th century for both sodium bicarbonate and potassium bicarbonate.</p>"}, {"id": "200fa9e6-d5f2-493d-bbc2-df9bdaf731b7", "type": "image_block", "value": {"image": 15, "caption": "Fresh baked", "attribution": "Creative Commons"}}, {"id": "f05234bc-2ad4-40cd-990b-36e1172b8129", "type": "paragraph_block", "value": "<p>The prefix, bi, in bicarbonate comes from an outdated naming system and is based on the observation that there is twice as much carbonate (CO3) per sodium in<a href=\\"https://en.wikipedia.org/wiki/Sodium_bicarbonate\\">sodium bicarbonate</a>(NaHCO3) as there is carbonate per sodium in sodium carbonate (Na2CO3) and other carbonates. The modern way of analyzing the situation based on the exact chemical composition (which was unknown when the name sodium bicarbonate was coined) says this the other way around: there is half as much sodium in NaHCO3 as in Na2CO3 (Na versus Na2).</p>"}, {"id": "9d78ee98-13e7-44af-89c4-3a6ed989aaf3", "type": "image_block", "value": {"image": 37, "caption": "Cornucopia of Breads", "attribution": "Creative Commons"}}]	The ingredients of traditional soda bread are flour, bread soda, salt, and buttermilk.	2019-02-08	42
74	Sandwich bread (also referred to as sandwich loaf)  is bread that is prepared specifically to be used for the preparation of sandwiches.	[{"id": "6fbdf2bd-8994-40ed-b645-959e7dbf2d1e", "type": "paragraph_block", "value": "<p>Sandwich breads are produced in many varieties, such as white, whole wheat, sourdough, rye, multigrain and others. Sandwich bread may be formulated to slice easily,[8] cleanly or uniformly, and may have a fine crumb (the soft, inner part of bread) and a light texture.[4] Sandwich bread may be designed to have a balanced proportion of crumb and crust, whereby the bread holds and supports fillings in place and reduces drips and messiness. <a href=\\"https://en.wikipedia.org/wiki/Sandwich_bread\\">Some may be designed</a> to not become crumbly, hardened, dried or have too squishy a texture.</p>"}, {"id": "244030ba-e734-4c10-a819-4abac3dfdd21", "type": "block_quote", "value": {"text": "Vegetables are a must on a diet. I suggest carrot cake, zucchini bread, and pumpkin pie.", "attribute_name": "Jim Davis"}}, {"id": "9330b160-1111-4a25-b927-ec11a5fa10aa", "type": "image_block", "value": {"image": 35, "caption": "Belgian Waffle", "attribution": "Creative Commons"}}, {"id": "ef3345bb-a75c-4723-8662-15b006dae55e", "type": "paragraph_block", "value": "<p>Sandwich bread can refer to cross-sectionally square, sliced white and wheat bread, which has been described as \\"perfectly designed for holding square luncheon meat\\".[10] The bread used for preparing finger sandwiches is sometimes referred to as sandwich bread.[10] Pan de molde is a sandwich loaf.[11][12] Some sandwich breads are designed for use in the creation of specific types of sandwiches, such as the submarine sandwich.[13] For barbecuing, use of a high-quality white sandwich bread has been described as suitable for toasting over a fire.[14] Gluten-free sandwich bread may be prepared using gluten-free flour, teff flour.[15][16] and other ingredients.<br/></p><p>In the 1930s in the United States, the term sandwich loaf referred to sliced bread.[10] In contemporary times, U.S. consumers sometimes refer to white bread such as Wonder Bread as sandwich bread and sandwich loaf.[1] Wonder Bread produced and marketed a bread called Wonder Round sandwich bread, which was designed to be used with round-shaped cold cuts and other fillings such as eggs and hamburgers, but it was discontinued due to low consumer demand.[17] American sandwich breads have historically included some fat derived from the use of milk or oil to enrich the bread.</p>"}]	Innovation in the brick oven	2019-02-02	25
77	A Boston cream pie is a yellow butter cake that is filled with custard or cream and topped with chocolate glaze.	[{"id": "b793eb57-cf99-4c2e-abc5-e3d5a8ea486b", "type": "paragraph_block", "value": "<p data-block-key=\\"2t5ek\\">Despite its name, it is in fact a cake, and not a pie.[2] The dessert acquired its name when cakes and pies were cooked in the same pans, and the words were used interchangeably.[3] In the latter part of the 19th century, this type of cake was variously called a &quot;cream pie&quot;, a &quot;chocolate cream pie&quot;, or a &quot;custard cake&quot;.[3]</p><p data-block-key=\\"3lq30\\">Owners of the Parker House Hotel in Boston claim that the Boston cream pie was first created at the hotel by Armenian-French chef M. Sanzian in 1856.[4] Called a &quot;Chocolate Cream Pie&quot;, this cake consisted of two layers of French butter sponge cake filled with crme ptissire and brushed with a rum syrup, its side coated with crme ptissire overlain with toasted sliced almonds, and the top coated with chocolate fondant.[5] However, historians dispute this claim to primacy; while this cake may have been served then, there is no specific contemporaneous evidence of it, and custard-filled cake was already popular at that time.[3]</p>"}, {"id": "556e76b0-0f5a-42bb-b039-653f3d6b1f0b", "type": "image_block", "value": {"image": 15, "caption": "Central Bakery", "attribution": "Creative Commons"}}, {"id": "ac48af95-b3be-4602-8c2f-5c43fc080f17", "type": "paragraph_block", "value": "<p data-block-key=\\"lhqbi\\">The cake is likely derived from the Washington pie, a two-layer yellow cake filled with jam and topped with confectioner&#x27;s sugar, for which pastry cream of custard eventually replaced the jam, and a chocolate glaze replaced the confectioner&#x27;s sugar.[2] Today, the cake is topped with a chocolate glaze (such as ganache) and sometimes powdered sugar or a cherry.</p><p data-block-key=\\"oauyc\\">The name first appeared in the 1872 Methodist Almanac.[3] Another early printed use of the term &quot;Boston cream pie&quot; occurred in the Granite Iron Ware Cook Book, printed in 1878.[2] The earliest known recipe of the modern variant was printed in Miss Parloa&#x27;s Kitchen Companion in 1887 as &quot;Chocolate Cream Pie&quot;.[2]</p><p data-block-key=\\"11hv6\\">And on another note, here are cookies baking in the oven:</p><embed embedtype=\\"media\\" url=\\"https://www.youtube.com/watch?v=ofCHfv2lOTE\\"/><p data-block-key=\\"dlchc\\"></p>"}]	Banana toffee chocolate pie?	2019-02-24	43
\.


--
-- Data for Name: blog_blogpagetag; Type: TABLE DATA; Schema: public; Owner: app_user
--

COPY public.blog_blogpagetag (id, content_object_id, tag_id) FROM stdin;
52	62	3
53	62	4
76	74	10
77	74	7
87	68	3
88	68	13
89	72	8
90	72	4
94	73	8
95	73	9
96	73	3
97	77	11
\.


--
-- Data for Name: blog_blogpersonrelationship; Type: TABLE DATA; Schema: public; Owner: app_user
--

COPY public.blog_blogpersonrelationship (id, sort_order, page_id, person_id) FROM stdin;
2	0	62	1
3	0	68	2
4	0	72	3
5	0	73	3
6	0	74	1
7	1	74	3
8	1	73	1
9	0	77	2
\.


--
-- Data for Name: breads_breadingredient; Type: TABLE DATA; Schema: public; Owner: app_user
--

COPY public.breads_breadingredient (id, name, expire_at, expired, first_published_at, go_live_at, has_unpublished_changes, last_published_at, latest_revision_id, live, live_revision_id) FROM stdin;
1	Yeast	\N	f	\N	\N	f	\N	\N	t	\N
2	Flour	\N	f	\N	\N	f	\N	\N	t	\N
3	Water	\N	f	\N	\N	f	\N	\N	t	\N
4	Cinnamon	\N	f	\N	\N	f	\N	\N	t	\N
5	Salt	\N	f	\N	\N	f	\N	\N	t	\N
\.


--
-- Data for Name: breads_breadpage; Type: TABLE DATA; Schema: public; Owner: app_user
--

COPY public.breads_breadpage (page_ptr_id, introduction, body, bread_type_id, image_id, origin_id) FROM stdin;
34	It is not readily agreed exactly when or where the bread originated, except it existed before 1850 in Rockport, Massachusetts. It is thought to have come from the local fishing community, but it may have come through the Finnish community of local stonecutters.	[]	4	26	3
35	Anpan was first made in 1875, during the Meiji period, by a man called Yasubei Kimura, a samurai who lost his job with the rise of the conscript Imperial Army and the dissolution of the samurai as a social class.	[]	5	34	4
36	Appam is a type of pancake made with fermented rice batter and coconut milk. It is a common food in Kerala, Tamil Nadu and Sri Lanka. It is eaten most frequently for breakfast or dinner.	[]	6	28	5
37	Arepa  is a type of food made of ground maize dough or cooked flour prominent in the cuisine of Colombia and Venezuela.	[]	7	29	6
39	Though the origins of bagels are somewhat obscure, it is known that they were widely consumed in eastern European Jewish communities from the 17th century.	[]	4	30	8
40	A baguette has a diameter of about 5 or 6 centimetres  and a usual length of about 65 centimetres (26 in), although a baguette can be up to a metre (39 in) long.	[]	4	31	9
42	Bammies, like wheat bread and tortillas, are served at any meal or consumed as a snack.	[]	2	32	11
49	When consumed, bazin may be "crumpled and eaten with the fingers."	[]	11	33	18
53	Bhakri  is a round flat unleavened bread often used in the cuisine of the state of mainly Maharashtra, but also in Gujarat.	[]	14	40	21
57	Rye bread is a type of bread made with various proportions of flour from rye grain	[]	16	39	12
59	Perakai is made for special occasions like birthday parties, engagement parties or holidays.	[{"id": "90411c51-e84c-421e-aae0-d190e8430281", "type": "embed_block", "value": "https://www.youtube.com/watch?v=mwrGSfiB1Mg"}]	2	36	24
\.


--
-- Data for Name: breads_breadpage_ingredients; Type: TABLE DATA; Schema: public; Owner: app_user
--

COPY public.breads_breadpage_ingredients (id, breadpage_id, breadingredient_id) FROM stdin;
\.


--
-- Data for Name: breads_breadsindexpage; Type: TABLE DATA; Schema: public; Owner: app_user
--

COPY public.breads_breadsindexpage (page_ptr_id, introduction, image_id) FROM stdin;
3	We feature outlandishly delicious breads sourced from every continent (except Antarctica)	9
\.


--
-- Data for Name: breads_breadtype; Type: TABLE DATA; Schema: public; Owner: app_user
--

COPY public.breads_breadtype (id, title, latest_revision_id) FROM stdin;
1	asdf	\N
2	Flatbread	\N
3	Buckwheat bread	\N
4	Yeast bread	\N
5	Sweet bun	\N
6	Varies widely	\N
7	Cornbread	\N
8	Various thick, round breads	\N
9	Sweet bread	\N
10	Fruit bread	\N
11	Unleavened bread	\N
12	Quick or yeast bread	\N
13	Waffle	\N
14	Unleavened Flatbread	\N
15	Yeast bread or unleavened	\N
16	Rye bread	\N
17	Bun	\N
18	Pancake	\N
\.


--
-- Data for Name: breads_country; Type: TABLE DATA; Schema: public; Owner: app_user
--

COPY public.breads_country (id, title) FROM stdin;
1	Egypt
2	Slovenia
3	United States (New England)
4	Japan
5	India (Kerala)\nSri Lanka
6	South America (Northern)
7	China (Northwestern Yunnan, Naxi people)
8	Polish/Ashkenazi Jewish
9	France
10	Tibet (Central)
11	Jamaica
12	Scandinavia
13	United Kingdom (Scotland)
14	United Kingdom (Wales)
15	Iran\nAfghanistan (northwestern)
16	Ireland
17	Italy
18	Libya
19	Turkey
20	North America
21	India\nPakistan
22	Poland
23	China
24	Afghanistan
25	Portugal (Madeira)
\.


--
-- Data for Name: django_admin_log; Type: TABLE DATA; Schema: public; Owner: app_user
--

COPY public.django_admin_log (id, action_time, object_id, object_repr, action_flag, change_message, content_type_id, user_id) FROM stdin;
\.


--
-- Data for Name: django_content_type; Type: TABLE DATA; Schema: public; Owner: app_user
--

COPY public.django_content_type (id, app_label, model) FROM stdin;
1	wagtailcore	page
2	wagtailcore	groupapprovaltask
3	wagtailimages	image
4	wagtailadmin	admin
5	wagtaildocs	document
6	base	footertext
7	base	formfield
8	base	formpage
9	base	gallerypage
10	base	homepage
11	base	standardpage
12	base	person
13	blog	blogindexpage
14	blog	blogpage
15	blog	blogpagetag
16	blog	blogpersonrelationship
17	breads	breadingredient
18	breads	breadpage
19	breads	breadsindexpage
20	breads	breadtype
21	breads	country
22	locations	locationoperatinghours
23	locations	locationpage
24	locations	locationsindexpage
25	recipes	recipeindexpage
26	recipes	recipepage
27	recipes	recipepersonrelationship
28	wagtailsearchpromotions	searchpromotion
29	wagtailforms	formsubmission
30	wagtailredirects	redirect
31	wagtailembeds	embed
32	wagtailusers	userprofile
33	wagtaildocs	uploadeddocument
34	wagtailimages	rendition
35	wagtailimages	uploadedimage
36	wagtailsearch	query
37	wagtailsearch	querydailyhits
38	wagtailsearch	indexentry
39	simple_translation	simpletranslation
40	wagtailcore	grouppagepermission
41	wagtailcore	pageviewrestriction
42	wagtailcore	site
43	wagtailcore	collection
44	wagtailcore	groupcollectionpermission
45	wagtailcore	collectionviewrestriction
46	wagtailcore	task
47	wagtailcore	taskstate
48	wagtailcore	workflow
49	wagtailcore	workflowstate
50	wagtailcore	workflowpage
51	wagtailcore	workflowtask
52	wagtailcore	pagelogentry
53	wagtailcore	locale
54	wagtailcore	comment
55	wagtailcore	commentreply
56	wagtailcore	pagesubscription
57	wagtailcore	modellogentry
58	wagtailcore	revision
59	wagtailcore	referenceindex
60	taggit	tag
61	taggit	taggeditem
62	admin	logentry
63	auth	permission
64	auth	group
65	auth	user
66	contenttypes	contenttype
67	sessions	session
\.


--
-- Data for Name: django_migrations; Type: TABLE DATA; Schema: public; Owner: app_user
--

COPY public.django_migrations (id, app, name, applied) FROM stdin;
1	contenttypes	0001_initial	2023-02-06 13:12:23.451347+00
2	auth	0001_initial	2023-02-06 13:12:23.591487+00
3	admin	0001_initial	2023-02-06 13:12:23.625754+00
4	admin	0002_logentry_remove_auto_add	2023-02-06 13:12:23.63862+00
5	admin	0003_logentry_add_action_flag_choices	2023-02-06 13:12:23.647752+00
6	contenttypes	0002_remove_content_type_name	2023-02-06 13:12:23.66698+00
7	auth	0002_alter_permission_name_max_length	2023-02-06 13:12:23.675693+00
8	auth	0003_alter_user_email_max_length	2023-02-06 13:12:23.686702+00
9	auth	0004_alter_user_username_opts	2023-02-06 13:12:23.696476+00
10	auth	0005_alter_user_last_login_null	2023-02-06 13:12:23.705812+00
11	auth	0006_require_contenttypes_0002	2023-02-06 13:12:23.70921+00
12	auth	0007_alter_validators_add_error_messages	2023-02-06 13:12:23.721743+00
13	auth	0008_alter_user_username_max_length	2023-02-06 13:12:23.734789+00
14	auth	0009_alter_user_last_name_max_length	2023-02-06 13:12:23.743271+00
15	auth	0010_alter_group_name_max_length	2023-02-06 13:12:23.756386+00
16	auth	0011_update_proxy_permissions	2023-02-06 13:12:23.766161+00
17	auth	0012_alter_user_first_name_max_length	2023-02-06 13:12:23.774421+00
18	wagtailcore	0001_initial	2023-02-06 13:12:23.976708+00
19	wagtailcore	0002_initial_data	2023-02-06 13:12:23.981113+00
20	wagtailcore	0003_add_uniqueness_constraint_on_group_page_permission	2023-02-06 13:12:23.985118+00
21	wagtailcore	0004_page_locked	2023-02-06 13:12:23.989252+00
22	wagtailcore	0005_add_page_lock_permission_to_moderators	2023-02-06 13:12:23.993209+00
23	wagtailcore	0006_add_lock_page_permission	2023-02-06 13:12:23.997087+00
24	wagtailcore	0007_page_latest_revision_created_at	2023-02-06 13:12:24.001078+00
25	wagtailcore	0008_populate_latest_revision_created_at	2023-02-06 13:12:24.00498+00
26	wagtailcore	0009_remove_auto_now_add_from_pagerevision_created_at	2023-02-06 13:12:24.008739+00
27	wagtailcore	0010_change_page_owner_to_null_on_delete	2023-02-06 13:12:24.012492+00
28	wagtailcore	0011_page_first_published_at	2023-02-06 13:12:24.016347+00
29	wagtailcore	0012_extend_page_slug_field	2023-02-06 13:12:24.020094+00
30	wagtailcore	0013_update_golive_expire_help_text	2023-02-06 13:12:24.023854+00
31	wagtailcore	0014_add_verbose_name	2023-02-06 13:12:24.027488+00
32	wagtailcore	0015_add_more_verbose_names	2023-02-06 13:12:24.031765+00
33	wagtailcore	0016_change_page_url_path_to_text_field	2023-02-06 13:12:24.035835+00
34	wagtailcore	0017_change_edit_page_permission_description	2023-02-06 13:12:24.052298+00
35	wagtailcore	0018_pagerevision_submitted_for_moderation_index	2023-02-06 13:12:24.069182+00
36	wagtailcore	0019_verbose_names_cleanup	2023-02-06 13:12:24.111454+00
37	wagtailcore	0020_add_index_on_page_first_published_at	2023-02-06 13:12:24.126227+00
38	wagtailcore	0021_capitalizeverbose	2023-02-06 13:12:24.366353+00
39	wagtailcore	0022_add_site_name	2023-02-06 13:12:24.381047+00
40	wagtailcore	0023_alter_page_revision_on_delete_behaviour	2023-02-06 13:12:24.394846+00
41	wagtailcore	0024_collection	2023-02-06 13:12:24.419169+00
42	wagtailcore	0025_collection_initial_data	2023-02-06 13:12:24.433507+00
43	wagtailcore	0026_group_collection_permission	2023-02-06 13:12:24.478942+00
44	wagtailcore	0027_fix_collection_path_collation	2023-02-06 13:12:24.507869+00
45	wagtailcore	0024_alter_page_content_type_on_delete_behaviour	2023-02-06 13:12:24.523263+00
46	wagtailcore	0028_merge	2023-02-06 13:12:24.52753+00
47	wagtailcore	0029_unicode_slugfield_dj19	2023-02-06 13:12:24.540552+00
48	wagtailcore	0030_index_on_pagerevision_created_at	2023-02-06 13:12:24.556+00
49	wagtailcore	0031_add_page_view_restriction_types	2023-02-06 13:12:24.614303+00
50	wagtailcore	0032_add_bulk_delete_page_permission	2023-02-06 13:12:24.626437+00
51	wagtailcore	0033_remove_golive_expiry_help_text	2023-02-06 13:12:24.661224+00
52	wagtailcore	0034_page_live_revision	2023-02-06 13:12:24.753078+00
53	wagtailcore	0035_page_last_published_at	2023-02-06 13:12:24.765316+00
54	wagtailcore	0036_populate_page_last_published_at	2023-02-06 13:12:24.782184+00
55	wagtailcore	0037_set_page_owner_editable	2023-02-06 13:12:24.79934+00
56	wagtailcore	0038_make_first_published_at_editable	2023-02-06 13:12:24.812342+00
57	wagtailcore	0039_collectionviewrestriction	2023-02-06 13:12:24.866819+00
58	wagtailcore	0040_page_draft_title	2023-02-06 13:12:24.895573+00
59	wagtailcore	0041_group_collection_permissions_verbose_name_plural	2023-02-06 13:12:24.906783+00
60	wagtailcore	0042_index_on_pagerevision_approved_go_live_at	2023-02-06 13:12:24.925285+00
61	wagtailcore	0043_lock_fields	2023-02-06 13:12:24.961056+00
62	wagtailcore	0044_add_unlock_grouppagepermission	2023-02-06 13:12:24.984297+00
63	wagtailcore	0045_assign_unlock_grouppagepermission	2023-02-06 13:12:25.013973+00
64	wagtailcore	0046_site_name_remove_null	2023-02-06 13:12:25.027314+00
65	wagtailcore	0047_add_workflow_models	2023-02-06 13:12:25.261944+00
66	wagtailcore	0048_add_default_workflows	2023-02-06 13:12:25.313932+00
67	wagtailcore	0049_taskstate_finished_by	2023-02-06 13:12:25.348035+00
68	wagtailcore	0050_workflow_rejected_to_needs_changes	2023-02-06 13:12:25.455962+00
69	wagtailcore	0051_taskstate_comment	2023-02-06 13:12:25.482471+00
70	wagtailcore	0052_pagelogentry	2023-02-06 13:12:25.5396+00
71	wagtailcore	0053_locale_model	2023-02-06 13:12:25.560306+00
72	wagtailcore	0054_initial_locale	2023-02-06 13:12:25.593856+00
73	wagtailcore	0055_page_locale_fields	2023-02-06 13:12:25.721906+00
74	wagtailcore	0056_page_locale_fields_populate	2023-02-06 13:12:25.761985+00
75	wagtailcore	0057_page_locale_fields_notnull	2023-02-06 13:12:25.839216+00
76	wagtailcore	0058_page_alias_of	2023-02-06 13:12:25.899103+00
77	wagtailcore	0059_apply_collection_ordering	2023-02-06 13:12:25.927218+00
78	wagtailcore	0060_fix_workflow_unique_constraint	2023-02-06 13:12:25.974775+00
79	wagtailcore	0061_change_promote_tab_helpt_text_and_verbose_names	2023-02-06 13:12:26.013817+00
80	wagtailcore	0062_comment_models_and_pagesubscription	2023-02-06 13:12:26.135044+00
81	wagtailcore	0063_modellogentry	2023-02-06 13:12:26.202606+00
82	wagtailcore	0064_log_timestamp_indexes	2023-02-06 13:12:26.253876+00
83	wagtailcore	0065_log_entry_uuid	2023-02-06 13:12:26.289713+00
84	wagtailcore	0066_collection_management_permissions	2023-02-06 13:12:26.318909+00
85	wagtailcore	0067_alter_pagerevision_content_json	2023-02-06 13:12:26.379725+00
86	wagtailcore	0068_log_entry_empty_object	2023-02-06 13:12:26.405946+00
87	wagtailcore	0069_log_entry_jsonfield	2023-02-06 13:12:26.598707+00
88	wagtailcore	0070_rename_pagerevision_revision	2023-02-06 13:12:26.87164+00
89	wagtailcore	0071_populate_revision_content_type	2023-02-06 13:12:26.903852+00
90	wagtailcore	0072_alter_revision_content_type_notnull	2023-02-06 13:12:26.957206+00
91	wagtailcore	0073_page_latest_revision	2023-02-06 13:12:26.990435+00
92	wagtailcore	0074_revision_object_str	2023-02-06 13:12:27.009135+00
93	wagtailcore	0075_populate_latest_revision_and_revision_object_str	2023-02-06 13:12:27.058021+00
94	wagtailcore	0076_modellogentry_revision	2023-02-06 13:12:27.089156+00
95	wagtailcore	0077_alter_revision_user	2023-02-06 13:12:27.114415+00
96	taggit	0001_initial	2023-02-06 13:12:27.173798+00
97	wagtailimages	0001_initial	2023-02-06 13:12:27.404501+00
98	wagtailimages	0002_initial_data	2023-02-06 13:12:27.408087+00
99	wagtailimages	0003_fix_focal_point_fields	2023-02-06 13:12:27.412038+00
100	wagtailimages	0004_make_focal_point_key_not_nullable	2023-02-06 13:12:27.416136+00
101	wagtailimages	0005_make_filter_spec_unique	2023-02-06 13:12:27.420538+00
102	wagtailimages	0006_add_verbose_names	2023-02-06 13:12:27.424725+00
103	wagtailimages	0007_image_file_size	2023-02-06 13:12:27.42884+00
104	wagtailimages	0008_image_created_at_index	2023-02-06 13:12:27.43316+00
105	wagtailimages	0009_capitalizeverbose	2023-02-06 13:12:27.437331+00
106	wagtailimages	0010_change_on_delete_behaviour	2023-02-06 13:12:27.441533+00
107	wagtailimages	0011_image_collection	2023-02-06 13:12:27.445519+00
108	wagtailimages	0012_copy_image_permissions_to_collections	2023-02-06 13:12:27.449786+00
109	wagtailimages	0013_make_rendition_upload_callable	2023-02-06 13:12:27.454886+00
110	wagtailimages	0014_add_filter_spec_field	2023-02-06 13:12:27.459718+00
111	wagtailimages	0015_fill_filter_spec_field	2023-02-06 13:12:27.464307+00
112	wagtailimages	0016_deprecate_rendition_filter_relation	2023-02-06 13:12:27.469222+00
113	wagtailimages	0017_reduce_focal_point_key_max_length	2023-02-06 13:12:27.473223+00
114	wagtailimages	0018_remove_rendition_filter	2023-02-06 13:12:27.476911+00
115	wagtailimages	0019_delete_filter	2023-02-06 13:12:27.481029+00
116	wagtailimages	0020_add-verbose-name	2023-02-06 13:12:27.485351+00
117	wagtailimages	0021_image_file_hash	2023-02-06 13:12:27.4896+00
118	wagtailimages	0022_uploadedimage	2023-02-06 13:12:27.539294+00
119	wagtailimages	0023_add_choose_permissions	2023-02-06 13:12:27.612024+00
120	wagtailimages	0024_index_image_file_hash	2023-02-06 13:12:27.653847+00
121	taggit	0002_auto_20150616_2121	2023-02-06 13:12:27.671908+00
122	taggit	0003_taggeditem_add_unique_index	2023-02-06 13:12:27.69137+00
123	taggit	0004_alter_taggeditem_content_type_alter_taggeditem_tag	2023-02-06 13:12:27.744335+00
124	base	0001_initial	2023-02-06 13:12:28.249776+00
125	blog	0001_initial	2023-02-06 13:12:28.457257+00
126	blog	0002_remove_blogindexpage_body	2023-02-06 13:12:28.483592+00
127	blog	0003_auto_20170329_0055	2023-02-06 13:12:28.510774+00
128	blog	0004_alter_blogpagetag_tag	2023-02-06 13:12:28.547663+00
129	blog	0005_use_json_field_for_body_streamfield	2023-02-06 13:12:28.586406+00
130	base	0002_auto_20170329_0055	2023-02-06 13:12:28.746769+00
131	base	0003_auto_20170823_1127	2023-02-06 13:12:28.769848+00
132	base	0004_auto_20180522_1856	2023-02-06 13:12:28.824099+00
133	base	0005_formfield_clean_name	2023-02-06 13:12:28.846179+00
134	base	0006_char_field_remove_null	2023-02-06 13:12:28.937915+00
135	base	0007_alter_formfield_choices_and_more	2023-02-06 13:12:29.018291+00
136	base	0008_use_json_field_for_body_streamfield	2023-02-06 13:12:29.18428+00
137	base	0009_alter_homepage_promo_text	2023-02-06 13:12:29.212913+00
138	base	0010_rename_people_person	2023-02-06 13:12:29.283771+00
139	base	0011_footertext_expire_at_footertext_expired_and_more	2023-02-06 13:12:29.477916+00
140	base	0012_person_expire_at_person_expired_and_more	2023-02-06 13:12:29.659093+00
141	blog	0006_rename_blogpeoplerelationship_person	2023-02-06 13:12:29.737969+00
142	breads	0001_initial	2023-02-06 13:12:30.101972+00
143	breads	0002_remove_breadsindexpage_body	2023-02-06 13:12:30.131082+00
144	breads	0003_auto_20170329_0055	2023-02-06 13:12:30.158616+00
145	breads	0004_use_json_field_for_body_streamfield	2023-02-06 13:12:30.203804+00
146	breads	0005_breadtype_latest_revision	2023-02-06 13:12:30.25169+00
147	breads	0006_breadingredient_expire_at_breadingredient_expired_and_more	2023-02-06 13:12:30.379904+00
148	locations	0001_initial	2023-02-06 13:12:30.529867+00
149	locations	0002_remove_locationsindexpage_body	2023-02-06 13:12:30.560227+00
150	locations	0003_auto_20170329_0055	2023-02-06 13:12:30.662946+00
151	locations	0004_auto_20190912_1149	2023-02-06 13:12:30.694064+00
152	locations	0005_use_json_field_for_body_streamfield	2023-02-06 13:12:30.736678+00
153	wagtailcore	0078_referenceindex	2023-02-06 13:12:30.809751+00
154	recipes	0001_initial	2023-02-06 13:12:30.964141+00
155	sessions	0001_initial	2023-02-06 13:12:30.986177+00
156	simple_translation	0001_initial	2023-02-06 13:12:30.998212+00
157	taggit	0005_auto_20220424_2025	2023-02-06 13:12:31.045663+00
158	wagtailadmin	0001_create_admin_access_permissions	2023-02-06 13:12:31.095318+00
159	wagtailadmin	0002_admin	2023-02-06 13:12:31.101205+00
160	wagtailadmin	0003_admin_managed	2023-02-06 13:12:31.11239+00
161	wagtaildocs	0001_initial	2023-02-06 13:12:31.170258+00
162	wagtaildocs	0002_initial_data	2023-02-06 13:12:31.228243+00
163	wagtaildocs	0003_add_verbose_names	2023-02-06 13:12:31.387816+00
164	wagtaildocs	0004_capitalizeverbose	2023-02-06 13:12:31.547356+00
165	wagtaildocs	0005_document_collection	2023-02-06 13:12:31.609458+00
166	wagtaildocs	0006_copy_document_permissions_to_collections	2023-02-06 13:12:31.664074+00
167	wagtaildocs	0005_alter_uploaded_by_user_on_delete_action	2023-02-06 13:12:31.710221+00
168	wagtaildocs	0007_merge	2023-02-06 13:12:31.713847+00
169	wagtaildocs	0008_document_file_size	2023-02-06 13:12:31.744459+00
170	wagtaildocs	0009_document_verbose_name_plural	2023-02-06 13:12:31.768673+00
171	wagtaildocs	0010_document_file_hash	2023-02-06 13:12:31.79721+00
172	wagtaildocs	0011_add_choose_permissions	2023-02-06 13:12:31.981779+00
173	wagtaildocs	0012_uploadeddocument	2023-02-06 13:12:32.042623+00
174	wagtailembeds	0001_initial	2023-02-06 13:12:32.064314+00
175	wagtailembeds	0002_add_verbose_names	2023-02-06 13:12:32.072408+00
176	wagtailembeds	0003_capitalizeverbose	2023-02-06 13:12:32.081674+00
177	wagtailembeds	0004_embed_verbose_name_plural	2023-02-06 13:12:32.089524+00
178	wagtailembeds	0005_specify_thumbnail_url_max_length	2023-02-06 13:12:32.09766+00
179	wagtailembeds	0006_add_embed_hash	2023-02-06 13:12:32.105811+00
180	wagtailembeds	0007_populate_hash	2023-02-06 13:12:32.155339+00
181	wagtailembeds	0008_allow_long_urls	2023-02-06 13:12:32.189897+00
182	wagtailembeds	0009_embed_cache_until	2023-02-06 13:12:32.203583+00
183	wagtailforms	0001_initial	2023-02-06 13:12:32.262754+00
184	wagtailforms	0002_add_verbose_names	2023-02-06 13:12:32.316259+00
185	wagtailforms	0003_capitalizeverbose	2023-02-06 13:12:32.373002+00
186	wagtailforms	0004_add_verbose_name_plural	2023-02-06 13:12:32.402652+00
187	wagtailforms	0005_alter_formsubmission_form_data	2023-02-06 13:12:32.440686+00
188	wagtailredirects	0001_initial	2023-02-06 13:12:32.509743+00
189	wagtailredirects	0002_add_verbose_names	2023-02-06 13:12:32.584201+00
190	wagtailredirects	0003_make_site_field_editable	2023-02-06 13:12:32.71751+00
191	wagtailredirects	0004_set_unique_on_path_and_site	2023-02-06 13:12:32.792179+00
192	wagtailredirects	0005_capitalizeverbose	2023-02-06 13:12:32.970424+00
193	wagtailredirects	0006_redirect_increase_max_length	2023-02-06 13:12:33.00876+00
194	wagtailredirects	0007_add_autocreate_fields	2023-02-06 13:12:33.084503+00
195	wagtailredirects	0008_add_verbose_name_plural	2023-02-06 13:12:33.127628+00
196	wagtailsearch	0001_initial	2023-02-06 13:12:33.355222+00
197	wagtailsearch	0002_add_verbose_names	2023-02-06 13:12:33.467813+00
198	wagtailsearch	0003_remove_editors_pick	2023-02-06 13:12:33.472423+00
199	wagtailsearch	0004_querydailyhits_verbose_name_plural	2023-02-06 13:12:33.480171+00
200	wagtailsearch	0005_create_indexentry	2023-02-06 13:12:33.556621+00
201	wagtailsearch	0006_customise_indexentry	2023-02-06 13:12:33.642507+00
202	wagtailsearch	0007_delete_editorspick	2023-02-06 13:12:33.662043+00
203	wagtailsearchpromotions	0001_initial	2023-02-06 13:12:33.728863+00
204	wagtailsearchpromotions	0002_capitalizeverbose	2023-02-06 13:12:33.831583+00
205	wagtailusers	0001_initial	2023-02-06 13:12:33.901459+00
206	wagtailusers	0002_add_verbose_name_on_userprofile	2023-02-06 13:12:34.034307+00
207	wagtailusers	0003_add_verbose_names	2023-02-06 13:12:34.058274+00
208	wagtailusers	0004_capitalizeverbose	2023-02-06 13:12:34.134627+00
209	wagtailusers	0005_make_related_name_wagtail_specific	2023-02-06 13:12:34.200022+00
210	wagtailusers	0006_userprofile_prefered_language	2023-02-06 13:12:34.224273+00
211	wagtailusers	0007_userprofile_current_time_zone	2023-02-06 13:12:34.249517+00
212	wagtailusers	0008_userprofile_avatar	2023-02-06 13:12:34.273838+00
213	wagtailusers	0009_userprofile_verbose_name_plural	2023-02-06 13:12:34.29533+00
214	wagtailusers	0010_userprofile_updated_comments_notifications	2023-02-06 13:12:34.319308+00
215	wagtailusers	0011_userprofile_dismissibles	2023-02-06 13:12:34.348227+00
216	wagtailimages	0001_squashed_0021	2023-02-06 13:12:34.355861+00
217	wagtailcore	0001_squashed_0016_change_page_url_path_to_text_field	2023-02-06 13:12:34.364861+00
\.


--
-- Data for Name: django_session; Type: TABLE DATA; Schema: public; Owner: app_user
--

COPY public.django_session (session_key, session_data, expire_date) FROM stdin;
\.


--
-- Data for Name: locations_locationoperatinghours; Type: TABLE DATA; Schema: public; Owner: app_user
--

COPY public.locations_locationoperatinghours (id, sort_order, day, opening_time, closing_time, closed, location_id) FROM stdin;
1	0	MON	08:00:00	18:00:00	f	64
2	1	TUES	08:00:00	20:00:00	f	64
3	2	WED	08:00:00	20:00:00	f	64
4	3	THUR	08:00:00	17:00:00	f	64
5	0	MON	09:00:00	18:00:00	f	65
6	1	TUES	09:00:00	20:00:00	f	65
7	2	WED	06:00:00	18:00:00	f	65
8	3	THUR	09:00:00	22:00:00	f	65
9	0	MON	06:00:00	20:00:00	f	66
10	1	TUES	05:00:00	21:00:00	f	66
11	2	WED	08:00:00	18:00:00	f	66
12	3	THUR	07:00:00	19:00:00	f	66
13	0	MON	08:00:00	18:00:00	f	67
14	1	TUES	\N	\N	t	67
15	2	WED	09:00:00	18:00:00	f	67
16	3	THUR	09:00:00	18:00:00	f	67
17	4	FRI	09:00:00	18:00:00	f	67
18	5	SAT	07:00:00	13:00:00	f	67
19	6	SUN	\N	\N	t	67
20	4	FRI	09:00:00	18:00:00	f	65
21	5	SAT	09:00:00	13:00:00	f	65
22	6	SUN	\N	\N	t	65
23	4	FRI	08:00:00	17:00:00	f	64
24	5	SAT	\N	\N	t	64
25	6	SUN	\N	\N	t	64
26	4	FRI	\N	\N	t	66
27	5	SAT	07:00:00	19:00:00	f	66
28	6	SUN	09:00:00	12:00:00	f	66
29	0	MON	09:00:00	18:00:00	f	78
30	1	TUES	09:00:00	20:00:00	f	78
31	2	WED	06:00:00	18:00:00	f	78
32	3	THUR	09:00:00	22:00:00	f	78
33	4	FRI	09:00:00	18:00:00	f	78
34	5	SAT	09:00:00	13:00:00	f	78
35	6	SUN	\N	\N	t	78
36	0	MON	09:00:00	18:00:00	f	79
37	1	TUES	09:00:00	20:00:00	f	79
38	2	WED	06:00:00	18:00:00	f	79
39	3	THUR	09:00:00	22:00:00	f	79
40	4	FRI	09:00:00	18:00:00	f	79
41	5	SAT	09:00:00	13:00:00	f	79
42	6	SUN	\N	\N	t	79
\.


--
-- Data for Name: locations_locationpage; Type: TABLE DATA; Schema: public; Owner: app_user
--

COPY public.locations_locationpage (page_ptr_id, introduction, body, address, lat_long, image_id) FROM stdin;
64	Pie gingerbread cake caramels chocolate cake tiramisu wafer. Gummi bears chupa chups chocolate. Topping chupa chups bonbon cake pie caramels. Pie gingerbread cake caramels chocolate cake tiramisu wafer.	[{"id": "2a863f7d-099b-4515-928f-8bb73e92bb7f", "type": "paragraph_block", "value": "<p><br/></p><p>Chocolate bar I love marzipan chupa chups souffl chocolate bar. Biscuit caramels lollipop cookie. Macaroon I love tart pudding topping I love. Jujubes macaroon gummies pudding icing cake pastry. Candy canes candy chocolate cake I love chocolate carrot cake halvah. I love croissant I love donut. Chocolate sweet chocolate cake cotton candy souffl caramels pie tiramisu I love. Lemon drops topping caramels. Pudding candy cotton candy gingerbread jelly beans jelly-o tiramisu cotton candy souffl. Cake bear claw cupcake pastry gummi bears cake.</p>"}, {"id": "f32535bb-7cf2-4287-8bfb-a6c331b25598", "type": "heading_block", "value": {"size": "h3", "heading_text": "Never say no to more"}}, {"id": "77fb44cb-770c-4fe8-8ba1-b1dd3351214d", "type": "paragraph_block", "value": "<p>Muffin wafer chocolate cake bonbon icing chupa chups cupcake. Pudding drage souffl icing caramels chupa chups sweet muffin. Pastry fruitcake pastry dessert chupa chups. Sugar plum wafer chupa chups tootsie roll candy chocolate bar souffl sesame snaps jelly-o. Dessert macaroon jelly fruitcake jujubes marshmallow cake. Gummies souffl cotton candy candy pastry powder topping muffin cotton candy. I love jelly beans I love I love chocolate cake fruitcake oat cake drage dessert.</p><p>Chupa chups marzipan pie caramels cotton candy jelly-o. Pie sweet cake souffl apple pie cake. Chocolate cake chupa chups bear claw cotton candy. I love marshmallow chocolate sweet I love. Drage donut cotton candy jujubes ice cream. Marshmallow gummies gingerbread marzipan. Caramels tootsie roll cake. Macaroon chocolate liquorice ice cream. Candy biscuit chupa chups chocolate cake cake danish. Sesame snaps I love macaroon cupcake bear claw chocolate cake I love candy canes.</p>"}]	Hof 2,\r\nLkjarhs,\r\n785 rfi,\r\nIceland	63.9095213,-16.7093877	46
65	Ice cream pie tiramisu carrot cake pie macaroon brownie wafer. Cupcake cookie cotton candy jelly-o macaroon tootsie roll ice cream. Biscuit caramels apple pie. Marshmallow lollipop gingerbread chocolate powder ice cream tootsie roll.	[{"id": "3bdf44b6-85b9-44e2-8db0-8547cd982955", "type": "paragraph_block", "value": "<p><br/></p><p>Gingerbread jujubes pudding lollipop cake sweet pudding biscuit. Dessert sweet roll gummies. Pudding jujubes powder macaroon. Lollipop sweet roll jelly-o tiramisu chupa chups marzipan tart cookie. Macaroon tootsie roll lemon drops. Fruitcake macaroon liquorice bonbon chocolate bar caramels donut pastry. Wafer candy canes jujubes powder gummi bears candy canes biscuit pastry oat cake. Halvah pastry lemon drops gummi bears lemon drops powder. Tart lollipop bonbon apple pie sugar plum gummies cake.</p><p>Souffl sweet roll caramels toffee. Ice cream cotton candy jelly-o sweet roll sugar plum dessert chupa chups. Drage ice cream chocolate cake candy canes sugar plum pudding cheesecake. Tart jelly beans liquorice ice cream gummi bears lollipop tiramisu. Ice cream pie sweet roll liquorice. Tiramisu jujubes lollipop chocolate tiramisu. Cotton candy jelly cake lemon drops lollipop. Tootsie roll chocolate bar jelly-o cookie wafer cookie toffee pastry. Sugar plum chocolate bar jelly beans gummies jujubes sweet chocolate cake.</p><p></p>"}]	Laugavegur 36,\r\n101 Reykjavk,\r\nIceland	64.144018, -21.950953	45
66	Chocolate bar tiramisu toffee. Topping pie powder candy canes jujubes liquorice. Apple pie muffin marshmallow tiramisu powder cotton candy topping. Apple pie tiramisu marshmallow sesame snaps.	[{"id": "8c0a6a3e-4a55-4e36-a473-5f166ce3003a", "type": "paragraph_block", "value": "<p><br/></p><p>Cupcake ipsum dolor sit. Amet cake bear claw cheesecake marshmallow donut topping. Bonbon tootsie roll tiramisu drage. Sweet macaroon gummies tootsie roll toffee cupcake jujubes gingerbread. Chocolate bar cupcake danish muffin donut cookie souffl carrot cake. Cake cake macaroon muffin sesame snaps marzipan apple pie cheesecake.</p>"}, {"id": "cacadfd1-9e64-4649-b7f0-4585844eed19", "type": "heading_block", "value": {"size": "h3", "heading_text": "Now with sugar"}}, {"id": "b9fcdb7b-49bf-459c-899d-3f05c14a9848", "type": "paragraph_block", "value": "<p>Chocolate caramels cupcake jelly beans icing gummi bears fruitcake gingerbread. Cupcake drage tootsie roll cheesecake chocolate. Jelly lemon drops lemon drops chocolate. Sesame snaps chocolate bar cheesecake tiramisu gummi bears sweet sesame snaps wafer. Pie cake macaroon sugar plum toffee icing. Bonbon sweet roll cupcake sesame snaps toffee candy fruitcake.</p><p>Cupcake cupcake souffl jelly beans chocolate cake lemon drops. Dessert chocolate bar cotton candy. Pastry icing oat cake wafer. Marshmallow topping gummies cotton candy cake gingerbread. Donut macaroon carrot cake. Pie candy canes cupcake powder marzipan. Sweet oat cake jelly beans apple pie ice cream. Brownie caramels chupa chups marzipan. Biscuit biscuit croissant fruitcake pastry pastry.</p>"}]	Klettsvegi 1,\r\n870 Vk,\r\nIceland	63.419061,-19.0064982	47
67	Gummies dessert cake pastry jujubes cotton candy apple pie chocolate bar muffin. Bonbon souffl icing brownie cheesecake candy canes. Sesame snaps chocolate pudding souffl powder pastry pastry jelly beans. Chocolate cake caramels gingerbread bear claw gingerbread jelly-o.	[{"id": "f91714ad-921d-4891-aa2c-74f770f4557e", "type": "paragraph_block", "value": "<p>Jelly-o marzipan fruitcake. Candy marshmallow candy canes macaroon marshmallow marshmallow sesame snaps. Cookie croissant wafer jelly beans. Bonbon sesame snaps danish chocolate bar. Pudding marzipan tootsie roll lollipop sesame snaps souffl fruitcake. Tootsie roll jujubes cookie chocolate topping cupcake. Pudding cake gummies chupa chups jelly beans gingerbread sesame snaps gummi bears gummies. Chocolate chupa chups jelly candy canes carrot cake croissant ice cream. Bonbon sugar plum jelly beans cake tiramisu. Carrot cake gummies carrot cake macaroon wafer cake cupcake.</p><p>Jelly-o candy canes macaroon chocolate cake cheesecake cake lollipop cookie. Halvah candy topping sugar plum topping sesame snaps cotton candy topping. Sesame snaps brownie chocolate cake. Lemon drops sweet roll cookie drage chocolate bar sugar plum jelly-o. Liquorice toffee jujubes chocolate cake cheesecake biscuit. Marshmallow chocolate bar oat cake wafer souffl brownie fruitcake. Oat cake icing cheesecake liquorice caramels.</p>"}, {"id": "8387062d-fa04-4711-ad2f-a8f11442c5f8", "type": "heading_block", "value": {"size": "h3", "heading_text": "An awesome heading"}}, {"id": "c5f1b4fe-974c-4ad2-b2ea-6d8fc57efc3d", "type": "paragraph_block", "value": "<p>Brownie marzipan marshmallow tart pudding carrot cake. Cheesecake jelly beans gingerbread lollipop. Marshmallow tiramisu jelly beans apple pie gingerbread candy bonbon carrot cake. Pastry candy gummies danish pudding topping. Tart jelly-o chocolate wafer pastry brownie chocolate bar oat cake. Cookie sugar plum liquorice jelly beans. Sweet jujubes candy canes sweet chocolate chocolate cookie chocolate cookie. Cookie pudding toffee tart.</p>"}]	Eyravegur,\r\n800 Selfoss,\r\nIceland	63.9375899, -21.0419085	44
78	Ice cream pie tiramisu carrot cake pie macaroon brownie wafer. Cupcake cookie cotton candy jelly-o macaroon tootsie roll ice cream. Biscuit caramels apple pie. Marshmallow lollipop gingerbread chocolate powder ice cream tootsie roll.	[{"id": "abd62c2d-1bf1-47df-8831-b1fabb886181", "type": "paragraph_block", "value": "<p><br/></p><p>Gingerbread jujubes pudding lollipop cake sweet pudding biscuit. Dessert sweet roll gummies. Pudding jujubes powder macaroon. Lollipop sweet roll jelly-o tiramisu chupa chups marzipan tart cookie. Macaroon tootsie roll lemon drops. Fruitcake macaroon liquorice bonbon chocolate bar caramels donut pastry. Wafer candy canes jujubes powder gummi bears candy canes biscuit pastry oat cake. Halvah pastry lemon drops gummi bears lemon drops powder. Tart lollipop bonbon apple pie sugar plum gummies cake.</p><p>Souffl sweet roll caramels toffee. Ice cream cotton candy jelly-o sweet roll sugar plum dessert chupa chups. Drage ice cream chocolate cake candy canes sugar plum pudding cheesecake. Tart jelly beans liquorice ice cream gummi bears lollipop tiramisu. Ice cream pie sweet roll liquorice. Tiramisu jujubes lollipop chocolate tiramisu. Cotton candy jelly cake lemon drops lollipop. Tootsie roll chocolate bar jelly-o cookie wafer cookie toffee pastry. Sugar plum chocolate bar jelly beans gummies jujubes sweet chocolate cake.</p><p></p>"}]	Hafnarbraut,\r\n780 Hfn  Hornafiri,\r\nIceland	64.2518583,-15.2037097	48
79	Ice cream pie tiramisu carrot cake pie macaroon brownie wafer. Cupcake cookie cotton candy jelly-o macaroon tootsie roll ice cream. Biscuit caramels apple pie. Marshmallow lollipop gingerbread chocolate powder ice cream tootsie roll.	[{"id": "7ac31b52-a9cc-4762-b060-799295eaddb8", "type": "paragraph_block", "value": "<p><br/></p><p>Gingerbread jujubes pudding lollipop cake sweet pudding biscuit. Dessert sweet roll gummies. Pudding jujubes powder macaroon. Lollipop sweet roll jelly-o tiramisu chupa chups marzipan tart cookie. Macaroon tootsie roll lemon drops. Fruitcake macaroon liquorice bonbon chocolate bar caramels donut pastry. Wafer candy canes jujubes powder gummi bears candy canes biscuit pastry oat cake. Halvah pastry lemon drops gummi bears lemon drops powder. Tart lollipop bonbon apple pie sugar plum gummies cake.</p><p>Souffl sweet roll caramels toffee. Ice cream cotton candy jelly-o sweet roll sugar plum dessert chupa chups. Drage ice cream chocolate cake candy canes sugar plum pudding cheesecake. Tart jelly beans liquorice ice cream gummi bears lollipop tiramisu. Ice cream pie sweet roll liquorice. Tiramisu jujubes lollipop chocolate tiramisu. Cotton candy jelly cake lemon drops lollipop. Tootsie roll chocolate bar jelly-o cookie wafer cookie toffee pastry. Sugar plum chocolate bar jelly beans gummies jujubes sweet chocolate cake.</p><p></p>"}]	Skagabraut 43,\r\n300 Akranes,\r\nIceland	64.3214253,-22.0674947	49
\.


--
-- Data for Name: locations_locationsindexpage; Type: TABLE DATA; Schema: public; Owner: app_user
--

COPY public.locations_locationsindexpage (page_ptr_id, introduction, image_id) FROM stdin;
63	You can find our fine bakeries in friendly cities all over the world.	10
\.


--
-- Data for Name: recipes_recipeindexpage; Type: TABLE DATA; Schema: public; Owner: app_user
--

COPY public.recipes_recipeindexpage (page_ptr_id, introduction) FROM stdin;
80	These recipes are sure to impress your friends and family.
\.


--
-- Data for Name: recipes_recipepage; Type: TABLE DATA; Schema: public; Owner: app_user
--

COPY public.recipes_recipepage (page_ptr_id, date_published, subtitle, introduction, backstory, recipe_headline, body) FROM stdin;
81	2019-03-21		Hot Cross Buns are a popular and tasty yeasted pastry traditionally served before Easter.	[{"id": "59d484e9-4be9-40bf-9a3c-f73e64b50940", "type": "paragraph_block", "value": "<p data-block-key=\\"6n9mg\\">The <a href=\\"https://en.wikipedia.org/wiki/Greeks\\">Greeks</a> in 6th century AD may have marked cakes with a cross.<a href=\\"https://en.wikipedia.org/wiki/Hot_cross_bun#cite_note-6\\">[6]</a></p><p data-block-key=\\"8rf8i\\">One theory is that the contemporary hot cross bun originates from <a href=\\"https://en.wikipedia.org/wiki/St_Albans\\">St Albans</a>, in <a href=\\"https://en.wikipedia.org/wiki/England\\">England</a>, where, in 1361, Brother Thomas Rodcliffe, a 14th-century <a href=\\"https://en.wikipedia.org/wiki/Monk\\">monk</a> at <a href=\\"https://en.wikipedia.org/wiki/St_Albans_Abbey\\">St Albans Abbey</a>, developed a similar recipe called an &#x27;Alban Bun&#x27; and distributed the bun to the local poor on Good Friday.<a href=\\"https://en.wikipedia.org/wiki/Hot_cross_bun#cite_note-7\\">[7]</a></p><p data-block-key=\\"3gg1l\\">In 1592, during the reign of <a href=\\"https://en.wikipedia.org/wiki/Elizabeth_I_of_England\\">Elizabeth I of England</a>, the London Clerk of Markets issued a decree forbidding the sale of hot cross buns and other spiced breads, except at burials, on Good Friday, or at Christmas. The punishment for transgressing the decree was forfeiture of all the forbidden product to the poor. As a result of this decree, hot cross buns at the time were primarily made in domestic kitchens. Further attempts to suppress the sale of these items took place during the reign of <a href=\\"https://en.wikipedia.org/wiki/James_I_of_England\\">James I of England</a> (16031625).<a href=\\"https://en.wikipedia.org/wiki/Hot_cross_bun#cite_note-8\\">[8]</a></p><p data-block-key=\\"5ursv\\">The first definite record of hot cross buns comes from a London street cry: &quot;Good Friday comes this month, the old woman runs. With one or two a penny hot cross buns&quot;, which appeared in <a href=\\"https://en.wikipedia.org/wiki/Poor_Robin\\"><i>Poor Robin&#x27;s Almanac</i></a> for 1733.<a href=\\"https://en.wikipedia.org/wiki/Hot_cross_bun#cite_note-9\\">[9]</a> The line &quot;One a penny, two a penny, hot cross-buns&quot; appears in the English nursery rhyme &quot;<a href=\\"https://en.wikipedia.org/wiki/Hot_Cross_Buns_(song)\\">Hot Cross Buns</a>&quot; published in the <a href=\\"https://en.wikipedia.org/wiki/London_Chronicle\\"><i>London Chronicle</i></a> for 24 June 1767.<a href=\\"https://en.wikipedia.org/wiki/Hot_cross_bun#cite_note-10\\">[10]</a> Food historian Ivan Day states, &quot;The buns were made in London during the 18th century. But when you start looking for records or recipes earlier than that, you hit nothing.&quot;</p>"}]	<p data-block-key="wnjzt">Homemade hot cross buns</p>	[{"id": "0040ce21-b4ad-4b7d-8a49-277303070c2c", "type": "paragraph_block", "value": "<p data-block-key=\\"9npzb\\">Cooking temperatures:</p>"}, {"id": "38280209-450a-4d84-b739-90c2cb19d39d", "type": "typed_table_block", "value": {"rows": [{"values": ["Gas Oven", 350.0, 180.0, "<p data-block-key=\\"6s6n5\\">14 minutes</p>"]}, {"values": ["Electric Oven", 375.0, 190.0, "<p data-block-key=\\"6s6n5\\">15 minutes</p>"]}, {"values": ["Fan Oven", 325.0, 170.0, "<p data-block-key=\\"6s6n5\\">13 minutes</p>"]}], "columns": [{"type": "text", "heading": "Oven"}, {"type": "numeric", "heading": "F"}, {"type": "numeric", "heading": "C"}, {"type": "rich_text", "heading": "Cooking time"}]}}, {"id": "2b9b59cb-4dd7-4ebf-ac66-1ed43471609b", "type": "table_block", "value": {"cell": [], "data": [["Buns", "Prep time", "Cooking time", "Instructions"], ["12", "30min", "1.5h", "All quantities as-is"], ["18", "40min", "2h", "1.5x all amounts"], ["24", "45min", "Depending on oven size", "2x all amounts"]], "table_caption": "Expected yield", "first_col_is_header": true, "first_row_is_table_header": true}}, {"id": "d82664ec-29e9-4095-8b53-cd5e6c262d45", "type": "paragraph_block", "value": "<h2 data-block-key=\\"7o1fp\\">Ingredients</h2><p data-block-key=\\"7jh9i\\">For the buns:</p>"}, {"id": "05dc41fe-bd09-4e88-9e52-5ed7ff8b9b96", "type": "ingredients_list", "value": [{"id": "21a44ce4-9aa6-459c-b654-d8d2217e8c8f", "type": "item", "value": "<p data-block-key=\\"softi\\">1 <a href=\\"https://en.wikibooks.org/wiki/Cookbook:Cup\\">cup</a> (240 <a href=\\"https://en.wikibooks.org/wiki/Cookbook:ML\\">mL</a>) <a href=\\"https://en.wikibooks.org/wiki/Cookbook:Milk\\">milk</a></p>"}, {"id": "b7ca75fa-9ff9-401b-bd4e-8ca814efc8d8", "type": "item", "value": "<p data-block-key=\\"a8o1o\\">4 <a href=\\"https://en.wikibooks.org/wiki/Cookbook:Teaspoon\\">teaspoons</a> (20 mL) <a href=\\"https://en.wikibooks.org/wiki/Cookbook:Water\\">water</a></p>"}, {"id": "8a984eeb-dc99-4f76-95e4-cc591566b73b", "type": "item", "value": "<p data-block-key=\\"a8o1o\\">1 cake fresh <a href=\\"https://en.wikibooks.org/wiki/Cookbook:Yeast\\">yeast</a></p>"}, {"id": "0b473c73-d8bd-41ff-97d3-4766a2caf7e2", "type": "item", "value": "<p data-block-key=\\"a8o1o\\">3 cups (720 mL) all-purpose <a href=\\"https://en.wikibooks.org/wiki/Cookbook:Flour\\">flour</a></p>"}, {"id": "5e68346f-b9fe-485c-8a99-ed66084bd9d4", "type": "item", "value": "<p data-block-key=\\"a8o1o\\"> cup (80 mL) <a href=\\"https://en.wikibooks.org/wiki/Cookbook:Sugar\\">sugar</a></p>"}, {"id": "7e7ceced-d961-4a73-957d-8f2d4cbbad7f", "type": "item", "value": "<p data-block-key=\\"a8o1o\\"> teaspoon (1.25 mL) <a href=\\"https://en.wikibooks.org/wiki/Cookbook:Cinnamon\\">cinnamon</a></p>"}, {"id": "4a1bc81e-9158-42e2-adac-1944f52ea8fd", "type": "item", "value": "<p data-block-key=\\"a8o1o\\"> teaspoon (1.25 mL) ground <a href=\\"https://en.wikibooks.org/wiki/Cookbook:Nutmeg\\">nutmeg</a></p>"}, {"id": "ee667182-4945-43f5-a647-9a2d087f18b0", "type": "item", "value": "<p data-block-key=\\"a8o1o\\">1 <a href=\\"https://en.wikibooks.org/wiki/Cookbook:Egg\\">egg</a> <a href=\\"https://en.wikibooks.org/wiki/Cookbook:Beat\\">beaten</a></p>"}, {"id": "e9e70968-d2cf-43dc-948b-13f09f1af9fe", "type": "item", "value": "<p data-block-key=\\"a8o1o\\"> cup (60 mL) melted <a href=\\"https://en.wikibooks.org/wiki/Cookbook:Butter\\">butter</a></p>"}, {"id": "49b6cf74-c684-4783-b5fd-c929cc9dcb75", "type": "item", "value": "<p data-block-key=\\"a8o1o\\">1 cup (240 mL) <a href=\\"https://en.wikibooks.org/wiki/Cookbook:Currant\\">currants</a></p>"}]}, {"id": "8e5c0d92-6131-426c-891b-af2fe90b6136", "type": "paragraph_block", "value": "<p data-block-key=\\"7o1fp\\">For the glazing:</p>"}, {"id": "b610441f-3482-4613-80cf-688b885ac199", "type": "ingredients_list", "value": [{"id": "21a44ce4-9aa6-459c-b654-d8d2217e8c8f", "type": "item", "value": "<p data-block-key=\\"softi\\">2 tbsp <a href=\\"https://en.wikibooks.org/wiki/Cookbook:All-purpose_flour\\">plain flour</a></p>"}, {"id": "c398ff9c-6bde-4535-819d-7cefe75e16f0", "type": "item", "value": "<p data-block-key=\\"a8o1o\\">vegetable oil</p>"}, {"id": "9b08d44e-ea54-4fd1-a7ee-5a258e892eff", "type": "item", "value": "<p data-block-key=\\"a8o1o\\">1 tbsp <a href=\\"https://en.wikibooks.org/wiki/Cookbook:Golden_Syrup\\">golden syrup</a></p>"}]}, {"id": "343c9b9a-d30f-45aa-b879-5bd3e5922565", "type": "paragraph_block", "value": "<h2 data-block-key=\\"9npzb\\">Procedure</h2><p data-block-key=\\"2m305\\">Make sure to set aside a space for the buns to rise before baking.</p>"}, {"id": "df102372-cd23-463c-b594-29b224bd409e", "type": "steps_list", "value": [{"id": "725285ae-b823-404e-8439-f5ebe3b48b31", "type": "item", "value": {"text": "<p data-block-key=\\"urko7\\">Heat milk and water to lukewarm.</p>", "difficulty": "S"}}, {"id": "8c6d544a-0f3f-4d74-bc25-af31d3430e5b", "type": "item", "value": {"text": "<p data-block-key=\\"94uy8\\">Crumble yeast. Mix with  cup (120 mL) flour. Stir in tepid milk/water and mix well.</p>", "difficulty": "S"}}, {"id": "0d9383dd-b2fd-451f-ae74-9848d00b4bd1", "type": "item", "value": {"text": "<p data-block-key=\\"94uy8\\">Cover and set aside in warm place until yeast is active and frothing, about 10-15 minutes.</p>", "difficulty": "S"}}, {"id": "1422a5d2-4ed6-4688-bc60-499222c5c4ae", "type": "item", "value": {"text": "<p data-block-key=\\"94uy8\\">Mix remaining flour, sugar, salt, cinnamon and nutmeg.</p>", "difficulty": "S"}}, {"id": "a3cc7df9-761b-4bed-8df4-0595c57d508c", "type": "item", "value": {"text": "<p data-block-key=\\"94uy8\\">Stir egg and butter into the yeast mix, add the flour mixture and fruit. Mix well.</p>", "difficulty": "S"}}, {"id": "664603c3-765a-444a-b88b-3189db4a7de4", "type": "item", "value": {"text": "<p data-block-key=\\"94uy8\\">Put dough onto a floured surface and knead. Return to bowl, and let rise until double in bulk, about 1 hour.</p>", "difficulty": "L"}}, {"id": "e06bb786-75ae-4327-b9f4-9725f60e6ce0", "type": "item", "value": {"text": "<p data-block-key=\\"94uy8\\">Turn onto a floured surface and knead again.</p>", "difficulty": "M"}}, {"id": "e356ab29-b906-4c36-a61d-146eb030b633", "type": "item", "value": {"text": "<p data-block-key=\\"94uy8\\">Preheat oven.</p>", "difficulty": "S"}}, {"id": "8cc7055d-0125-4f3d-b8ed-9e8834d00605", "type": "item", "value": {"text": "<p data-block-key=\\"94uy8\\">Divide dough into twelve pieces and shape into buns. Mark a deep cross on the top of each bun.</p>", "difficulty": "M"}}, {"id": "5c2a400d-8024-4865-b639-f83fa0947c72", "type": "item", "value": {"text": "<p data-block-key=\\"94uy8\\">Arrange on a baking tray, cover with tea towel, and let rise for 30 minutes. Cook in preheated oven for indicated time or until golden brown.</p>", "difficulty": "S"}}]}]
82	2019-03-21		Southern Cornbread is a hearty, unsweetened variety of cornbread, widely served in the Southeastern United States. It is easy to make and is usually served as the bread portion of lunch or dinner (supper). It is not unusual for some people to occasionally have a simple, quick mealeven breakfastby crumbling cornbread into a glass of buttermilk and eating it.	[]		[{"id": "432fbbf5-210d-422c-ad4c-4147a205a25a", "type": "paragraph_block", "value": "<p data-block-key=\\"gv7ea\\">Ingredients:</p>"}, {"id": "4effba56-74c6-45a4-b295-a752b3121c96", "type": "ingredients_list", "value": [{"id": "af8a3379-357c-4133-9397-66df6ea6fe68", "type": "item", "value": "<p data-block-key=\\"k7zw7\\">2 <a href=\\"https://en.wikibooks.org/wiki/Cookbook:Cup\\">cups</a> yellow or white self-rising <a href=\\"https://en.wikibooks.org/wiki/Cookbook:Cornmeal\\">corn meal</a></p>"}, {"id": "cdb5339c-49e0-43dd-ba85-cbb35d17b4a6", "type": "item", "value": "<p data-block-key=\\"wiza7\\">1 large <a href=\\"https://en.wikibooks.org/wiki/Cookbook:Egg\\">egg</a></p>"}, {"id": "b68d5f75-8478-4e34-8fea-4b27fad06e52", "type": "item", "value": "<p data-block-key=\\"wiza7\\">11 cups <a href=\\"https://en.wikibooks.org/wiki/Cookbook:Buttermilk\\">buttermilk</a> or whole <a href=\\"https://en.wikibooks.org/wiki/Cookbook:Milk\\">milk</a></p>"}, {"id": "73dcf889-97e7-4abc-b0c1-35e221747702", "type": "item", "value": "<p data-block-key=\\"wiza7\\"> cup <a href=\\"https://en.wikibooks.org/wiki/Cookbook:Olive_Oil\\">olive oil</a> or <a href=\\"https://en.wikibooks.org/wiki/Cookbook:Vegetable_oil\\">vegetable oil</a></p>"}]}, {"id": "4544593d-1ab4-49a0-833f-143f0d5434fa", "type": "paragraph_block", "value": "<p data-block-key=\\"44fqg\\">Equipment needed:</p><ul><li data-block-key=\\"9h6ph\\">well-seasoned 8-inch or 10-inch cast-iron <a href=\\"https://en.wikibooks.org/wiki/Cookbook:Frying_Pan\\">skillet</a> (alternately: an ovenproof skillet or an 8x8-inch baking pan)</li><li data-block-key=\\"6lqtr\\">assorted measuring cups</li><li data-block-key=\\"bdset\\">medium or large mixing bowl</li></ul><p data-block-key=\\"fkooo\\">Steps:</p>"}, {"id": "65daf49f-e92b-4179-b3c3-82dd9309624f", "type": "steps_list", "value": [{"id": "8d758f80-4833-4aa0-befd-9a06f6c26575", "type": "item", "value": {"text": "<p data-block-key=\\"8x9mu\\">Preheat the oven to 425F (220C). If using cast-iron skillet, place it in the oven to heat. Do not preheat other types of skillets or baking pans.</p>", "difficulty": "S"}}, {"id": "c8845f2f-f1ca-4291-a2f0-2680c47dfd5c", "type": "item", "value": {"text": "<p data-block-key=\\"yjnpj\\">If using non-cast-iron skillet or baking pan, coat with a non-stick spray.</p>", "difficulty": "S"}}, {"id": "6cd3c540-a110-4c4c-a194-b9ab60058105", "type": "item", "value": {"text": "<p data-block-key=\\"yjnpj\\">Beat egg in the bowl. Stir in buttermilk and oil.</p>", "difficulty": "M"}}, {"id": "ae73e89f-9674-486e-8df5-5db6fc430eb4", "type": "item", "value": {"text": "<p data-block-key=\\"yjnpj\\">Stir in the cornmeal and mix until just moistened. Batter will be somewhat lumpy. Take care not to overmix.</p>", "difficulty": "S"}}, {"id": "e0b41ad1-cae5-482d-ae31-f13b35f17830", "type": "item", "value": {"text": "<p data-block-key=\\"yjnpj\\">Pour the batter into the skillet and place in the oven.</p>", "difficulty": "S"}}, {"id": "7c8a44b1-38af-4d34-ac7e-ea9db44ab090", "type": "item", "value": {"text": "<p data-block-key=\\"yjnpj\\">Bake until crust is a light golden brown and a toothpick inserted into the center comes out clean. For an 8-inch skillet this can be 2530 minutes; for a 10-inch skillet or an 8x8-inch baking pan about 2025 minutes.</p>", "difficulty": "S"}}, {"id": "e6a607b9-f8e8-465e-a44a-26fccf9caa37", "type": "item", "value": {"text": "<p data-block-key=\\"yjnpj\\">Allow to cool for 5 minutes in pan before serving.</p>", "difficulty": "S"}}]}, {"id": "26e29d41-c99a-4fde-9423-4130089691ba", "type": "heading_block", "value": {"size": "h2", "heading_text": "Notes, tips, and variations"}}, {"id": "910c5024-a47a-45b1-a3a3-8f8bb5a8fa70", "type": "paragraph_block", "value": "<p data-block-key=\\"44fqg\\">Any leftover cornbread can be wrapped in a damp towel (to keep it moist) and stored in the refrigerator for several days. It can be frozen in storage bags for several months, but will usually become more crumbly if stored this way.</p>"}]
83	2019-03-21		Mincemeat Tarts are large (8 inch (20cm) diameter or more) open pastry tarts, sometimes with a lattice pastry top, and occasionally also containing baked or stewed apple. The smaller pastry topped tarts traditionally served at Christmas are known as Mince Pies.	[{"id": "d9f5f6c7-fd6d-4573-a1b8-40ae8209a27c", "type": "paragraph_block", "value": "<p data-block-key=\\"o28ya\\"><b>Mincemeat</b> is a mixture of chopped <a href=\\"https://en.wikipedia.org/wiki/Dried_fruit\\">dried fruit</a>, <a href=\\"https://en.wikipedia.org/wiki/Distilled_spirits\\">distilled spirits</a> and <a href=\\"https://en.wikipedia.org/wiki/Spices\\">spices</a>, and often <a href=\\"https://en.wikipedia.org/wiki/Beef_suet\\">beef suet</a>, usually used as a <a href=\\"https://en.wikipedia.org/wiki/Pie\\">pie</a> or <a href=\\"https://en.wikipedia.org/wiki/Pastry\\">pastry</a> filling. Mincemeat formerly contained <a href=\\"https://en.wikipedia.org/wiki/Meat\\">meat</a>, notably <a href=\\"https://en.wikipedia.org/wiki/Beef\\">beef</a> or <a href=\\"https://en.wikipedia.org/wiki/Venison\\">venison</a>. Many modern recipes replace the suet with vegetable <a href=\\"https://en.wikipedia.org/wiki/Shortening\\">shortening</a>. Mincemeat is found in the <a href=\\"https://en.wikipedia.org/wiki/Anglosphere\\">Anglosphere</a>.</p><p data-block-key=\\"bob35\\">Mincemeat Tarts are large (8 inch (20cm) diameter or more) open pastry tarts, sometimes with a lattice pastry top, and occasionally also containing baked or stewed apple. The smaller pastry topped tarts traditionally served at Christmas are known as Mince Pies.</p><p data-block-key=\\"966kf\\">Traditional British Mince Pies are made using shortcrust pastry.</p>"}, {"id": "79f97d63-dcaa-4d4d-b215-d9ea888c2e89", "type": "heading_block", "value": {"size": "h2", "heading_text": "Etymology"}}, {"id": "85e2ad5a-3eaa-498a-8847-0b5927ca093b", "type": "paragraph_block", "value": "<p data-block-key=\\"o28ya\\">The &quot;mince&quot; in mincemeat comes from the <a href=\\"https://en.wikipedia.org/wiki/Middle_English\\">Middle English</a> <i>mincen,</i> and the <a href=\\"https://en.wikipedia.org/wiki/Old_French\\">Old French</a> <i>mincier</i> both traceable to the <a href=\\"https://en.wikipedia.org/wiki/Vulgar_Latin\\">Vulgar Latin</a> <i>minutiare</i>, meaning <i>chop finely</i>. The word mincemeat is an adaptation of an earlier term <i>minced meat,</i> meaning finely chopped meat. Meat was also a term for food in general, not only animal flesh.</p>"}]	<p data-block-key="e4s41">Traditional British Mince Pies recipe</p>	[{"id": "cade027c-468d-4a7f-9f83-bda3d44f97ea", "type": "heading_block", "value": {"size": "h2", "heading_text": "Mincemeat ingredients"}}, {"id": "6bda536d-9ae8-4854-ad33-b1f0fd8c5858", "type": "paragraph_block", "value": "<p data-block-key=\\"c6htq\\">For 4 <a href=\\"https://en.wikibooks.org/wiki/Cookbook:Pint\\">pints</a> (2.25 <a href=\\"https://en.wikibooks.org/wiki/Cookbook:Liter\\">liters</a>):</p>"}, {"id": "bb7bc568-0d2b-4c5b-bab1-daca2552b4c6", "type": "ingredients_list", "value": [{"id": "9aae6b82-f49d-43dd-a824-f840443464b7", "type": "item", "value": "<p data-block-key=\\"7fbou\\">1 <a href=\\"https://en.wikibooks.org/wiki/Cookbook:Pound\\">lb</a> (500 <a href=\\"https://en.wikibooks.org/wiki/Cookbook:Gram\\">g</a>) seeded <a href=\\"https://en.wikibooks.org/wiki/Cookbook:Raisin\\">raisins</a></p>"}, {"id": "0b8ec68c-84b5-4563-aad9-50e44b3605ad", "type": "item", "value": "<p data-block-key=\\"v5vmj\\">1 lb (500 g) <a href=\\"https://en.wikibooks.org/wiki/Cookbook:Currant\\">currants</a></p>"}, {"id": "b52f9380-81e9-4226-9d23-6e4d496d3742", "type": "item", "value": "<p data-block-key=\\"v5vmj\\"> lb (250 g) finely ground beef <a href=\\"https://en.wikibooks.org/wiki/Cookbook:Suet\\">suet</a></p>"}, {"id": "1b79e2de-929b-4eee-9623-5f277e5cb5be", "type": "item", "value": "<p data-block-key=\\"v5vmj\\">Rind of 2 <a href=\\"https://en.wikibooks.org/wiki/Cookbook:Lemon\\">lemons</a></p>"}, {"id": "b0bf03ca-dab6-41f8-85e6-9c2c821e7584", "type": "item", "value": "<p data-block-key=\\"v5vmj\\"> lb (250 g) candied <a href=\\"https://en.wikibooks.org/wiki/Cookbook:Orange\\">orange</a> peel</p>"}, {"id": "b72f7056-6421-48fa-8ba3-e650e1b27d0f", "type": "item", "value": "<p data-block-key=\\"v5vmj\\"> lb (250 g) candied <a href=\\"https://en.wikibooks.org/w/index.php?title=Cookbook:Citron&amp;action=edit&amp;redlink=1\\">citron</a></p>"}, {"id": "66975025-2b77-41cb-9491-d1a5305551d4", "type": "item", "value": "<p data-block-key=\\"v5vmj\\">12 <a href=\\"https://en.wikibooks.org/wiki/Cookbook:Ounce\\">oz</a> (375 g) <a href=\\"https://en.wikibooks.org/wiki/Cookbook:Sugar\\">sugar</a></p>"}, {"id": "502c8f7c-7a03-48b4-b2d2-8c1193b64c71", "type": "item", "value": "<p data-block-key=\\"v5vmj\\">2 lbs (1 <a href=\\"https://en.wikibooks.org/wiki/Cookbook:Kg\\">kg</a>) green <a href=\\"https://en.wikibooks.org/wiki/Cookbook:Apple\\">apples</a>, peeled</p>"}, {"id": "a26e3eb0-4f35-4894-90dc-7e8760490b14", "type": "item", "value": "<p data-block-key=\\"v5vmj\\"> <a href=\\"https://en.wikibooks.org/wiki/Cookbook:Teaspoon\\">tsp</a> (3 <a href=\\"https://en.wikibooks.org/wiki/Cookbook:ML\\">mL</a>) <a href=\\"https://en.wikibooks.org/wiki/Cookbook:Nutmeg\\">nutmeg</a></p>"}, {"id": "bac79011-9015-479d-88b6-8d60631765f8", "type": "item", "value": "<p data-block-key=\\"v5vmj\\"> tsp (3 mL) <a href=\\"https://en.wikibooks.org/wiki/Cookbook:Cinnamon\\">cinnamon</a></p>"}]}, {"id": "1561749c-8851-4224-a2a5-8f5aaec41ec0", "type": "paragraph_block", "value": "<p data-block-key=\\"c6htq\\">And a bit of brandy or rum if desired (recommended:  <a href=\\"https://en.wikibooks.org/wiki/Cookbook:Cup\\">cup</a>, 120 mL) , as well as 1tbsp of salt.</p>"}, {"id": "62fbc143-8142-42a1-b784-73122c4d7bfe", "type": "paragraph_block", "value": "<p data-block-key=\\"c6htq\\">Additional ingredients for assembly:</p><ul><li data-block-key=\\"4usn\\"><a href=\\"https://en.wikibooks.org/wiki/Cookbook:Shortcrust_Pastry\\">Shortcrust Pastry</a>, homemade or store-bought</li><li data-block-key=\\"aqohn\\"><a href=\\"https://en.wikibooks.org/wiki/Cookbook:Milk\\">Milk</a></li><li data-block-key=\\"5bb53\\"><a href=\\"https://en.wikibooks.org/wiki/Cookbook:Egg\\">Egg</a> (optional)</li></ul>"}, {"id": "c28b482e-821c-49b2-afc5-79c36e3ba4b3", "type": "heading_block", "value": {"size": "h2", "heading_text": "Procedure"}}, {"id": "2e12c587-71c0-49ff-b54f-13fbd052d2f7", "type": "table_block", "value": {"cell": [], "data": [["Oven", "F", "C", "Cooking time"], ["Gas", "400", "210", "18 min"], ["Electric", "425", "220", "20 min"], ["Fan", "375", "200", "16 min"]], "table_caption": "Cooking times and temperatures:", "first_col_is_header": true, "first_row_is_table_header": true}}, {"id": "f6ad5e48-660c-465c-b7d3-c5ce4703ebb8", "type": "paragraph_block", "value": "<p data-block-key=\\"yo0t8\\">Expected yield:</p>"}, {"id": "221a0da4-0b18-4345-8e4a-e4d5b25d13cc", "type": "typed_table_block", "value": {"rows": [{"values": ["1 large tart", "<p data-block-key=\\"77zjq\\">Use amounts as-is</p>"]}, {"values": ["2 small tarts", "<p data-block-key=\\"77zjq\\">Use amounts as-is</p>"]}, {"values": ["8 small mincemeat pies", "<p data-block-key=\\"77zjq\\">Use amounts as-is</p>"]}, {"values": ["16 small mincemeat pies", "<p data-block-key=\\"77zjq\\">1.5x all amounts</p>"]}], "columns": [{"type": "text", "heading": "Yield"}, {"type": "rich_text", "heading": "Instructions"}]}}, {"id": "3bd6226c-ad10-45b8-a8b9-5b677fd37b1c", "type": "heading_block", "value": {"size": "h3", "heading_text": "Mincemeat"}}, {"id": "f806364f-f7fa-48c7-8526-5e0c24233dd2", "type": "steps_list", "value": [{"id": "90b06737-b5c1-43be-9efd-d851b42df8bf", "type": "item", "value": {"text": "<p data-block-key=\\"fhzzy\\">Wash and dry currants. Set aside.</p>", "difficulty": "S"}}, {"id": "90870435-7caf-4de9-a0d2-b635d52bd26c", "type": "item", "value": {"text": "<p data-block-key=\\"2v20x\\">Put citron, orange peel, lemon rind, raisins, apples, and suet through a meat grinder using the course grinder blade.</p>", "difficulty": "S"}}, {"id": "8fc0b1b9-48d4-4bbf-84f9-166dff03ef9e", "type": "item", "value": {"text": "<p data-block-key=\\"2v20x\\">Mix in the currants, brandy, and spices.</p>", "difficulty": "S"}}, {"id": "827b830b-be21-4dcf-87c7-ecf999932de8", "type": "item", "value": {"text": "<p data-block-key=\\"2v20x\\">Store in a tightly covered plastic container in the refrigerator (do not freeze) for up to one year.</p>", "difficulty": "S"}}]}, {"id": "5b5644a1-d00c-4850-94c1-71eb7712cdb8", "type": "heading_block", "value": {"size": "h3", "heading_text": "Assembly"}}, {"id": "e819061e-a09c-4dae-b648-62afb1833451", "type": "steps_list", "value": [{"id": "90b06737-b5c1-43be-9efd-d851b42df8bf", "type": "item", "value": {"text": "<p data-block-key=\\"fhzzy\\">Let the pastry warm slightly to almost room temperature. Place on a floured cutting board and roll it out as necessary.</p>", "difficulty": "S"}}, {"id": "782977f2-d230-4e26-8289-cd7013239830", "type": "item", "value": {"text": "<p data-block-key=\\"2v20x\\">Use a doughnut cutter with the center removed or a 2 inch round cookie cutter to cut out tart shells. Gently press into 1 inch (4 cm) tart pans.</p>", "difficulty": "S"}}, {"id": "d1984cd2-3c26-434f-824e-0608600b68c6", "type": "item", "value": {"text": "<p data-block-key=\\"2v20x\\">Fill shells with mincemeat and top with a 1 inch (2.5 cm) round piece of pastry cut with the doughnut hole cutter. For added decoration, cut or press a design into the 1 inch pastry round before placing in the center of the filled tart.</p>", "difficulty": "M"}}, {"id": "b182ca39-999c-49ae-be6f-c32bcd011444", "type": "item", "value": {"text": "<p data-block-key=\\"2v20x\\">Lightly brush the pastry lids with milk, or a mixture of milk and beaten egg.</p>", "difficulty": "S"}}, {"id": "48e2204c-27e5-45c7-aaab-fd7756869bfd", "type": "item", "value": {"text": "<p data-block-key=\\"2v20x\\">Bake at the needed temperature for approximately 20 mins or until pastry is lightly browned at the edges.</p>", "difficulty": "S"}}, {"id": "edc4783d-fb06-4729-bab8-79ca11ce3560", "type": "item", "value": {"text": "<p data-block-key=\\"2v20x\\">Allow to cool on a wire rack, and dust with icing sugar.</p>", "difficulty": "S"}}]}, {"id": "17e9c069-9572-47e3-8df1-e6148413766a", "type": "heading_block", "value": {"size": "h2", "heading_text": "Notes, tips, and variations"}}, {"id": "02d6d181-10f9-42c0-bdae-48dd59cddf7f", "type": "paragraph_block", "value": "<ul><li data-block-key=\\"c6htq\\">If you don&#x27;t want to make your own pastry, store-bought pie crust will work well.</li><li data-block-key=\\"e9ke5\\">Candied orange peel and citron can be found in most markets around Thanksgiving.</li><li data-block-key=\\"bb50n\\">Suet is pure beef fat and can be obtained from a butcher (they will grind it on request.) Vegetarians can substitute a solid vegetable fat such as Pura Vegetable Suet.</li><li data-block-key=\\"v5vi\\">People wanting a more alcoholic kick to their Mince Pie may also want to inject them with a little extra Brandy.</li></ul>"}]
\.


--
-- Data for Name: recipes_recipepersonrelationship; Type: TABLE DATA; Schema: public; Owner: app_user
--

COPY public.recipes_recipepersonrelationship (id, sort_order, page_id, person_id) FROM stdin;
1	0	81	2
2	0	82	1
3	0	83	4
\.


--
-- Data for Name: simple_translation_simpletranslation; Type: TABLE DATA; Schema: public; Owner: app_user
--

COPY public.simple_translation_simpletranslation (id) FROM stdin;
\.


--
-- Data for Name: taggit_tag; Type: TABLE DATA; Schema: public; Owner: app_user
--

COPY public.taggit_tag (id, name, slug) FROM stdin;
1	pineapple	pineapple
2	bike	bike
3	yeast	yeast
4	fermentation	fermentation
5	economics	economics
6	europe	europe
7	baking	baking
8	grain	grain
9	soda	soda
10	sandwich	sandwich
11	dessert	dessert
12	pie	pie
13	fire	fire
\.


--
-- Data for Name: taggit_taggeditem; Type: TABLE DATA; Schema: public; Owner: app_user
--

COPY public.taggit_taggeditem (id, object_id, content_type_id, tag_id) FROM stdin;
\.


--
-- Data for Name: wagtailadmin_admin; Type: TABLE DATA; Schema: public; Owner: app_user
--

COPY public.wagtailadmin_admin (id) FROM stdin;
\.


--
-- Data for Name: wagtailcore_collection; Type: TABLE DATA; Schema: public; Owner: app_user
--

COPY public.wagtailcore_collection (id, path, depth, numchild, name) FROM stdin;
1	0001	1	3	Root
2	00010001	2	0	Bakeries
3	00010003	2	0	Other
4	00010002	2	0	BreadPage Images
\.


--
-- Data for Name: wagtailcore_collectionviewrestriction; Type: TABLE DATA; Schema: public; Owner: app_user
--

COPY public.wagtailcore_collectionviewrestriction (id, restriction_type, password, collection_id) FROM stdin;
\.


--
-- Data for Name: wagtailcore_collectionviewrestriction_groups; Type: TABLE DATA; Schema: public; Owner: app_user
--

COPY public.wagtailcore_collectionviewrestriction_groups (id, collectionviewrestriction_id, group_id) FROM stdin;
\.


--
-- Data for Name: wagtailcore_comment; Type: TABLE DATA; Schema: public; Owner: app_user
--

COPY public.wagtailcore_comment (id, text, contentpath, "position", created_at, updated_at, resolved_at, page_id, resolved_by_id, revision_created_id, user_id) FROM stdin;
\.


--
-- Data for Name: wagtailcore_commentreply; Type: TABLE DATA; Schema: public; Owner: app_user
--

COPY public.wagtailcore_commentreply (id, text, created_at, updated_at, comment_id, user_id) FROM stdin;
\.


--
-- Data for Name: wagtailcore_groupapprovaltask; Type: TABLE DATA; Schema: public; Owner: app_user
--

COPY public.wagtailcore_groupapprovaltask (task_ptr_id) FROM stdin;
1
\.


--
-- Data for Name: wagtailcore_groupapprovaltask_groups; Type: TABLE DATA; Schema: public; Owner: app_user
--

COPY public.wagtailcore_groupapprovaltask_groups (id, groupapprovaltask_id, group_id) FROM stdin;
1	1	1
\.


--
-- Data for Name: wagtailcore_groupcollectionpermission; Type: TABLE DATA; Schema: public; Owner: app_user
--

COPY public.wagtailcore_groupcollectionpermission (id, collection_id, group_id, permission_id) FROM stdin;
1	1	1	1
2	1	2	1
3	1	1	2
4	1	2	2
5	1	1	6
6	1	2	6
7	1	1	7
8	1	2	7
9	1	1	9
10	1	2	9
\.


--
-- Data for Name: wagtailcore_grouppagepermission; Type: TABLE DATA; Schema: public; Owner: app_user
--

COPY public.wagtailcore_grouppagepermission (id, permission_type, group_id, page_id) FROM stdin;
1	add	1	1
2	edit	1	1
3	publish	1	1
4	add	2	1
5	edit	2	1
6	lock	1	1
7	unlock	1	1
\.


--
-- Data for Name: wagtailcore_locale; Type: TABLE DATA; Schema: public; Owner: app_user
--

COPY public.wagtailcore_locale (id, language_code) FROM stdin;
1	en
\.


--
-- Data for Name: wagtailcore_modellogentry; Type: TABLE DATA; Schema: public; Owner: app_user
--

COPY public.wagtailcore_modellogentry (id, label, action, data, "timestamp", content_changed, deleted, object_id, content_type_id, user_id, uuid, revision_id) FROM stdin;
\.


--
-- Data for Name: wagtailcore_page; Type: TABLE DATA; Schema: public; Owner: app_user
--

COPY public.wagtailcore_page (id, path, depth, numchild, title, slug, live, has_unpublished_changes, url_path, seo_title, show_in_menus, search_description, go_live_at, expire_at, expired, content_type_id, owner_id, locked, latest_revision_created_at, first_published_at, live_revision_id, last_published_at, draft_title, locked_at, locked_by_id, translation_key, locale_id, alias_of_id, latest_revision_id) FROM stdin;
83	0001000200050003	4	0	Mincemeat Tart	mincemeat-tart	t	f	/home/recipes/mincemeat-tart/		f		\N	\N	f	26	3	f	2019-04-01 07:35:45.288+00	2019-02-10 16:26:58.04+00	\N	\N	Mincemeat Tart	\N	\N	8014acb8-459b-466c-a182-92f656912097	1	\N	\N
1	0001	1	1	Root	root	t	f	/		f		\N	\N	f	1	\N	f	\N	\N	\N	\N	Root	\N	\N	4b0fecf3-cfa4-466d-b726-16389bd691d0	1	\N	\N
3	000100020001	3	11	Breads	breads	t	f	/home/breads/		t		\N	\N	f	19	\N	f	2019-03-22 06:54:24.677+00	2019-02-10 11:34:11.56+00	\N	\N	Breads	\N	\N	4a0ed213-c519-4f2e-82a5-e92ef6c06b42	1	\N	\N
34	0001000200010003	4	0	Anadama	anadama-bread	t	f	/home/breads/anadama-bread/		f		\N	\N	f	18	\N	f	2019-02-25 08:27:47.625+00	2019-02-10 13:00:21.882+00	\N	\N	Anadama	\N	\N	8c3db6f9-d293-4275-baf9-840132947d36	1	\N	\N
35	0001000200010004	4	0	Anpan	anpan	t	f	/home/breads/anpan/		f		\N	\N	f	18	\N	f	2019-02-23 08:31:07.64+00	2019-02-10 13:00:21.931+00	\N	\N	Anpan	\N	\N	15e3cb9b-87f8-4110-a3b1-c40474c5ecf7	1	\N	\N
36	0001000200010005	4	0	Appam	appam-hoppers	t	f	/home/breads/appam-hoppers/		f		\N	\N	f	18	\N	f	2019-02-23 08:14:23.196+00	2019-02-10 13:00:21.98+00	\N	\N	Appam	\N	\N	2955de9f-eba4-4ddd-a01c-f2bf8e69c98f	1	\N	\N
37	0001000200010006	4	0	Arepa	arepa	t	f	/home/breads/arepa/		f		\N	\N	f	18	\N	f	2019-02-23 08:10:31.068+00	2019-02-10 13:00:22.029+00	\N	\N	Arepa	\N	\N	a661bf4d-4ed1-4d37-bd64-62b61dc4e21f	1	\N	\N
39	0001000200010008	4	0	Bagel	bagel	t	f	/home/breads/bagel/		f		\N	\N	f	18	\N	f	2019-02-23 08:01:54.867+00	2019-02-10 13:00:22.127+00	\N	\N	Bagel	\N	\N	d2302f8e-316e-4b33-9ff7-38e950102252	1	\N	\N
40	0001000200010009	4	0	Baguette	baguette-french-stick-french-bread	t	f	/home/breads/baguette-french-stick-french-bread/		f		\N	\N	f	18	\N	f	2019-02-23 08:04:51.407+00	2019-02-10 13:00:22.18+00	\N	\N	Baguette	\N	\N	0491c8c6-0677-4785-8a96-d830843167b0	1	\N	\N
42	000100020001000B	4	0	Bammy	bammy	t	f	/home/breads/bammy/		f		\N	\N	f	18	\N	f	2019-02-23 08:01:15.242+00	2019-02-10 13:00:22.274+00	\N	\N	Bammy	\N	\N	16728b0f-816f-445c-beaa-50af67bf2a40	1	\N	\N
49	000100020001000I	4	0	Bazin	bazin	t	f	/home/breads/bazin/		f		\N	\N	f	18	\N	f	2019-02-23 08:28:25.337+00	2019-02-10 13:00:22.655+00	\N	\N	Bazin	\N	\N	a53532f0-aa84-482d-9ef4-749a691a6cfc	1	\N	\N
53	000100020001000M	4	0	Bhakri	bhakri	t	f	/home/breads/bhakri/		f		\N	\N	f	18	\N	f	2019-02-23 08:26:10.026+00	2019-02-10 13:00:22.866+00	\N	\N	Bhakri	\N	\N	feee4522-87ec-47a2-a3cf-e9b1735a4870	1	\N	\N
57	000100020001000Q	4	0	Black bread	black-bread	t	f	/home/breads/black-bread/		f		\N	\N	f	18	\N	f	2019-02-23 08:20:09.645+00	2019-02-10 13:00:23.065+00	\N	\N	Black bread	\N	\N	6bd9ee25-11fc-45b3-b105-5f0065e84b19	1	\N	\N
59	000100020001000S	4	0	Bolani	bolani	t	f	/home/breads/bolani/		f		\N	\N	f	18	\N	f	2019-02-23 08:08:39.568+00	2019-02-10 13:00:23.169+00	\N	\N	Bolani	\N	\N	db446640-4931-473d-b51e-e0d76d20b312	1	\N	\N
60	00010002	2	7	Welcome to the Wagtail Bakery!	home	t	f	/home/	Home	f		\N	\N	f	10	\N	f	2019-03-29 18:24:51.618+00	2019-02-10 16:24:31.388+00	\N	\N	Welcome to the Wagtail Bakery!	\N	\N	0a325c4d-e292-46ba-b4f1-c4b7e4663c77	1	\N	\N
61	000100020004	3	6	Blog	blog	t	f	/home/blog/	Wagtail Bakeries Blog	t		\N	\N	f	13	\N	f	2019-04-23 20:04:30.432+00	2019-02-10 16:25:47.179+00	\N	\N	Blog	\N	\N	f502abcf-8643-448e-b55d-6cae0ee8d749	1	\N	\N
62	0001000200040001	4	0	Tracking Wild Yeast	wild-yeast	t	t	/home/blog/wild-yeast/		f		\N	\N	f	14	\N	f	2019-04-01 07:35:45.288+00	2019-02-10 16:26:58.04+00	\N	\N	Tracking Wild Yeast	\N	\N	ef9c6173-919b-49ec-927e-96180337a91a	1	\N	\N
63	000100020003	3	6	Locations	locations	t	f	/home/locations/		t		\N	\N	f	24	\N	f	2019-03-06 02:26:16.335+00	2019-02-10 16:39:04.527+00	\N	\N	Locations	\N	\N	c581e82f-912a-409c-bbe3-e608fbb7952f	1	\N	\N
64	0001000200030001	4	0	Hof	new-york	t	f	/home/locations/new-york/		f		\N	\N	f	23	\N	f	2019-03-29 17:50:19.047+00	2019-02-10 16:39:55.909+00	\N	\N	Hof	\N	\N	70e0c3e1-dfe7-4669-8831-b122996f2dc1	1	\N	\N
65	0001000200030002	4	0	Reykjavik	reykjavik	t	f	/home/locations/reykjavik/		f		\N	\N	f	23	\N	f	2019-03-29 17:33:10.041+00	2019-02-11 23:10:22.386+00	\N	\N	Reykjavik	\N	\N	037e17e8-5706-4e1b-94e6-52942216dcf6	1	\N	\N
66	0001000200030003	4	0	Vik	london	t	f	/home/locations/london/		f		\N	\N	f	23	\N	f	2019-03-29 18:03:09.098+00	2019-02-11 23:13:20.488+00	\N	\N	Vik	\N	\N	c21c4ab6-ed85-4abe-a895-12599c060dee	1	\N	\N
67	0001000200030004	4	0	Selfoss	wellington	t	f	/home/locations/wellington/		f		\N	\N	f	23	\N	f	2019-03-29 17:29:33.457+00	2019-02-11 23:15:58.149+00	\N	\N	Selfoss	\N	\N	cc8976ac-0ffb-471a-a232-beddb5e9df6d	1	\N	\N
68	0001000200040002	4	0	Bread and Circuses	bread-circuses	t	f	/home/blog/bread-circuses/		f		\N	\N	f	14	\N	f	2019-03-29 06:19:57.009+00	2019-02-15 07:42:52.978+00	\N	\N	Bread and Circuses	\N	\N	645b40cb-8d69-47bd-b70f-182b5efd11b3	1	\N	\N
69	000100020008	3	0	Contact Us	contact-us	t	f	/home/contact-us/		t		\N	\N	f	8	\N	f	2019-02-15 17:08:05.684+00	2019-02-15 16:55:56.085+00	\N	\N	Contact Us	\N	\N	385f7041-7e7f-4474-82de-c0aedb43a8cc	1	\N	\N
70	000100020006	3	0	Gallery	gallery	t	f	/home/gallery/		t		\N	\N	f	9	3	f	2019-02-22 07:57:12.151+00	2019-02-17 07:51:47.23+00	\N	\N	Gallery	\N	\N	275157fc-2e5a-4f08-abe3-05dd14c1fe73	1	\N	\N
72	0001000200040003	4	0	The Great Icelandic Baking Show	icelandic-baking	t	f	/home/blog/icelandic-baking/		f		\N	\N	f	14	3	f	2019-03-29 06:52:34.448+00	2019-02-21 08:07:11.832+00	\N	\N	The Great Icelandic Baking Show	\N	\N	c1324591-fed6-47b3-95f3-e880fae219c2	1	\N	\N
73	0001000200040004	4	0	The Joy of (Baking) Soda	joy-baking-soda	t	f	/home/blog/joy-baking-soda/		f		\N	\N	f	14	3	f	2019-03-29 06:58:56.151+00	2019-02-21 08:12:04.176+00	\N	\N	The Joy of (Baking) Soda	\N	\N	85512767-1c31-4875-ab87-694e7aec6486	1	\N	\N
74	0001000200040005	4	0	The Greatest Thing Since Sliced Bread	sliced-bread	t	t	/home/blog/sliced-bread/		f		\N	\N	f	14	3	f	2019-04-01 07:35:26.199+00	2019-02-21 08:17:21.604+00	\N	\N	The Greatest Thing Since Sliced Bread	\N	\N	a3cf9631-4eec-47a0-9a83-475133f430c2	1	\N	\N
76	000100020009	3	0	About	about	t	f	/home/about/		t		\N	\N	f	11	3	f	2019-03-17 07:47:50.894+00	2019-03-17 07:03:16.637+00	\N	\N	About	\N	\N	0fc198d1-421d-426a-9ae6-5d21bb3f8b78	1	\N	\N
77	0001000200040006	4	0	Desserts with Benefits	desserts-benefits	t	f	/home/blog/desserts-benefits/		f		\N	\N	f	14	3	f	2019-04-23 20:03:47.05+00	2019-03-22 06:31:05.324+00	\N	\N	Desserts with Benefits	\N	\N	bef97199-e97c-425b-90b3-f4d606db810c	1	\N	\N
78	0001000200030005	4	0	Hfn	hofn	t	f	/home/locations/hofn/		f		\N	\N	f	23	3	f	2019-03-29 18:05:47.93+00	2019-02-11 23:10:22.386+00	\N	\N	Hfn	\N	\N	0b0ff189-f488-4252-9dab-ec9050516608	1	\N	\N
79	0001000200030006	4	0	Akranes	akranes	t	f	/home/locations/akranes/		f		\N	\N	f	23	3	f	2019-03-29 18:09:44.29+00	2019-02-11 23:10:22.386+00	\N	\N	Akranes	\N	\N	e86e7fb8-7bf7-40c8-a3d0-3ad2de697dfa	1	\N	\N
80	000100020005	3	3	Recipes	recipes	t	f	/home/recipes/		t		\N	\N	f	25	3	f	2019-04-23 20:04:30.432+00	2019-02-10 16:25:47.179+00	\N	\N	Recipes	\N	\N	fa20c55f-7ea0-45a6-8d45-67695ea1ef81	1	\N	\N
81	0001000200050001	4	0	Hot Cross Bun	hot-cross-bun	t	f	/home/recipes/hot-cross-bun/		f		\N	\N	f	26	3	f	2019-04-01 07:35:45.288+00	2019-02-10 16:26:58.04+00	\N	\N	Hot Cross Bun	\N	\N	3759a7a6-7add-4f38-a19c-d15a65c8d19b	1	\N	\N
82	0001000200050002	4	0	Southern Cornbread	southern-cornbread	t	f	/home/recipes/southern-cornbread/		f		\N	\N	f	26	3	f	2019-04-01 07:35:45.288+00	2019-02-10 16:26:58.04+00	\N	\N	Southern Cornbread	\N	\N	8de0f87d-2512-468f-848a-2b266b1d21ea	1	\N	\N
\.


--
-- Data for Name: wagtailcore_pagelogentry; Type: TABLE DATA; Schema: public; Owner: app_user
--

COPY public.wagtailcore_pagelogentry (id, label, action, data, "timestamp", content_changed, deleted, content_type_id, page_id, revision_id, user_id, uuid) FROM stdin;
1	Welcome to your new Wagtail site!	wagtail.delete	{}	2023-02-06 13:53:43.635748+00	f	t	1	2	\N	\N	\N
\.


--
-- Data for Name: wagtailcore_pagesubscription; Type: TABLE DATA; Schema: public; Owner: app_user
--

COPY public.wagtailcore_pagesubscription (id, comment_notifications, page_id, user_id) FROM stdin;
\.


--
-- Data for Name: wagtailcore_pageviewrestriction; Type: TABLE DATA; Schema: public; Owner: app_user
--

COPY public.wagtailcore_pageviewrestriction (id, password, page_id, restriction_type) FROM stdin;
\.


--
-- Data for Name: wagtailcore_pageviewrestriction_groups; Type: TABLE DATA; Schema: public; Owner: app_user
--

COPY public.wagtailcore_pageviewrestriction_groups (id, pageviewrestriction_id, group_id) FROM stdin;
\.


--
-- Data for Name: wagtailcore_referenceindex; Type: TABLE DATA; Schema: public; Owner: app_user
--

COPY public.wagtailcore_referenceindex (id, object_id, to_object_id, model_path, content_path, content_path_hash, base_content_type_id, content_type_id, to_content_type_id) FROM stdin;
1	1	8	image	image	3cb1a537-a728-548b-b207-8423b6010580	12	12	3
2	2	52	image	image	3cb1a537-a728-548b-b207-8423b6010580	12	12	3
3	3	53	image	image	3cb1a537-a728-548b-b207-8423b6010580	12	12	3
4	4	51	image	image	3cb1a537-a728-548b-b207-8423b6010580	12	12	3
5	76	41	image	image	3cb1a537-a728-548b-b207-8423b6010580	1	11	3
6	60	61	featured_section_3	featured_section_3	ea0e1358-a072-5ed7-8b00-95a7dda7e5f7	1	10	1
7	60	63	featured_section_2	featured_section_2	bb4e5e21-2e72-5570-b8ed-31f1d129fa6b	1	10	1
8	60	9	image	image	3cb1a537-a728-548b-b207-8423b6010580	1	10	3
9	60	37	promo_image	promo_image	abfbb103-e548-5a1d-aeda-369aa6228e95	1	10	3
10	60	76	hero_cta_link	hero_cta_link	4dd68ee5-2133-514e-ab18-c39ada0704d5	1	10	1
11	60	3	featured_section_1	featured_section_1	b2392fbd-97c3-561d-95a5-4a01676b0f34	1	10	1
12	70	23	image	image	3cb1a537-a728-548b-b207-8423b6010580	1	9	3
13	70	2	collection	collection	b40b1263-e929-57f2-a7f8-9dbce56b887b	1	9	43
14	62	21	image	image	3cb1a537-a728-548b-b207-8423b6010580	1	14	3
15	62	39	body.image_block.image	body.7e2a0b56-e8d7-46f1-920b-13a715dca209.image	d3f5e6ae-4038-592c-8fe5-248372288cf2	1	14	3
16	62	1	blog_person_relationship.item.person	blog_person_relationship.2.person	b7fbddd4-44ab-5a9e-98a9-acdb0fa1df5f	1	14	12
17	62	3	tagged_items.item.tag	tagged_items.52.tag	3845ded2-490b-5f40-a544-76990e1cf652	1	14	60
18	62	4	tagged_items.item.tag	tagged_items.53.tag	02404cbe-1a12-57f2-86e8-b08f9b3e1c89	1	14	60
19	68	22	image	image	3cb1a537-a728-548b-b207-8423b6010580	1	14	3
20	68	24	body.image_block.image	body.7518f81f-6654-438c-8a4d-f36b3f7c27c9.image	31320660-df25-5e73-9079-eb55b9c9d61f	1	14	3
21	68	12	body.image_block.image	body.a3a480f6-d4e4-4f80-92c1-af97a9ee608d.image	14010cf5-b26e-5bc4-94ec-3fd51041dd8b	1	14	3
22	68	3	tagged_items.item.tag	tagged_items.87.tag	1f1efa75-8791-5086-9dab-a52a2ef31d63	1	14	60
23	68	2	blog_person_relationship.item.person	blog_person_relationship.3.person	6f671e1d-0a1f-56d6-8c24-76a775b884d8	1	14	12
24	68	13	tagged_items.item.tag	tagged_items.88.tag	7002cd24-0943-506b-ae42-59853cc594ee	1	14	60
25	72	42	body.image_block.image	body.103a747f-057a-4c95-9cbe-dfc57cf5107b.image	3573e013-9182-59a3-9a66-e83f7c6b8082	1	14	3
26	72	23	image	image	3cb1a537-a728-548b-b207-8423b6010580	1	14	3
27	72	4	tagged_items.item.tag	tagged_items.90.tag	e72a4057-eba8-5029-b73e-6735f5aebb25	1	14	60
28	72	14	body.image_block.image	body.244a26d0-eae0-4799-8fad-ef0501bdfcff.image	b8241795-3d57-570f-a6bc-ae5ab82a619d	1	14	3
29	72	3	blog_person_relationship.item.person	blog_person_relationship.4.person	40b91ffe-7f52-5a90-9ce2-3a6fc1516378	1	14	12
30	72	8	tagged_items.item.tag	tagged_items.89.tag	1408769c-bff8-527e-943f-fd1596157c9f	1	14	60
31	73	42	image	image	3cb1a537-a728-548b-b207-8423b6010580	1	14	3
32	73	3	blog_person_relationship.item.person	blog_person_relationship.5.person	6d2af342-6c35-5ff1-9cb7-3e652d0bd4fe	1	14	12
33	73	1	blog_person_relationship.item.person	blog_person_relationship.8.person	62591e8b-a001-513f-a55d-42cafa2888ae	1	14	12
34	73	8	tagged_items.item.tag	tagged_items.94.tag	4c568340-3b5e-5d28-9f46-62acf611696d	1	14	60
35	73	37	body.image_block.image	body.9d78ee98-13e7-44af-89c4-3a6ed989aaf3.image	8884ab6e-3894-50ab-875e-adbe837c3c02	1	14	3
36	73	3	tagged_items.item.tag	tagged_items.96.tag	cee8997a-e8b6-5b49-bd88-4d5b80d26bd4	1	14	60
37	73	9	tagged_items.item.tag	tagged_items.95.tag	55c139a1-d703-5912-952b-b45511b614ae	1	14	60
38	73	15	body.image_block.image	body.200fa9e6-d5f2-493d-bbc2-df9bdaf731b7.image	874db422-3d6f-5e5b-bd43-12fc3a294db8	1	14	3
39	74	3	blog_person_relationship.item.person	blog_person_relationship.7.person	5f3fcc6f-78ae-538b-a81d-d56999f0fa39	1	14	12
40	74	10	tagged_items.item.tag	tagged_items.76.tag	5abf45e7-28a2-56e1-90e8-d4285d27bbbb	1	14	60
41	74	7	tagged_items.item.tag	tagged_items.77.tag	3c9c6fd4-24e0-5715-aa2d-83451a75992b	1	14	60
42	74	35	body.image_block.image	body.9330b160-1111-4a25-b927-ec11a5fa10aa.image	00cafd8e-0815-546f-bfc2-b7dc873a4929	1	14	3
43	74	1	blog_person_relationship.item.person	blog_person_relationship.6.person	8b71cffd-d7d4-5282-b99f-d38c59b1a9c2	1	14	12
44	74	25	image	image	3cb1a537-a728-548b-b207-8423b6010580	1	14	3
45	77	43	image	image	3cb1a537-a728-548b-b207-8423b6010580	1	14	3
46	77	11	tagged_items.item.tag	tagged_items.97.tag	b9a2df0b-b0aa-5929-8008-dbbb8a549a0a	1	14	60
47	77	2	blog_person_relationship.item.person	blog_person_relationship.9.person	86d396bc-e52f-5062-a924-589c0c87de3c	1	14	12
48	77	15	body.image_block.image	body.556e76b0-0f5a-42bb-b039-653f3d6b1f0b.image	9ba8fe99-d0b3-5b04-9fdf-7c188cb2a4d4	1	14	3
49	61	11	image	image	3cb1a537-a728-548b-b207-8423b6010580	1	13	3
50	34	4	bread_type	bread_type	8434bef7-6b30-527e-a65c-dd3fcd705675	1	18	20
51	34	3	origin	origin	6bbd0eac-d111-5fd8-8192-7770837836ed	1	18	21
52	34	26	image	image	3cb1a537-a728-548b-b207-8423b6010580	1	18	3
53	35	5	bread_type	bread_type	8434bef7-6b30-527e-a65c-dd3fcd705675	1	18	20
54	35	34	image	image	3cb1a537-a728-548b-b207-8423b6010580	1	18	3
55	35	4	origin	origin	6bbd0eac-d111-5fd8-8192-7770837836ed	1	18	21
56	36	28	image	image	3cb1a537-a728-548b-b207-8423b6010580	1	18	3
57	36	5	origin	origin	6bbd0eac-d111-5fd8-8192-7770837836ed	1	18	21
58	36	6	bread_type	bread_type	8434bef7-6b30-527e-a65c-dd3fcd705675	1	18	20
59	37	7	bread_type	bread_type	8434bef7-6b30-527e-a65c-dd3fcd705675	1	18	20
60	37	6	origin	origin	6bbd0eac-d111-5fd8-8192-7770837836ed	1	18	21
61	37	29	image	image	3cb1a537-a728-548b-b207-8423b6010580	1	18	3
62	39	4	bread_type	bread_type	8434bef7-6b30-527e-a65c-dd3fcd705675	1	18	20
63	39	8	origin	origin	6bbd0eac-d111-5fd8-8192-7770837836ed	1	18	21
64	39	30	image	image	3cb1a537-a728-548b-b207-8423b6010580	1	18	3
65	40	4	bread_type	bread_type	8434bef7-6b30-527e-a65c-dd3fcd705675	1	18	20
66	40	31	image	image	3cb1a537-a728-548b-b207-8423b6010580	1	18	3
67	40	9	origin	origin	6bbd0eac-d111-5fd8-8192-7770837836ed	1	18	21
68	42	11	origin	origin	6bbd0eac-d111-5fd8-8192-7770837836ed	1	18	21
69	42	32	image	image	3cb1a537-a728-548b-b207-8423b6010580	1	18	3
70	42	2	bread_type	bread_type	8434bef7-6b30-527e-a65c-dd3fcd705675	1	18	20
71	49	33	image	image	3cb1a537-a728-548b-b207-8423b6010580	1	18	3
72	49	11	bread_type	bread_type	8434bef7-6b30-527e-a65c-dd3fcd705675	1	18	20
73	49	18	origin	origin	6bbd0eac-d111-5fd8-8192-7770837836ed	1	18	21
74	53	21	origin	origin	6bbd0eac-d111-5fd8-8192-7770837836ed	1	18	21
75	53	40	image	image	3cb1a537-a728-548b-b207-8423b6010580	1	18	3
76	53	14	bread_type	bread_type	8434bef7-6b30-527e-a65c-dd3fcd705675	1	18	20
77	57	16	bread_type	bread_type	8434bef7-6b30-527e-a65c-dd3fcd705675	1	18	20
78	57	12	origin	origin	6bbd0eac-d111-5fd8-8192-7770837836ed	1	18	21
79	57	39	image	image	3cb1a537-a728-548b-b207-8423b6010580	1	18	3
80	59	24	origin	origin	6bbd0eac-d111-5fd8-8192-7770837836ed	1	18	21
81	59	36	image	image	3cb1a537-a728-548b-b207-8423b6010580	1	18	3
82	59	2	bread_type	bread_type	8434bef7-6b30-527e-a65c-dd3fcd705675	1	18	20
83	3	9	image	image	3cb1a537-a728-548b-b207-8423b6010580	1	19	3
84	63	10	image	image	3cb1a537-a728-548b-b207-8423b6010580	1	24	3
85	64	46	image	image	3cb1a537-a728-548b-b207-8423b6010580	1	23	3
86	65	45	image	image	3cb1a537-a728-548b-b207-8423b6010580	1	23	3
87	66	47	image	image	3cb1a537-a728-548b-b207-8423b6010580	1	23	3
88	67	44	image	image	3cb1a537-a728-548b-b207-8423b6010580	1	23	3
89	78	48	image	image	3cb1a537-a728-548b-b207-8423b6010580	1	23	3
90	79	49	image	image	3cb1a537-a728-548b-b207-8423b6010580	1	23	3
91	81	2	recipe_person_relationship.item.person	recipe_person_relationship.1.person	0526c520-772e-5ce0-ab90-208ffb6ab37f	1	26	12
92	82	1	recipe_person_relationship.item.person	recipe_person_relationship.2.person	d1b92fd7-0615-5fb4-9b08-842da80e3d34	1	26	12
93	83	4	recipe_person_relationship.item.person	recipe_person_relationship.3.person	fa7e08d2-9445-5852-95f5-32ada6b94d70	1	26	12
94	1	69	page	page	7b295380-95fa-5117-92c0-23c46a06e9b7	29	29	1
95	8	3	collection	collection	b40b1263-e929-57f2-a7f8-9dbce56b887b	3	3	43
96	9	2	collection	collection	b40b1263-e929-57f2-a7f8-9dbce56b887b	3	3	43
97	10	2	collection	collection	b40b1263-e929-57f2-a7f8-9dbce56b887b	3	3	43
98	11	2	collection	collection	b40b1263-e929-57f2-a7f8-9dbce56b887b	3	3	43
99	12	2	collection	collection	b40b1263-e929-57f2-a7f8-9dbce56b887b	3	3	43
100	14	2	collection	collection	b40b1263-e929-57f2-a7f8-9dbce56b887b	3	3	43
101	15	2	collection	collection	b40b1263-e929-57f2-a7f8-9dbce56b887b	3	3	43
102	21	2	collection	collection	b40b1263-e929-57f2-a7f8-9dbce56b887b	3	3	43
103	22	2	collection	collection	b40b1263-e929-57f2-a7f8-9dbce56b887b	3	3	43
104	23	2	collection	collection	b40b1263-e929-57f2-a7f8-9dbce56b887b	3	3	43
105	24	2	collection	collection	b40b1263-e929-57f2-a7f8-9dbce56b887b	3	3	43
106	25	2	collection	collection	b40b1263-e929-57f2-a7f8-9dbce56b887b	3	3	43
107	26	4	collection	collection	b40b1263-e929-57f2-a7f8-9dbce56b887b	3	3	43
108	28	4	collection	collection	b40b1263-e929-57f2-a7f8-9dbce56b887b	3	3	43
109	29	4	collection	collection	b40b1263-e929-57f2-a7f8-9dbce56b887b	3	3	43
110	30	4	collection	collection	b40b1263-e929-57f2-a7f8-9dbce56b887b	3	3	43
111	31	4	collection	collection	b40b1263-e929-57f2-a7f8-9dbce56b887b	3	3	43
112	32	4	collection	collection	b40b1263-e929-57f2-a7f8-9dbce56b887b	3	3	43
113	33	4	collection	collection	b40b1263-e929-57f2-a7f8-9dbce56b887b	3	3	43
114	34	4	collection	collection	b40b1263-e929-57f2-a7f8-9dbce56b887b	3	3	43
115	35	4	collection	collection	b40b1263-e929-57f2-a7f8-9dbce56b887b	3	3	43
116	36	4	collection	collection	b40b1263-e929-57f2-a7f8-9dbce56b887b	3	3	43
117	37	4	collection	collection	b40b1263-e929-57f2-a7f8-9dbce56b887b	3	3	43
118	39	4	collection	collection	b40b1263-e929-57f2-a7f8-9dbce56b887b	3	3	43
119	40	4	collection	collection	b40b1263-e929-57f2-a7f8-9dbce56b887b	3	3	43
120	41	3	collection	collection	b40b1263-e929-57f2-a7f8-9dbce56b887b	3	3	43
121	42	3	collection	collection	b40b1263-e929-57f2-a7f8-9dbce56b887b	3	3	43
122	43	3	collection	collection	b40b1263-e929-57f2-a7f8-9dbce56b887b	3	3	43
123	44	1	collection	collection	b40b1263-e929-57f2-a7f8-9dbce56b887b	3	3	43
124	45	1	collection	collection	b40b1263-e929-57f2-a7f8-9dbce56b887b	3	3	43
125	46	1	collection	collection	b40b1263-e929-57f2-a7f8-9dbce56b887b	3	3	43
126	47	1	collection	collection	b40b1263-e929-57f2-a7f8-9dbce56b887b	3	3	43
127	48	1	collection	collection	b40b1263-e929-57f2-a7f8-9dbce56b887b	3	3	43
128	49	1	collection	collection	b40b1263-e929-57f2-a7f8-9dbce56b887b	3	3	43
129	51	3	collection	collection	b40b1263-e929-57f2-a7f8-9dbce56b887b	3	3	43
130	52	3	collection	collection	b40b1263-e929-57f2-a7f8-9dbce56b887b	3	3	43
131	53	3	collection	collection	b40b1263-e929-57f2-a7f8-9dbce56b887b	3	3	43
132	2	60	root_page	root_page	2715dadc-b575-5364-93c0-7859ed193ef2	42	42	1
133	1	1	group	group	700706d8-6e0d-5cc5-b616-2812dfb68244	44	44	64
134	1	1	permission	permission	f5227151-eff3-5590-a712-87c1d0be142c	44	44	63
135	1	1	collection	collection	b40b1263-e929-57f2-a7f8-9dbce56b887b	44	44	43
136	2	2	group	group	700706d8-6e0d-5cc5-b616-2812dfb68244	44	44	64
137	2	1	permission	permission	f5227151-eff3-5590-a712-87c1d0be142c	44	44	63
138	2	1	collection	collection	b40b1263-e929-57f2-a7f8-9dbce56b887b	44	44	43
139	3	1	group	group	700706d8-6e0d-5cc5-b616-2812dfb68244	44	44	64
140	3	2	permission	permission	f5227151-eff3-5590-a712-87c1d0be142c	44	44	63
141	3	1	collection	collection	b40b1263-e929-57f2-a7f8-9dbce56b887b	44	44	43
142	4	2	group	group	700706d8-6e0d-5cc5-b616-2812dfb68244	44	44	64
143	4	2	permission	permission	f5227151-eff3-5590-a712-87c1d0be142c	44	44	63
144	4	1	collection	collection	b40b1263-e929-57f2-a7f8-9dbce56b887b	44	44	43
145	5	6	permission	permission	f5227151-eff3-5590-a712-87c1d0be142c	44	44	63
146	5	1	group	group	700706d8-6e0d-5cc5-b616-2812dfb68244	44	44	64
147	5	1	collection	collection	b40b1263-e929-57f2-a7f8-9dbce56b887b	44	44	43
148	6	2	group	group	700706d8-6e0d-5cc5-b616-2812dfb68244	44	44	64
149	6	6	permission	permission	f5227151-eff3-5590-a712-87c1d0be142c	44	44	63
150	6	1	collection	collection	b40b1263-e929-57f2-a7f8-9dbce56b887b	44	44	43
151	7	1	group	group	700706d8-6e0d-5cc5-b616-2812dfb68244	44	44	64
152	7	1	collection	collection	b40b1263-e929-57f2-a7f8-9dbce56b887b	44	44	43
153	7	7	permission	permission	f5227151-eff3-5590-a712-87c1d0be142c	44	44	63
154	8	2	group	group	700706d8-6e0d-5cc5-b616-2812dfb68244	44	44	64
155	8	1	collection	collection	b40b1263-e929-57f2-a7f8-9dbce56b887b	44	44	43
156	8	7	permission	permission	f5227151-eff3-5590-a712-87c1d0be142c	44	44	63
157	9	1	group	group	700706d8-6e0d-5cc5-b616-2812dfb68244	44	44	64
158	9	9	permission	permission	f5227151-eff3-5590-a712-87c1d0be142c	44	44	63
159	9	1	collection	collection	b40b1263-e929-57f2-a7f8-9dbce56b887b	44	44	43
160	10	2	group	group	700706d8-6e0d-5cc5-b616-2812dfb68244	44	44	64
161	10	9	permission	permission	f5227151-eff3-5590-a712-87c1d0be142c	44	44	63
162	10	1	collection	collection	b40b1263-e929-57f2-a7f8-9dbce56b887b	44	44	43
163	1	1	group	group	700706d8-6e0d-5cc5-b616-2812dfb68244	40	40	64
164	1	1	page	page	7b295380-95fa-5117-92c0-23c46a06e9b7	40	40	1
165	2	1	group	group	700706d8-6e0d-5cc5-b616-2812dfb68244	40	40	64
166	2	1	page	page	7b295380-95fa-5117-92c0-23c46a06e9b7	40	40	1
167	3	1	group	group	700706d8-6e0d-5cc5-b616-2812dfb68244	40	40	64
168	3	1	page	page	7b295380-95fa-5117-92c0-23c46a06e9b7	40	40	1
169	4	1	page	page	7b295380-95fa-5117-92c0-23c46a06e9b7	40	40	1
170	4	2	group	group	700706d8-6e0d-5cc5-b616-2812dfb68244	40	40	64
171	5	1	page	page	7b295380-95fa-5117-92c0-23c46a06e9b7	40	40	1
172	5	2	group	group	700706d8-6e0d-5cc5-b616-2812dfb68244	40	40	64
173	6	1	group	group	700706d8-6e0d-5cc5-b616-2812dfb68244	40	40	64
174	6	1	page	page	7b295380-95fa-5117-92c0-23c46a06e9b7	40	40	1
175	7	1	group	group	700706d8-6e0d-5cc5-b616-2812dfb68244	40	40	64
176	7	1	page	page	7b295380-95fa-5117-92c0-23c46a06e9b7	40	40	1
177	1	1	workflow	workflow	c24a0b88-1f77-515c-88b5-a8ecba19ba66	50	50	48
178	1	2	content_type	content_type	47079e64-c419-5937-a419-3f3e7d89a6bb	46	46	66
179	1	1	workflow_tasks.item.task	workflow_tasks.1.task	654c9043-00a3-5180-8337-0536025e4c65	48	48	46
180	1	3	content_type	content_type	47079e64-c419-5937-a419-3f3e7d89a6bb	63	63	66
181	2	3	content_type	content_type	47079e64-c419-5937-a419-3f3e7d89a6bb	63	63	66
182	3	3	content_type	content_type	47079e64-c419-5937-a419-3f3e7d89a6bb	63	63	66
183	4	3	content_type	content_type	47079e64-c419-5937-a419-3f3e7d89a6bb	63	63	66
184	5	4	content_type	content_type	47079e64-c419-5937-a419-3f3e7d89a6bb	63	63	66
185	6	5	content_type	content_type	47079e64-c419-5937-a419-3f3e7d89a6bb	63	63	66
186	7	5	content_type	content_type	47079e64-c419-5937-a419-3f3e7d89a6bb	63	63	66
187	8	5	content_type	content_type	47079e64-c419-5937-a419-3f3e7d89a6bb	63	63	66
188	9	5	content_type	content_type	47079e64-c419-5937-a419-3f3e7d89a6bb	63	63	66
189	10	6	content_type	content_type	47079e64-c419-5937-a419-3f3e7d89a6bb	63	63	66
190	11	6	content_type	content_type	47079e64-c419-5937-a419-3f3e7d89a6bb	63	63	66
191	12	6	content_type	content_type	47079e64-c419-5937-a419-3f3e7d89a6bb	63	63	66
192	13	6	content_type	content_type	47079e64-c419-5937-a419-3f3e7d89a6bb	63	63	66
193	14	7	content_type	content_type	47079e64-c419-5937-a419-3f3e7d89a6bb	63	63	66
194	15	7	content_type	content_type	47079e64-c419-5937-a419-3f3e7d89a6bb	63	63	66
195	16	7	content_type	content_type	47079e64-c419-5937-a419-3f3e7d89a6bb	63	63	66
196	17	7	content_type	content_type	47079e64-c419-5937-a419-3f3e7d89a6bb	63	63	66
197	18	8	content_type	content_type	47079e64-c419-5937-a419-3f3e7d89a6bb	63	63	66
198	19	8	content_type	content_type	47079e64-c419-5937-a419-3f3e7d89a6bb	63	63	66
199	20	8	content_type	content_type	47079e64-c419-5937-a419-3f3e7d89a6bb	63	63	66
200	21	8	content_type	content_type	47079e64-c419-5937-a419-3f3e7d89a6bb	63	63	66
201	22	9	content_type	content_type	47079e64-c419-5937-a419-3f3e7d89a6bb	63	63	66
202	23	9	content_type	content_type	47079e64-c419-5937-a419-3f3e7d89a6bb	63	63	66
203	24	9	content_type	content_type	47079e64-c419-5937-a419-3f3e7d89a6bb	63	63	66
204	25	9	content_type	content_type	47079e64-c419-5937-a419-3f3e7d89a6bb	63	63	66
205	26	10	content_type	content_type	47079e64-c419-5937-a419-3f3e7d89a6bb	63	63	66
206	27	10	content_type	content_type	47079e64-c419-5937-a419-3f3e7d89a6bb	63	63	66
207	28	10	content_type	content_type	47079e64-c419-5937-a419-3f3e7d89a6bb	63	63	66
208	29	10	content_type	content_type	47079e64-c419-5937-a419-3f3e7d89a6bb	63	63	66
209	30	11	content_type	content_type	47079e64-c419-5937-a419-3f3e7d89a6bb	63	63	66
210	31	11	content_type	content_type	47079e64-c419-5937-a419-3f3e7d89a6bb	63	63	66
211	32	11	content_type	content_type	47079e64-c419-5937-a419-3f3e7d89a6bb	63	63	66
212	33	11	content_type	content_type	47079e64-c419-5937-a419-3f3e7d89a6bb	63	63	66
213	34	12	content_type	content_type	47079e64-c419-5937-a419-3f3e7d89a6bb	63	63	66
214	35	12	content_type	content_type	47079e64-c419-5937-a419-3f3e7d89a6bb	63	63	66
215	36	12	content_type	content_type	47079e64-c419-5937-a419-3f3e7d89a6bb	63	63	66
216	37	12	content_type	content_type	47079e64-c419-5937-a419-3f3e7d89a6bb	63	63	66
217	38	13	content_type	content_type	47079e64-c419-5937-a419-3f3e7d89a6bb	63	63	66
218	39	13	content_type	content_type	47079e64-c419-5937-a419-3f3e7d89a6bb	63	63	66
219	40	13	content_type	content_type	47079e64-c419-5937-a419-3f3e7d89a6bb	63	63	66
220	41	13	content_type	content_type	47079e64-c419-5937-a419-3f3e7d89a6bb	63	63	66
221	42	14	content_type	content_type	47079e64-c419-5937-a419-3f3e7d89a6bb	63	63	66
222	43	14	content_type	content_type	47079e64-c419-5937-a419-3f3e7d89a6bb	63	63	66
223	44	14	content_type	content_type	47079e64-c419-5937-a419-3f3e7d89a6bb	63	63	66
224	45	14	content_type	content_type	47079e64-c419-5937-a419-3f3e7d89a6bb	63	63	66
225	46	15	content_type	content_type	47079e64-c419-5937-a419-3f3e7d89a6bb	63	63	66
226	47	15	content_type	content_type	47079e64-c419-5937-a419-3f3e7d89a6bb	63	63	66
227	48	15	content_type	content_type	47079e64-c419-5937-a419-3f3e7d89a6bb	63	63	66
228	49	15	content_type	content_type	47079e64-c419-5937-a419-3f3e7d89a6bb	63	63	66
229	50	16	content_type	content_type	47079e64-c419-5937-a419-3f3e7d89a6bb	63	63	66
230	51	16	content_type	content_type	47079e64-c419-5937-a419-3f3e7d89a6bb	63	63	66
231	52	16	content_type	content_type	47079e64-c419-5937-a419-3f3e7d89a6bb	63	63	66
232	53	16	content_type	content_type	47079e64-c419-5937-a419-3f3e7d89a6bb	63	63	66
233	54	17	content_type	content_type	47079e64-c419-5937-a419-3f3e7d89a6bb	63	63	66
234	55	17	content_type	content_type	47079e64-c419-5937-a419-3f3e7d89a6bb	63	63	66
235	56	17	content_type	content_type	47079e64-c419-5937-a419-3f3e7d89a6bb	63	63	66
236	57	17	content_type	content_type	47079e64-c419-5937-a419-3f3e7d89a6bb	63	63	66
237	58	18	content_type	content_type	47079e64-c419-5937-a419-3f3e7d89a6bb	63	63	66
238	59	18	content_type	content_type	47079e64-c419-5937-a419-3f3e7d89a6bb	63	63	66
239	60	18	content_type	content_type	47079e64-c419-5937-a419-3f3e7d89a6bb	63	63	66
240	61	18	content_type	content_type	47079e64-c419-5937-a419-3f3e7d89a6bb	63	63	66
241	62	19	content_type	content_type	47079e64-c419-5937-a419-3f3e7d89a6bb	63	63	66
242	63	19	content_type	content_type	47079e64-c419-5937-a419-3f3e7d89a6bb	63	63	66
243	64	19	content_type	content_type	47079e64-c419-5937-a419-3f3e7d89a6bb	63	63	66
244	65	19	content_type	content_type	47079e64-c419-5937-a419-3f3e7d89a6bb	63	63	66
245	66	20	content_type	content_type	47079e64-c419-5937-a419-3f3e7d89a6bb	63	63	66
246	67	20	content_type	content_type	47079e64-c419-5937-a419-3f3e7d89a6bb	63	63	66
247	68	20	content_type	content_type	47079e64-c419-5937-a419-3f3e7d89a6bb	63	63	66
248	69	20	content_type	content_type	47079e64-c419-5937-a419-3f3e7d89a6bb	63	63	66
249	70	21	content_type	content_type	47079e64-c419-5937-a419-3f3e7d89a6bb	63	63	66
250	71	21	content_type	content_type	47079e64-c419-5937-a419-3f3e7d89a6bb	63	63	66
251	72	21	content_type	content_type	47079e64-c419-5937-a419-3f3e7d89a6bb	63	63	66
252	73	21	content_type	content_type	47079e64-c419-5937-a419-3f3e7d89a6bb	63	63	66
253	74	22	content_type	content_type	47079e64-c419-5937-a419-3f3e7d89a6bb	63	63	66
254	75	22	content_type	content_type	47079e64-c419-5937-a419-3f3e7d89a6bb	63	63	66
255	76	22	content_type	content_type	47079e64-c419-5937-a419-3f3e7d89a6bb	63	63	66
256	77	22	content_type	content_type	47079e64-c419-5937-a419-3f3e7d89a6bb	63	63	66
257	78	23	content_type	content_type	47079e64-c419-5937-a419-3f3e7d89a6bb	63	63	66
258	79	23	content_type	content_type	47079e64-c419-5937-a419-3f3e7d89a6bb	63	63	66
259	80	23	content_type	content_type	47079e64-c419-5937-a419-3f3e7d89a6bb	63	63	66
260	81	23	content_type	content_type	47079e64-c419-5937-a419-3f3e7d89a6bb	63	63	66
261	82	24	content_type	content_type	47079e64-c419-5937-a419-3f3e7d89a6bb	63	63	66
262	83	24	content_type	content_type	47079e64-c419-5937-a419-3f3e7d89a6bb	63	63	66
263	84	24	content_type	content_type	47079e64-c419-5937-a419-3f3e7d89a6bb	63	63	66
264	85	24	content_type	content_type	47079e64-c419-5937-a419-3f3e7d89a6bb	63	63	66
265	86	25	content_type	content_type	47079e64-c419-5937-a419-3f3e7d89a6bb	63	63	66
266	87	25	content_type	content_type	47079e64-c419-5937-a419-3f3e7d89a6bb	63	63	66
267	88	25	content_type	content_type	47079e64-c419-5937-a419-3f3e7d89a6bb	63	63	66
268	89	25	content_type	content_type	47079e64-c419-5937-a419-3f3e7d89a6bb	63	63	66
269	90	26	content_type	content_type	47079e64-c419-5937-a419-3f3e7d89a6bb	63	63	66
270	91	26	content_type	content_type	47079e64-c419-5937-a419-3f3e7d89a6bb	63	63	66
271	92	26	content_type	content_type	47079e64-c419-5937-a419-3f3e7d89a6bb	63	63	66
272	93	26	content_type	content_type	47079e64-c419-5937-a419-3f3e7d89a6bb	63	63	66
273	94	27	content_type	content_type	47079e64-c419-5937-a419-3f3e7d89a6bb	63	63	66
274	95	27	content_type	content_type	47079e64-c419-5937-a419-3f3e7d89a6bb	63	63	66
275	96	27	content_type	content_type	47079e64-c419-5937-a419-3f3e7d89a6bb	63	63	66
276	97	27	content_type	content_type	47079e64-c419-5937-a419-3f3e7d89a6bb	63	63	66
277	98	28	content_type	content_type	47079e64-c419-5937-a419-3f3e7d89a6bb	63	63	66
278	99	28	content_type	content_type	47079e64-c419-5937-a419-3f3e7d89a6bb	63	63	66
279	100	28	content_type	content_type	47079e64-c419-5937-a419-3f3e7d89a6bb	63	63	66
280	101	28	content_type	content_type	47079e64-c419-5937-a419-3f3e7d89a6bb	63	63	66
281	102	29	content_type	content_type	47079e64-c419-5937-a419-3f3e7d89a6bb	63	63	66
282	103	29	content_type	content_type	47079e64-c419-5937-a419-3f3e7d89a6bb	63	63	66
283	104	29	content_type	content_type	47079e64-c419-5937-a419-3f3e7d89a6bb	63	63	66
284	105	29	content_type	content_type	47079e64-c419-5937-a419-3f3e7d89a6bb	63	63	66
285	106	30	content_type	content_type	47079e64-c419-5937-a419-3f3e7d89a6bb	63	63	66
286	107	30	content_type	content_type	47079e64-c419-5937-a419-3f3e7d89a6bb	63	63	66
287	108	30	content_type	content_type	47079e64-c419-5937-a419-3f3e7d89a6bb	63	63	66
288	109	30	content_type	content_type	47079e64-c419-5937-a419-3f3e7d89a6bb	63	63	66
289	110	31	content_type	content_type	47079e64-c419-5937-a419-3f3e7d89a6bb	63	63	66
290	111	31	content_type	content_type	47079e64-c419-5937-a419-3f3e7d89a6bb	63	63	66
291	112	31	content_type	content_type	47079e64-c419-5937-a419-3f3e7d89a6bb	63	63	66
292	113	31	content_type	content_type	47079e64-c419-5937-a419-3f3e7d89a6bb	63	63	66
293	114	32	content_type	content_type	47079e64-c419-5937-a419-3f3e7d89a6bb	63	63	66
294	115	32	content_type	content_type	47079e64-c419-5937-a419-3f3e7d89a6bb	63	63	66
295	116	32	content_type	content_type	47079e64-c419-5937-a419-3f3e7d89a6bb	63	63	66
296	117	32	content_type	content_type	47079e64-c419-5937-a419-3f3e7d89a6bb	63	63	66
297	118	5	content_type	content_type	47079e64-c419-5937-a419-3f3e7d89a6bb	63	63	66
298	119	33	content_type	content_type	47079e64-c419-5937-a419-3f3e7d89a6bb	63	63	66
299	120	33	content_type	content_type	47079e64-c419-5937-a419-3f3e7d89a6bb	63	63	66
300	121	33	content_type	content_type	47079e64-c419-5937-a419-3f3e7d89a6bb	63	63	66
301	122	33	content_type	content_type	47079e64-c419-5937-a419-3f3e7d89a6bb	63	63	66
302	123	3	content_type	content_type	47079e64-c419-5937-a419-3f3e7d89a6bb	63	63	66
303	124	34	content_type	content_type	47079e64-c419-5937-a419-3f3e7d89a6bb	63	63	66
304	125	34	content_type	content_type	47079e64-c419-5937-a419-3f3e7d89a6bb	63	63	66
305	126	34	content_type	content_type	47079e64-c419-5937-a419-3f3e7d89a6bb	63	63	66
306	127	34	content_type	content_type	47079e64-c419-5937-a419-3f3e7d89a6bb	63	63	66
307	128	35	content_type	content_type	47079e64-c419-5937-a419-3f3e7d89a6bb	63	63	66
308	129	35	content_type	content_type	47079e64-c419-5937-a419-3f3e7d89a6bb	63	63	66
309	130	35	content_type	content_type	47079e64-c419-5937-a419-3f3e7d89a6bb	63	63	66
310	131	35	content_type	content_type	47079e64-c419-5937-a419-3f3e7d89a6bb	63	63	66
311	132	36	content_type	content_type	47079e64-c419-5937-a419-3f3e7d89a6bb	63	63	66
312	133	36	content_type	content_type	47079e64-c419-5937-a419-3f3e7d89a6bb	63	63	66
313	134	36	content_type	content_type	47079e64-c419-5937-a419-3f3e7d89a6bb	63	63	66
314	135	36	content_type	content_type	47079e64-c419-5937-a419-3f3e7d89a6bb	63	63	66
315	136	37	content_type	content_type	47079e64-c419-5937-a419-3f3e7d89a6bb	63	63	66
316	137	37	content_type	content_type	47079e64-c419-5937-a419-3f3e7d89a6bb	63	63	66
317	138	37	content_type	content_type	47079e64-c419-5937-a419-3f3e7d89a6bb	63	63	66
318	139	37	content_type	content_type	47079e64-c419-5937-a419-3f3e7d89a6bb	63	63	66
319	140	38	content_type	content_type	47079e64-c419-5937-a419-3f3e7d89a6bb	63	63	66
320	141	38	content_type	content_type	47079e64-c419-5937-a419-3f3e7d89a6bb	63	63	66
321	142	38	content_type	content_type	47079e64-c419-5937-a419-3f3e7d89a6bb	63	63	66
322	143	38	content_type	content_type	47079e64-c419-5937-a419-3f3e7d89a6bb	63	63	66
323	144	39	content_type	content_type	47079e64-c419-5937-a419-3f3e7d89a6bb	63	63	66
324	145	1	content_type	content_type	47079e64-c419-5937-a419-3f3e7d89a6bb	63	63	66
325	146	1	content_type	content_type	47079e64-c419-5937-a419-3f3e7d89a6bb	63	63	66
326	147	1	content_type	content_type	47079e64-c419-5937-a419-3f3e7d89a6bb	63	63	66
327	148	1	content_type	content_type	47079e64-c419-5937-a419-3f3e7d89a6bb	63	63	66
328	149	40	content_type	content_type	47079e64-c419-5937-a419-3f3e7d89a6bb	63	63	66
329	150	40	content_type	content_type	47079e64-c419-5937-a419-3f3e7d89a6bb	63	63	66
330	151	40	content_type	content_type	47079e64-c419-5937-a419-3f3e7d89a6bb	63	63	66
331	152	40	content_type	content_type	47079e64-c419-5937-a419-3f3e7d89a6bb	63	63	66
332	153	41	content_type	content_type	47079e64-c419-5937-a419-3f3e7d89a6bb	63	63	66
333	154	41	content_type	content_type	47079e64-c419-5937-a419-3f3e7d89a6bb	63	63	66
334	155	41	content_type	content_type	47079e64-c419-5937-a419-3f3e7d89a6bb	63	63	66
335	156	41	content_type	content_type	47079e64-c419-5937-a419-3f3e7d89a6bb	63	63	66
336	157	42	content_type	content_type	47079e64-c419-5937-a419-3f3e7d89a6bb	63	63	66
337	158	42	content_type	content_type	47079e64-c419-5937-a419-3f3e7d89a6bb	63	63	66
338	159	42	content_type	content_type	47079e64-c419-5937-a419-3f3e7d89a6bb	63	63	66
339	160	42	content_type	content_type	47079e64-c419-5937-a419-3f3e7d89a6bb	63	63	66
340	161	43	content_type	content_type	47079e64-c419-5937-a419-3f3e7d89a6bb	63	63	66
341	162	43	content_type	content_type	47079e64-c419-5937-a419-3f3e7d89a6bb	63	63	66
342	163	43	content_type	content_type	47079e64-c419-5937-a419-3f3e7d89a6bb	63	63	66
343	164	43	content_type	content_type	47079e64-c419-5937-a419-3f3e7d89a6bb	63	63	66
344	165	44	content_type	content_type	47079e64-c419-5937-a419-3f3e7d89a6bb	63	63	66
345	166	44	content_type	content_type	47079e64-c419-5937-a419-3f3e7d89a6bb	63	63	66
346	167	44	content_type	content_type	47079e64-c419-5937-a419-3f3e7d89a6bb	63	63	66
347	168	44	content_type	content_type	47079e64-c419-5937-a419-3f3e7d89a6bb	63	63	66
348	169	45	content_type	content_type	47079e64-c419-5937-a419-3f3e7d89a6bb	63	63	66
349	170	45	content_type	content_type	47079e64-c419-5937-a419-3f3e7d89a6bb	63	63	66
350	171	45	content_type	content_type	47079e64-c419-5937-a419-3f3e7d89a6bb	63	63	66
351	172	45	content_type	content_type	47079e64-c419-5937-a419-3f3e7d89a6bb	63	63	66
352	173	46	content_type	content_type	47079e64-c419-5937-a419-3f3e7d89a6bb	63	63	66
353	174	46	content_type	content_type	47079e64-c419-5937-a419-3f3e7d89a6bb	63	63	66
354	175	46	content_type	content_type	47079e64-c419-5937-a419-3f3e7d89a6bb	63	63	66
355	176	46	content_type	content_type	47079e64-c419-5937-a419-3f3e7d89a6bb	63	63	66
356	177	47	content_type	content_type	47079e64-c419-5937-a419-3f3e7d89a6bb	63	63	66
357	178	47	content_type	content_type	47079e64-c419-5937-a419-3f3e7d89a6bb	63	63	66
358	179	47	content_type	content_type	47079e64-c419-5937-a419-3f3e7d89a6bb	63	63	66
359	180	47	content_type	content_type	47079e64-c419-5937-a419-3f3e7d89a6bb	63	63	66
360	181	48	content_type	content_type	47079e64-c419-5937-a419-3f3e7d89a6bb	63	63	66
361	182	48	content_type	content_type	47079e64-c419-5937-a419-3f3e7d89a6bb	63	63	66
362	183	48	content_type	content_type	47079e64-c419-5937-a419-3f3e7d89a6bb	63	63	66
363	184	48	content_type	content_type	47079e64-c419-5937-a419-3f3e7d89a6bb	63	63	66
364	185	2	content_type	content_type	47079e64-c419-5937-a419-3f3e7d89a6bb	63	63	66
365	186	2	content_type	content_type	47079e64-c419-5937-a419-3f3e7d89a6bb	63	63	66
366	187	2	content_type	content_type	47079e64-c419-5937-a419-3f3e7d89a6bb	63	63	66
367	188	2	content_type	content_type	47079e64-c419-5937-a419-3f3e7d89a6bb	63	63	66
368	189	49	content_type	content_type	47079e64-c419-5937-a419-3f3e7d89a6bb	63	63	66
369	190	49	content_type	content_type	47079e64-c419-5937-a419-3f3e7d89a6bb	63	63	66
370	191	49	content_type	content_type	47079e64-c419-5937-a419-3f3e7d89a6bb	63	63	66
371	192	49	content_type	content_type	47079e64-c419-5937-a419-3f3e7d89a6bb	63	63	66
372	193	50	content_type	content_type	47079e64-c419-5937-a419-3f3e7d89a6bb	63	63	66
373	194	50	content_type	content_type	47079e64-c419-5937-a419-3f3e7d89a6bb	63	63	66
374	195	50	content_type	content_type	47079e64-c419-5937-a419-3f3e7d89a6bb	63	63	66
375	196	50	content_type	content_type	47079e64-c419-5937-a419-3f3e7d89a6bb	63	63	66
376	197	51	content_type	content_type	47079e64-c419-5937-a419-3f3e7d89a6bb	63	63	66
377	198	51	content_type	content_type	47079e64-c419-5937-a419-3f3e7d89a6bb	63	63	66
378	199	51	content_type	content_type	47079e64-c419-5937-a419-3f3e7d89a6bb	63	63	66
379	200	51	content_type	content_type	47079e64-c419-5937-a419-3f3e7d89a6bb	63	63	66
380	201	52	content_type	content_type	47079e64-c419-5937-a419-3f3e7d89a6bb	63	63	66
381	202	52	content_type	content_type	47079e64-c419-5937-a419-3f3e7d89a6bb	63	63	66
382	203	52	content_type	content_type	47079e64-c419-5937-a419-3f3e7d89a6bb	63	63	66
383	204	52	content_type	content_type	47079e64-c419-5937-a419-3f3e7d89a6bb	63	63	66
384	205	53	content_type	content_type	47079e64-c419-5937-a419-3f3e7d89a6bb	63	63	66
385	206	53	content_type	content_type	47079e64-c419-5937-a419-3f3e7d89a6bb	63	63	66
386	207	53	content_type	content_type	47079e64-c419-5937-a419-3f3e7d89a6bb	63	63	66
387	208	53	content_type	content_type	47079e64-c419-5937-a419-3f3e7d89a6bb	63	63	66
388	209	54	content_type	content_type	47079e64-c419-5937-a419-3f3e7d89a6bb	63	63	66
389	210	54	content_type	content_type	47079e64-c419-5937-a419-3f3e7d89a6bb	63	63	66
390	211	54	content_type	content_type	47079e64-c419-5937-a419-3f3e7d89a6bb	63	63	66
391	212	54	content_type	content_type	47079e64-c419-5937-a419-3f3e7d89a6bb	63	63	66
392	213	55	content_type	content_type	47079e64-c419-5937-a419-3f3e7d89a6bb	63	63	66
393	214	55	content_type	content_type	47079e64-c419-5937-a419-3f3e7d89a6bb	63	63	66
394	215	55	content_type	content_type	47079e64-c419-5937-a419-3f3e7d89a6bb	63	63	66
395	216	55	content_type	content_type	47079e64-c419-5937-a419-3f3e7d89a6bb	63	63	66
396	217	56	content_type	content_type	47079e64-c419-5937-a419-3f3e7d89a6bb	63	63	66
397	218	56	content_type	content_type	47079e64-c419-5937-a419-3f3e7d89a6bb	63	63	66
398	219	56	content_type	content_type	47079e64-c419-5937-a419-3f3e7d89a6bb	63	63	66
399	220	56	content_type	content_type	47079e64-c419-5937-a419-3f3e7d89a6bb	63	63	66
400	221	57	content_type	content_type	47079e64-c419-5937-a419-3f3e7d89a6bb	63	63	66
401	222	57	content_type	content_type	47079e64-c419-5937-a419-3f3e7d89a6bb	63	63	66
402	223	57	content_type	content_type	47079e64-c419-5937-a419-3f3e7d89a6bb	63	63	66
403	224	57	content_type	content_type	47079e64-c419-5937-a419-3f3e7d89a6bb	63	63	66
404	225	58	content_type	content_type	47079e64-c419-5937-a419-3f3e7d89a6bb	63	63	66
405	226	58	content_type	content_type	47079e64-c419-5937-a419-3f3e7d89a6bb	63	63	66
406	227	58	content_type	content_type	47079e64-c419-5937-a419-3f3e7d89a6bb	63	63	66
407	228	58	content_type	content_type	47079e64-c419-5937-a419-3f3e7d89a6bb	63	63	66
408	229	59	content_type	content_type	47079e64-c419-5937-a419-3f3e7d89a6bb	63	63	66
409	230	59	content_type	content_type	47079e64-c419-5937-a419-3f3e7d89a6bb	63	63	66
410	231	59	content_type	content_type	47079e64-c419-5937-a419-3f3e7d89a6bb	63	63	66
411	232	59	content_type	content_type	47079e64-c419-5937-a419-3f3e7d89a6bb	63	63	66
412	233	60	content_type	content_type	47079e64-c419-5937-a419-3f3e7d89a6bb	63	63	66
413	234	60	content_type	content_type	47079e64-c419-5937-a419-3f3e7d89a6bb	63	63	66
414	235	60	content_type	content_type	47079e64-c419-5937-a419-3f3e7d89a6bb	63	63	66
415	236	60	content_type	content_type	47079e64-c419-5937-a419-3f3e7d89a6bb	63	63	66
416	237	61	content_type	content_type	47079e64-c419-5937-a419-3f3e7d89a6bb	63	63	66
417	238	61	content_type	content_type	47079e64-c419-5937-a419-3f3e7d89a6bb	63	63	66
418	239	61	content_type	content_type	47079e64-c419-5937-a419-3f3e7d89a6bb	63	63	66
419	240	61	content_type	content_type	47079e64-c419-5937-a419-3f3e7d89a6bb	63	63	66
420	241	62	content_type	content_type	47079e64-c419-5937-a419-3f3e7d89a6bb	63	63	66
421	242	62	content_type	content_type	47079e64-c419-5937-a419-3f3e7d89a6bb	63	63	66
422	243	62	content_type	content_type	47079e64-c419-5937-a419-3f3e7d89a6bb	63	63	66
423	244	62	content_type	content_type	47079e64-c419-5937-a419-3f3e7d89a6bb	63	63	66
424	245	63	content_type	content_type	47079e64-c419-5937-a419-3f3e7d89a6bb	63	63	66
425	246	63	content_type	content_type	47079e64-c419-5937-a419-3f3e7d89a6bb	63	63	66
426	247	63	content_type	content_type	47079e64-c419-5937-a419-3f3e7d89a6bb	63	63	66
427	248	63	content_type	content_type	47079e64-c419-5937-a419-3f3e7d89a6bb	63	63	66
428	249	64	content_type	content_type	47079e64-c419-5937-a419-3f3e7d89a6bb	63	63	66
429	250	64	content_type	content_type	47079e64-c419-5937-a419-3f3e7d89a6bb	63	63	66
430	251	64	content_type	content_type	47079e64-c419-5937-a419-3f3e7d89a6bb	63	63	66
431	252	64	content_type	content_type	47079e64-c419-5937-a419-3f3e7d89a6bb	63	63	66
432	253	65	content_type	content_type	47079e64-c419-5937-a419-3f3e7d89a6bb	63	63	66
433	254	65	content_type	content_type	47079e64-c419-5937-a419-3f3e7d89a6bb	63	63	66
434	255	65	content_type	content_type	47079e64-c419-5937-a419-3f3e7d89a6bb	63	63	66
435	256	65	content_type	content_type	47079e64-c419-5937-a419-3f3e7d89a6bb	63	63	66
436	257	66	content_type	content_type	47079e64-c419-5937-a419-3f3e7d89a6bb	63	63	66
437	258	66	content_type	content_type	47079e64-c419-5937-a419-3f3e7d89a6bb	63	63	66
438	259	66	content_type	content_type	47079e64-c419-5937-a419-3f3e7d89a6bb	63	63	66
439	260	66	content_type	content_type	47079e64-c419-5937-a419-3f3e7d89a6bb	63	63	66
440	261	67	content_type	content_type	47079e64-c419-5937-a419-3f3e7d89a6bb	63	63	66
441	262	67	content_type	content_type	47079e64-c419-5937-a419-3f3e7d89a6bb	63	63	66
442	263	67	content_type	content_type	47079e64-c419-5937-a419-3f3e7d89a6bb	63	63	66
443	264	67	content_type	content_type	47079e64-c419-5937-a419-3f3e7d89a6bb	63	63	66
\.


--
-- Data for Name: wagtailcore_revision; Type: TABLE DATA; Schema: public; Owner: app_user
--

COPY public.wagtailcore_revision (id, submitted_for_moderation, created_at, content, approved_go_live_at, object_id, user_id, content_type_id, base_content_type_id, object_str) FROM stdin;
\.


--
-- Data for Name: wagtailcore_site; Type: TABLE DATA; Schema: public; Owner: app_user
--

COPY public.wagtailcore_site (id, hostname, port, is_default_site, root_page_id, site_name) FROM stdin;
2	127.0.0.1	8000	t	60	Wagtail Bakery
\.


--
-- Data for Name: wagtailcore_task; Type: TABLE DATA; Schema: public; Owner: app_user
--

COPY public.wagtailcore_task (id, name, active, content_type_id) FROM stdin;
1	Moderators approval	t	2
\.


--
-- Data for Name: wagtailcore_taskstate; Type: TABLE DATA; Schema: public; Owner: app_user
--

COPY public.wagtailcore_taskstate (id, status, started_at, finished_at, content_type_id, page_revision_id, task_id, workflow_state_id, finished_by_id, comment) FROM stdin;
\.


--
-- Data for Name: wagtailcore_workflow; Type: TABLE DATA; Schema: public; Owner: app_user
--

COPY public.wagtailcore_workflow (id, name, active) FROM stdin;
1	Moderators approval	t
\.


--
-- Data for Name: wagtailcore_workflowpage; Type: TABLE DATA; Schema: public; Owner: app_user
--

COPY public.wagtailcore_workflowpage (page_id, workflow_id) FROM stdin;
1	1
\.


--
-- Data for Name: wagtailcore_workflowstate; Type: TABLE DATA; Schema: public; Owner: app_user
--

COPY public.wagtailcore_workflowstate (id, status, created_at, current_task_state_id, page_id, requested_by_id, workflow_id) FROM stdin;
\.


--
-- Data for Name: wagtailcore_workflowtask; Type: TABLE DATA; Schema: public; Owner: app_user
--

COPY public.wagtailcore_workflowtask (id, sort_order, task_id, workflow_id) FROM stdin;
1	0	1	1
\.


--
-- Data for Name: wagtaildocs_document; Type: TABLE DATA; Schema: public; Owner: app_user
--

COPY public.wagtaildocs_document (id, title, file, created_at, uploaded_by_user_id, collection_id, file_size, file_hash) FROM stdin;
\.


--
-- Data for Name: wagtaildocs_uploadeddocument; Type: TABLE DATA; Schema: public; Owner: app_user
--

COPY public.wagtaildocs_uploadeddocument (id, file, uploaded_by_user_id) FROM stdin;
\.


--
-- Data for Name: wagtailembeds_embed; Type: TABLE DATA; Schema: public; Owner: app_user
--

COPY public.wagtailembeds_embed (id, url, max_width, type, html, title, author_name, provider_name, thumbnail_url, width, height, last_updated, hash, cache_until) FROM stdin;
1	https://www.youtube.com/watch?v=mwrGSfiB1Mg	\N	video	<iframe width="200" height="150" src="https://www.youtube.com/embed/mwrGSfiB1Mg?feature=oembed" frameborder="0" allow="accelerometer; autoplay; clipboard-write; encrypted-media; gyroscope; picture-in-picture" allowfullscreen title="Afghan Bread Production"></iframe>	Afghan Bread Production	Wagtail	YouTube	https://i.ytimg.com/vi/mwrGSfiB1Mg/hqdefault.jpg	200	150	2019-02-23 08:08:39.568+00	38d4e3d21edf927c9e686fe858c0d8c5	\N
2	https://www.youtube.com/watch?v=ofCHfv2lOTE	\N	video	<iframe width="200" height="113" src="https://www.youtube.com/embed/ofCHfv2lOTE?feature=oembed" frameborder="0" allow="accelerometer; autoplay; clipboard-write; encrypted-media; gyroscope; picture-in-picture" allowfullscreen title="Baking cookies"></iframe>	Baking cookies	Wagtail	YouTube	https://i.ytimg.com/vi/ofCHfv2lOTE/hqdefault.jpg	200	113	2019-04-23 20:03:47.05+00	9f9c6591141e7768f00d77533f4ca447	\N
\.


--
-- Data for Name: wagtailforms_formsubmission; Type: TABLE DATA; Schema: public; Owner: app_user
--

COPY public.wagtailforms_formsubmission (id, form_data, submit_time, page_id) FROM stdin;
1	{"body": "Love what you guys are doing with the site so far.", "purpose": "Feedback", "subject": "What's up?", "your_name": "Scot Hacker", "your_email": "shacker@birdhouse.org"}	2019-02-15 16:56:48.939+00	69
\.


--
-- Data for Name: wagtailimages_image; Type: TABLE DATA; Schema: public; Owner: app_user
--

COPY public.wagtailimages_image (id, title, file, width, height, created_at, focal_point_x, focal_point_y, focal_point_width, focal_point_height, uploaded_by_user_id, file_size, collection_id, file_hash) FROM stdin;
8	Roberta Johnson	original_images/roberta_johnson.jpeg	300	282	2019-02-17 07:43:46.304+00	\N	\N	\N	\N	3	17829	3	
9	Breads 1	original_images/breads1.jpg	1080	831	2019-02-17 08:10:34.237+00	\N	\N	\N	\N	3	173675	2	
10	Breads 2	original_images/breads2.jpg	1080	1151	2019-02-17 08:10:34.344+00	\N	\N	\N	\N	3	506419	2	
11	Breads 3	original_images/breads3.jpg	1080	1080	2019-02-17 08:10:34.58+00	\N	\N	\N	\N	3	166505	2	
12	Breads 4	original_images/breads4.jpg	1080	1240	2019-02-17 08:10:34.723+00	\N	\N	\N	\N	3	174743	2	
14	Breads 5	original_images/bread5.jpg	800	600	2019-02-19 08:08:37.723+00	\N	\N	\N	\N	3	127107	2	
15	Breads 6	original_images/bread6.jpg	1008	756	2019-02-19 08:08:38.028+00	\N	\N	\N	\N	3	247052	2	
21	Yeast	original_images/yeast.jpg	1024	682	2019-02-21 07:50:10.793+00	\N	\N	\N	\N	3	122348	2	
22	Bedouins	original_images/Bedouins_making_bread.jpg	1000	669	2019-02-21 07:59:50.671+00	\N	\N	\N	\N	3	408107	2	
23	landshvedebrd	original_images/Olandshvedebrod_6082070226.jpg	1000	664	2019-02-21 08:05:08.529+00	\N	\N	\N	\N	3	137708	2	
24	Soda Bread	original_images/soda_bread.jpg	733	481	2019-02-21 08:10:30.772+00	\N	\N	\N	\N	3	73964	2	
25	Sandwich Bread	original_images/sliced.jpg	1024	677	2019-02-21 08:15:16.08+00	\N	\N	\N	\N	3	297826	2	
26	Anadama_bread	original_images/Anadama_bread_1.jpg	1200	800	2019-02-23 07:48:33.73+00	\N	\N	\N	\N	3	72910	4	
28	Appam	original_images/Appam_served_with_Coconut_Milk_in_Tamil_Nadu.JPG	1200	541	2019-02-23 07:48:34.056+00	\N	\N	\N	\N	3	79398	4	
29	Arepa	original_images/Arepa_asada.JPG	1200	900	2019-02-23 07:48:34.189+00	\N	\N	\N	\N	3	56891	4	
30	Bagel	original_images/Bagel.jpg	1200	1038	2019-02-23 07:48:34.296+00	\N	\N	\N	\N	3	104030	4	
31	Baguette	original_images/Baguette_de_pain_WikiCheese_Lausanne.jpg	1200	583	2019-02-23 07:48:34.417+00	\N	\N	\N	\N	3	41014	4	
32	Bammies	original_images/Bammies.jpg	1200	1078	2019-02-23 07:48:34.498+00	\N	\N	\N	\N	3	137317	4	
33	Bazin	original_images/Bazin.jpg	1200	900	2019-02-23 07:48:34.571+00	\N	\N	\N	\N	3	112991	4	
34	Bunanpankatori	original_images/Bean-jam-bunanpankatori-cityjapan.JPG	800	640	2019-02-23 07:48:34.65+00	\N	\N	\N	\N	3	60721	4	
35	Belgian Waffle	original_images/Belgische_waffeln.jpg	1200	910	2019-02-23 07:48:34.735+00	\N	\N	\N	\N	3	151259	4	
36	Afghan Bolani	original_images/Bolani_Afghan_bread_01.jpg	1280	960	2019-02-23 07:48:34.809+00	\N	\N	\N	\N	3	104969	4	
37	Misc Breads	original_images/Breads_1.jpg	1200	796	2019-02-23 07:48:34.909+00	\N	\N	\N	\N	3	167917	4	
39	Rye Bread	original_images/Sourdough_rye_with_walnuts.jpg	1200	773	2019-02-23 08:18:10.895+00	\N	\N	\N	\N	3	213288	4	
40	Bhakri	original_images/Bhakri_1.jpg	1200	900	2019-02-23 08:25:03.822+00	\N	\N	\N	\N	3	193665	4	
41	Sprint Crew	original_images/sprint_crew.jpg	1000	750	2019-02-24 08:01:50.59+00	\N	\N	\N	\N	3	121235	3	
42	Baking Soda	original_images/bakingsoda.jpg	1024	678	2019-03-22 06:13:09.773+00	\N	\N	\N	\N	3	87095	3	
43	Boston Cream Pie	original_images/bostoncream.jpg	1024	683	2019-03-22 06:29:18.751+00	\N	\N	\N	\N	3	117057	3	
44	Image by var Gumundsson	original_images/aevar-gudmundsson-selfoss.jpg	1400	932	2019-03-29 17:27:55.769+00	\N	\N	\N	\N	3	167793	1	
45	Image by Sverrir Thorolfsson	original_images/reykjavik-sverrir-thorolfsson.jpg	992	971	2019-03-29 17:31:36.429+00	\N	\N	\N	\N	3	206071	1	
46	Glacier descending near Hof	original_images/hof-cornell-university-filter.jpg	1200	948	2019-03-29 17:46:14.914+00	518	248	1031	496	3	279068	1	
47	Old buildings above Vik	original_images/vik.jpg	1400	981	2019-03-29 18:00:33.977+00	\N	\N	\N	\N	3	207895	1	
48	Hfn from above	original_images/Hofn.jpg	1200	800	2019-03-29 18:04:27.068+00	\N	\N	\N	\N	3	369123	1	
49	Akranes	original_images/Akranes.jpg	1200	800	2019-03-29 18:08:27.77+00	578	476	1031	537	3	225856	1	
51	Muddy Waters	original_images/muddy_waters_hUPkmSW.jpg	611	672	2019-03-31 06:36:23.486+00	\N	\N	\N	\N	3	189650	3	
52	Olivia Ava	original_images/olivia_ava.jpeg	300	294	2019-04-01 07:30:10.713+00	\N	\N	\N	\N	3	46112	3	
53	Lightnin' Hopkins	original_images/lightnin_hopkins.jpg	150	162	2019-04-01 07:31:21.251+00	\N	\N	\N	\N	3	18521	3	
\.


--
-- Data for Name: wagtailimages_rendition; Type: TABLE DATA; Schema: public; Owner: app_user
--

COPY public.wagtailimages_rendition (id, file, width, height, focal_point_key, filter_spec, image_id) FROM stdin;
\.


--
-- Data for Name: wagtailimages_uploadedimage; Type: TABLE DATA; Schema: public; Owner: app_user
--

COPY public.wagtailimages_uploadedimage (id, file, uploaded_by_user_id) FROM stdin;
\.


--
-- Data for Name: wagtailredirects_redirect; Type: TABLE DATA; Schema: public; Owner: app_user
--

COPY public.wagtailredirects_redirect (id, old_path, is_permanent, redirect_link, redirect_page_id, site_id, automatically_created, created_at, redirect_page_route_path) FROM stdin;
\.


--
-- Data for Name: wagtailsearch_indexentry; Type: TABLE DATA; Schema: public; Owner: app_user
--

COPY public.wagtailsearch_indexentry (id, object_id, title_norm, content_type_id, autocomplete, title, body) FROM stdin;
2	1	1	12			'johnson':2 'roberta':1
3	2	1	12			'ava':2 'olivia':1
4	3	1	12			'hopkin':2 'lightnin':1
5	4	1	12			'muddi':1 'water':2
1	1	1.7183098591549295	1	'root':1	'root':1B	
7	8	0.8591549295774648	3	'johnson':2 'roberta':1	'johnson':2A 'roberta':1A	
8	9	0.8591549295774648	3	'1':2 'breads':1	'1':2A 'bread':1A	
9	10	0.8591549295774648	3	'2':2 'breads':1	'2':2A 'bread':1A	
10	11	0.8591549295774648	3	'3':2 'breads':1	'3':2A 'bread':1A	
11	12	0.8591549295774648	3	'4':2 'breads':1	'4':2A 'bread':1A	
12	14	0.8591549295774648	3	'5':2 'breads':1	'5':2A 'bread':1A	
13	15	0.8591549295774648	3	'6':2 'breads':1	'6':2A 'bread':1A	
14	21	1.7183098591549295	3	'yeast':1	'yeast':1A	
15	22	1.7183098591549295	3	'bedouins':1	'bedouin':1A	
16	23	1.7183098591549295	3	'landshvedebrd':1	'landshvedebrd':1A	
17	24	0.8591549295774648	3	'bread':2 'soda':1	'bread':2A 'soda':1A	
18	25	0.8591549295774648	3	'bread':2 'sandwich':1	'bread':2A 'sandwich':1A	
19	26	0.8591549295774648	3	'anadama':1 'bread':2	'anadama':1A 'bread':2A	
20	28	1.7183098591549295	3	'appam':1	'appam':1A	
21	29	1.7183098591549295	3	'arepa':1	'arepa':1A	
22	30	1.7183098591549295	3	'bagel':1	'bagel':1A	
23	31	1.7183098591549295	3	'baguette':1	'baguett':1A	
24	32	1.7183098591549295	3	'bammies':1	'bammi':1A	
25	33	1.7183098591549295	3	'bazin':1	'bazin':1A	
26	34	1.7183098591549295	3	'bunanpankatori':1	'bunanpankatori':1A	
27	35	0.8591549295774648	3	'belgian':1 'waffle':2	'belgian':1A 'waffl':2A	
28	36	0.8591549295774648	3	'afghan':1 'bolani':2	'afghan':1A 'bolani':2A	
29	37	0.8591549295774648	3	'breads':2 'misc':1	'bread':2A 'misc':1A	
30	39	0.8591549295774648	3	'bread':2 'rye':1	'bread':2A 'rye':1A	
31	40	1.7183098591549295	3	'bhakri':1	'bhakri':1A	
32	41	0.8591549295774648	3	'crew':2 'sprint':1	'crew':2A 'sprint':1A	
33	42	0.8591549295774648	3	'baking':1 'soda':2	'bake':1A 'soda':2A	
34	43	0.5727699530516431	3	'boston':1 'cream':2 'pie':3	'boston':1A 'cream':2A 'pie':3A	
35	44	0.5727699530516431	3	'by':2 'gumundsson':4 'image':1 'var':3	'gumundsson':4A 'imag':1A 'var':3A	
36	45	0.5727699530516431	3	'by':2 'image':1 'sverrir':3 'thorolfsson':4	'imag':1A 'sverrir':3A 'thorolfsson':4A	
37	46	0.4295774647887324	3	'descending':2 'glacier':1 'hof':4 'near':3	'descend':2A 'glacier':1A 'hof':4A 'near':3A	
38	47	0.5727699530516431	3	'above':3 'buildings':2 'old':1 'vik':4	'build':2A 'old':1A 'vik':4A	
39	48	1.7183098591549295	3	'above':3 'from':2 'hfn':1	'hfn':1A	
40	49	1.7183098591549295	3	'akranes':1	'akran':1A	
41	51	0.8591549295774648	3	'muddy':1 'waters':2	'muddi':1A 'water':2A	
42	52	0.8591549295774648	3	'ava':2 'olivia':1	'ava':2A 'olivia':1A	
43	53	0.8591549295774648	3	'hopkins':2 'lightnin':1	'hopkin':2A 'lightnin':1A	
45	81	0.5727699530516431	26	'bun':3 'cross':2 'hot':1	'bun':3B 'cross':2B 'hot':1B	'-15':414 '1':300,310,335,343,357,462 '1.25':327,331 '1.5':273,283 '10':232,413 '12':271 '120':388 '1361':32 '14th':38 '14th-century':37 '1592':66 '1603':156 '1625':157 '1733':199 '1767':231 '18':280 '18th':246 '2':228,351 '20':307 '24':287 '240':302,345 '2h':282 '2x':293 '3':314 '30':510 '30min':272 '4':229,305 '40min':281 '45min':288 '6':14 '60':339 '6th':4 '7':64 '720':316 '8':158 '80':323 '9':200 'abbey':44 'activ':409 'ad':6 'add':434 'alban':27,43,51 'all-purpos':318 'almanac':197 'amount':286,295 'appear':192,213 'arrang':497 'as-i':277 'asid':366,402 'attempt':138 'bake':375,500 'beaten':337 'bowl':453 'bread':93 'brother':33 'brown':522 'bulk':460 'bun':23,52,56,89,127,166,190,212,221,239,265,299,371,485,495 'burial':96 'butter':342,429 'cake':10,311 'call':49 'centuri':5,39,247 'christma':102 'chronicl':226 'cinnamon':329,422 'clerk':77 'come':167,175 'contemporari':20 'cook':263,268,512 'cover':399,502 'cri':172 'cross':13,22,88,126,165,189,211,220,489 'cross-bun':210 'crumbl':383 'cup':301,315,322,338,344,387 'currant':347 'day':236 'decre':82,108,124 'deep':488 'definit':161 'depend':289 'develop':45 'distribut':54 'divid':477 'domest':135 'doubl':458 'dough':444,478 'earlier':257 'egg':336,427 'elizabeth':71 'england':29,74,155 'english':216 'except':94 'first':160 'flour':321,354,390,419,436,447,468 'food':233 'forbid':83 'forbidden':114 'forfeitur':110 'fresh':312 'friday':63,99,174 'froth':411 'fruit':439 'glaze':350 'golden':359,521 'good':62,98,173 'greek':2 'ground':333 'h':274 'heat':376 'historian':234 'hit':261 'hot':21,87,125,164,188,209,219 'hour':463 'indic':517 'ingredi':296 'instruct':270 'issu':80 'item':145 'ivan':235 'jame':152 'june':230 'kitchen':136 'knead':450,471 'larg':464 'let':455,507 'line':202 'local':59 'london':76,170,225,243 'look':252 'lukewarm':381 'made':133,241 'make':362 'mark':9,486 'market':79 'may':7 'medium':473,496 'melt':341 'milk':304,377 'milk/water':394 'minut':415,511 'mix':385,396,417,433,440 'mixtur':437 'ml':303,308,317,324,328,332,340,346,389 'monk':40 'month':177 'noth':262 'nurseri':217 'nutmeg':334,424 'oil':356 'old':179 'one':15,183,203 'onto':445,466 'origin':24 'oven':291,475,515 'penni':187,205,208 'piec':481 'place':147,405 'plain':353 'poor':60,118,194 'preheat':474,514 'prep':266 'primarili':132 'procedur':361 'product':115 'publish':222 'punish':104 'purpos':320 'put':443 'quantiti':276 'recip':48,256 'record':162,254 'reign':69,150 'remain':418 'result':121 'return':451 'rhyme':218 'rise':373,456,508 'robin':195 'rodcliff':35 'run':181 'sale':85,142 'salt':421 'set':365,401 'shape':483 'similar':47 'size':292 'small':382,398,416,425,442,476,523 'space':368 'spice':92 'st':26,42 'start':251 'state':237 'stir':391,426 'street':171 'sugar':325,420 'suppress':140 'sure':363 'surfac':448,469 'syrup':360 'tbsp':352,358 'tea':504 'teaspoon':306,326,330 'temperatur':264 'tepid':393 'theori':16 'thoma':34 'time':130,267,269,518 'took':146 'top':492 'towel':505 'transgress':106 'tray':501 'turn':465 'twelv':480 'two':185,206 'veget':355 'warm':404 'water':309,379 'well':397,441 'woman':180 'x':284 'yeast':313,384,407,432
46	82	0.8591549295774648	26	'cornbread':2 'southern':1	'cornbread':2B 'southern':1B	'1':12,15,16 '10':36,185 '2':2 '20':196 '220c':68 '25':180,197 '30':181 '425':66 '5':204 '8':33,174 '8x8':49,191 '8x8-inch':48,190 'allow':200 'altern':42 'assort':53 'bag':244 'bake':51,90,101,154,193 'batter':131,144 'beat':111 'becom':251 'bowl':60,115 'brown':161 'buttermilk':18,118 'care':137 'cast':39,72,97 'cast-iron':38,71 'center':168 'clean':171 'coat':103 'come':169 'cool':202 'corn':10 'cornbread':218 'cornmeal':125 'crumbl':253 'crust':156 'cup':3,17,22,55 'damp':224 'day':237 'egg':14,112 'equip':28 'f':67 'frozen':241 'golden':160 'h2':215 'heat':81 'inch':34,37,50,175,186,192 'ingredi':1 'insert':165 'iron':40,73,98 'keep':227 'larg':13,58 'leftov':217 'light':159 'lumpi':135 'meal':11 'measur':54 'medium':56,121 'milk':21 'minut':182,198,205 'mix':59,127 'moist':229 'moisten':130 'month':247 'need':29 'non':96,107 'non-cast-iron':95 'non-stick':106 'note':211 'oil':24,27,120 'oliv':23 'oven':64,79,152 'ovenproof':44 'overmix':140 'pan':52,91,102,194,207 'place':75,149 'pour':142 'preheat':62,84 'refriger':234 'rise':9 'season':32 'self':8 'self-ris':7 'serv':209 'sever':236,246 'skillet':41,45,74,88,99,147,176,187 'small':92,110,141,153,199,210 'somewhat':134 'spray':109 'step':61 'stick':108 'stir':116,122 'storag':243 'store':231,255 'take':136 'tip':212 'toothpick':164 'towel':225 'type':86 'use':70,94 'usual':250 'variat':214 'veget':26 'way':257 'well':31 'well-season':30 'white':6 'whole':20 'wrap':221 'yellow':4
47	83	0.8591549295774648	26	'mincemeat':1 'tart':2	'mincemeat':1B 'tart':2B	'1':162,168,202,375,390,414 '12':195 '120':226 '16':268 '18':258 '1tbsp':231 '2':182,200,362 '2.25':160 '2.5':392 '20':263,451 '200':267 '20cm':54 '210':257 '220':262 '250':174,185,191 '3':208,212 '375':197,266 '4':158,377 '400':256 '425':261 '500':164,170 '8':52 'ad':405 'adapt':130 'addit':234 'alcohol':546 'allow':463 'almost':336 'also':69,143,553 'anglospher':47 'anim':152 'appl':74,205,288 'approxim':450 'around':510 'asid':279 'assembl':237,328 'bake':71,444 'beaten':441 'beef':15,30,178,515 'bit':217 'blade':299 'board':344 'bought':244,493 'brandi':219,305,562 'british':90 'brown':458 'brush':429 'butcher':523 'c':252 'candi':187,193,499 'center':358,422 'chop':6,123,139 'christma':83 'cinnamon':214 'citron':194,282,503 'cm':378,393 'come':104 'contain':27,70,315 'cook':253 'cooki':365 'cool':465 'cours':297 'cover':313 'crust':495 'cup':225 'currant':172,277,304 'cut':343,368,398,407 'cutter':355,366,403 'decor':406 'design':411 'desir':223 'diamet':55 'distil':9 'doughnut':354,401 'dri':7,276 'dust':471 'earlier':133 'edg':461 'egg':246,442 'electr':260 'english':108 'etymolog':98 'expect':270 'extra':561 'f':251 'fan':265 'fat':516,536 'fill':24,382,425 'fine':124,138,176 'flesh':153 'flour':342 'food':147 'former':26 'found':44,506 'freez':321 'french':113 'fruit':8 'g':165,171,175,186,192,198 'gas':255 'general':149 'gentl':372 'green':204 'grind':526 'grinder':294,298 'ground':177 'h2':99,156,249,480 'h3':273,329 'hole':402 'homemad':240 'ice':473 'inch':53,363,376,391,415 'ingredi':155,235 'inject':556 'kg':203 'kick':547 'known':85 'larg':51 'latin':120 'lattic':64 'lb':163,169,173,184,190 'lbs':201 'lemon':183,285 'let':330 'lid':432 'light':428,457 'liter':161 'littl':560 'made':94 'make':487 'mani':33 'market':509 'may':552 'mean':122,137 'meat':28,136,140,141,293 'medium':427 'middl':107 'milk':245,434,439 'min':259,264,269,452 'minc':87,91,101,135,550 'mincemeat':1,25,42,48,103,127,154,272,385 'mincen':109 'mincier':114 'minutiar':121 'mix':301 'mixtur':4,437 'ml':209,213,227 'modern':34 'necessari':350 'need':447 'notabl':29 'note':476 'nutmeg':210 'obtain':520 'occasion':68 'often':14 'old':112 'one':325 'open':58 'option':247 'orang':188,283,500 'oven':250 'oz':196 'pan':380 'pastri':23,59,65,77,97,239,332,397,416,431,455,490 'peel':189,206,284,501 'peopl':542 'pie':21,88,92,494,551 'piec':395 'pint':159 'place':339,419 'plastic':314 'press':373,409 'procedur':248 'pura':539 'pure':514 'put':281 'rack':469 'raisin':167,287 'recip':35 'recommend':224 'refriger':318 'remov':359 'replac':36 'request':529 'rind':180,286 'roll':346 'room':337 'round':364,394,417 'rum':221 'salt':233 'seed':166 'serv':81 'set':278 'shell':371,383 'shortcrust':96,238 'shorten':41 'slight':334 'small':280,300,308,327,351,381,443,462,475 'smaller':76 'solid':534 'sometim':61 'spice':12,307 'spirit':10 'stew':73 'store':243,309,492 'store-bought':242,491 'substitut':532 'suet':16,38,179,290,512,541 'sugar':199,474 'tart':49,60,79,370,379,426 'temperatur':338,448 'term':134,145 'thanksgiv':511 'tight':312 'time':254 'tip':477 'top':66,78,387 'traceabl':116 'tradit':80,89 'tsp':207,211 'use':18,95,295,352 'usual':17 'variat':479 'veget':40,535,540 'vegetarian':530 'venison':32 'vulgar':119 'want':485,543,554 'warm':333 'wash':274 'well':229,498 'wire':468 'word':126 'work':497 'year':326 'yield':271
44	80	1.7183098591549295	25	'recipes':1	'recip':1B	
68	62	0.5727699530516431	14	'tracking':1 'wild':2 'yeast':3	'track':1B 'wild':2B 'yeast':3B	'1':27,33,41 '10':272 '11':302 '12':334 '2':34 '3':35,93 '4':47,94 '40':104 '5':57 '500':28 '6':81 '7':108 '8':200 '9':242 'abil':63 'ago':25 'albican':250 'alcohol':181,196,198 'also':203 'although':98 'ancestor':56 'ascomycota':319,338 'asexu':112 'asymmetr':121 'bake':193 'basidiomycota':322 'beverag':199 'biofuel':278 'biolog':212,233,241 'bud':73,126,324 'call':160 'candida':249 'carbohydr':176 'carbon':178,187 'caus':256 'cell':6,74,135,211,237,271 'central':205 'cerevisia':174,301 'characterist':67 'classifi':8,329 'common':342 'condit':158 'connect':72 'constitut':40 'contrast':127,140 'convert':175 'creativ':341 'current':31 'depend':86,153 'describ':44 'develop':65 'diamet':97 'dimorph':161,163 'dioxid':179,188 'divers':306 'divis':122 'electr':267 'environ':90 'estim':38 'ethanol':275 'eukaryot':3,222,236 'evolv':53 'fals':79 'ferment':169 'form':69,152,167,283 'fuel':270 'fungal':45,146 'fungi':162 'fungus':13 'gather':229 'generat':266 'great':85 'group':289 'grow':102,144 'growth':136 'habit':137 'human':240,259 'hundr':20 'hypha':80,145 'identifi':32 'import':206 'industri':279 'infect':257 'inform':230 'kingdom':14 'known':75,124 'lineag':17 'mani':116 'mean':164 'measur':92 'member':10 'microbi':269 'microorgan':7,223 'million':22 'mitosi':114 'model':207 'modern':210 'mold':129,142 'multicellular':55,66 'often':294 'one':216 'opportunist':252 'order':332 'organ':51,208 'origin':19 'pathogen':253 'phyla':317 'phylogenet':288,305 'phylum':337 'placement':313 'process':123 'produc':274 'pseudohypha':77 'rais':339 'recent':262 'reproduc':111 'research':213,221,224 'saccharomyc':173,300 'saccharomycetal':333 'separ':316 'shown':310 'singl':5,134,285 'single-cel':4,133 'size':83,107 'speci':29,46,60,88,147,172,244 'string':70 'synonym':298 'take':150 'taken':295 'taxonom':286 'temperatur':155 'term':291 'thorough':220 'thousand':183 'true':326 'two':166,315 'typic':91 'ultim':239 'unicellular':50 'use':191,226,264 'vari':84 'within':335 'year':24,185 'yeast':1,16,48,82,100,110,130,171,246,260,280,292,308,325,327 'yummi':340 'm':95,105
69	68	0.8591549295774648	14	'and':2 'bread':1 'circuses':3	'bread':1B 'circus':3B	'2':37 'art':126 'autom':119 'bake':26,38,60,91,117,128,139,162 'baker':170 'bakeri':107 'barbecu':48,64 'batter':22 'bread':12,81,142 'cake':9 'call':168 'centr':15,36 'combin':41 'common':83,145 'concept':67 'consumpt':102,112 'cooki':10 'creativ':82 'crust':32 'cultur':154 'domest':101 'dough':24 'dri':31 'econom':152 'especi':141 'factori':124 'famili':89 'firm':30 'food':148 'fundament':131 'good':27,140,163 'gradual':3 'grill':43 'heat':1,17 'histor':86 'home':97 'hybrid':47 'import':135,147 'industri':116 'larg':123 'local':111 'machin':121 'masonri':70 'men':105 'method':53 'nutrit':137 'one':56 'oven':71 'perform':95 'person':159 'pit':79 'point':155 'prepar':161 'produc':45 'product':114 'profess':166 'relat':62 'remain':129 'restaur':109 'role':90 'similar':73 'simultan':54 'skill':132 'smoke':78 'social':87 'soda':80 'softer':35 'surfac':7 'tradit':93 'transfer':4 'transform':21 'travel':18 'use':51 'variant':49 'view':157 'women':99
67	61	1.7183098591549295	13	'blog':1	'blog':1B	
56	34	1.7183098591549295	18	'anadama':1	'anadama':1B	
57	35	1.7183098591549295	18	'anpan':1	'anpan':1B	
58	36	1.7183098591549295	18	'appam':1	'appam':1B	
59	37	1.7183098591549295	18	'arepa':1	'arepa':1B	
60	39	1.7183098591549295	18	'bagel':1	'bagel':1B	
61	40	1.7183098591549295	18	'baguette':1	'baguett':1B	
62	42	1.7183098591549295	18	'bammy':1	'bammi':1B	
63	49	1.7183098591549295	18	'bazin':1	'bazin':1B	
64	53	1.7183098591549295	18	'bhakri':1	'bhakri':1B	
55	3	1.7183098591549295	19	'breads':1	'bread':1B	
54	63	1.7183098591549295	24	'locations':1	'locat':1B	
77	76	1	11	'about':1		
76	60	0.5727699530516431	10	'bakery':5 'the':3 'to':2 'wagtail':4 'welcome':1	'bakeri':5B 'wagtail':4B 'welcom':1B	
75	70	1.7183098591549295	9	'gallery':1	'galleri':1B	
74	69	0.8591549295774648	8	'contact':1 'us':2	'contact':1B 'us':2B	
70	72	0.4295774647887324	14	'baking':4 'great':2 'icelandic':3 'show':5 'the':1	'bake':4B 'great':2B 'iceland':3B 'show':5B	'1000':479 '1050':27 '1800':137,220 '18th':363 '19th':379,413 '200':129,188,282 '20th':57 '3900':104,135 '4':128 '400':259,283 '500':25,222 '8900':102 'ad':26,28,165,189,223,260,284,480 'age':24,186,219 'agricultur':140 'alphabet':495 'also':43 'appar':155,270 'archaeolog':83 'area':194,375 'armi':281 'around':258,478 'asid':427 'bake':158,171,249,261,272,394,469 'barley':9,38,143,401,408 'bc':103,105,130,136,138,221 'becam':30 'becom':418 'began':416 'begin':54 'bread':50,75,113,178,205,256,316,325,346,352,367,386,392,402,424,437,476,486,507 'bread-mak':112 'breakfast':444 'bronz':218 'burial':182,214 'came':390 'carbohydr':433 'central':196 'centrepiec':420,463 'centuri':58,364,380,414 'ceram':153 'cereal':116,162 'certain':202 'christian':310 'citat':307 'common':33,46,236,264,471 'contemporari':483,515 'contin':306 'cook':120 'could':209 'countri':8,330,351,491 'creativ':263,470 'crisp':391 'crispi':400 'crush':119 'cultiv':72 'cultur':317,340 'denmark':86,497 'develop':79 'differ':366 'dinner':467 'direct':109 'domin':4,387,410 'dough':169 'earli':309 'eastern':333 'eaten':207 'einkorn':97 'emmer':65,95 'employ':299 'english':520 'evid':110 'extent':151 'extra':430 'far':405 'find':84 'finland':336,498 'first':243,255 'follow':36 'found':160,371 'four':1,365 'fresh':468 'fri':173 'function':442 'german':318 'gift':183,215 'given':511 'grain':2,35,48,61,82,238 'grave':187 'high':301 'histori':473 'home':290 'howev':198 'iceland':499 'indic':87 'influenc':321 'innov':487 'interest':314 'introduc':142 'iron':23,185 'key':441 'known':180 'languag':517 'late':362,378 'learn':271 'least':127 'link':341 'loav':251,409 'lunch':465 'main':355 'make':114,167 'meal':359,422,436 'mercenari':277 'mesolith':100 'most':510 'mould':161 'mlardalen':193 'name':504 'nation':516 'need':308 'neolith':133 'new':74 'nordic':7,329,350,374,454,475 'north':389,406 'norway':500 'oat':17,40,224 'older':60 'oldest':14 'onward':190 'open':447 'order':496 'oven':245 'part':334,356 'peopl':455 'perhap':253 'period':101,134 'plate':154 'porridg':124 'potato':415,458 'present':489,493 'probabl':246,257 'promot':312 'put':426 'real':244 'recent':20 'region':368 'retain':439 'roman':268,280 'russia':343 'rye':11,29,41,385,396 'sandwich':448 'scandinavian':265 'see':241 'seem':144,230 'serv':122 'shape':176 'show':294 'sinc':125 'slavic':345 'small':250 'soda':262 'soft':384,407 'soldier':266 'sourc':431 'south':383 'speci':94,228 'spelt':67,229 'starter':451 'status':302 'still':438 'subsequ':286 'sweden':197,502 'taken':147 'techniqu':273,289 'thin':398 'time':269 'today':59,456 'took':287 'tradit':311,319,347 'triticum':92,227 'two':91 'type':3,62,76,326,484,508 'use':34,47,88,156,237,247,460 'usual':393 'water':164 'wheat':15,93 'work':275,303
71	73	0.5727699530516431	14	'baking':4 'joy':2 'of':3 'soda':5 'the':1	'bake':4B 'joy':2B 'soda':5B	'19th':72 'aerat':65 'analyz':133 'around':157 'bake':19,82 'base':98,136 'bi':87 'bica':54 'bicarb':47,48,51 'bicarbon':26,35,37,50,77,80,89,114,149 'bread':21,174 'carbon':108,119,124,128 'centuri':73 'chemic':140 'co3':109 'coin':151 'colloqui':30 'come':90 'common':56,84,176 'composit':141 'cook':23 'cornucopia':172 'creativ':83,175 'even':53 'exact':139 'form':43 'fresh':81 'half':160 'known':6 'latin':61 'long':4 'mani':14 'mean':64 'modern':130 'much':107,162 'na':169 'na2':171 'na2co3':125,168 'nahco3':115,165 'name':16,33,94,147 'observ':101 'often':41 'outdat':93 'per':110,120 'potassium':79 'prefix':86 'relat':15 'sal':62 'saleratus':59 'salt':12,66 'say':152 'sinc':1 'situat':135 'soda':20,22,24,28,39,49 'sodium':34,46,76,111,113,121,123,148,163 'system':95 'truncat':42 'twice':105 'unknown':144 'usag':31 'use':10,69 'versus':170 'way':131,156 'wide':9,68 'word':58 'ratus':63
72	74	0.3436619718309859	14	'bread':6 'greatest':2 'since':4 'sliced':5 'the':1 'thing':3	'bread':6B 'greatest':2B 'sinc':4B 'slice':5B 'thing':3B	'1':263 '10':139,154,242 '11':162 '12':163 '13':184 '14':206 '15':222 '16':223 '17':305 '1930s':229 '4':46 '8':26 'american':306 'balanc':55 'barbecu':186 'becom':81 'belgian':109 'bread':2,19,41,48,63,103,114,126,141,153,166,195,211,241,252,256,259,265,270,275,308,325 'cake':101 'call':271 'carrot':100 'clean':27 'cold':286 'common':112 'consum':247,303 'contemporari':244 'creation':173 'creativ':111 'cross':119 'cross-sect':118 'crumb':35,58 'crumbl':82 'crust':60 'cut':287 'davi':108 'de':156 'demand':304 'deriv':314 'describ':130,198 'design':51,78,133,168,278 'diet':97 'discontinu':299 'dri':84 'drip':72 'due':300 'easili':25 'egg':293 'enrich':323 'fat':313 'fill':67,290 'fine':34 'finger':145 'fire':205 'flour':219,221 'formul':22 'free':209,218 'gluten':208,217 'gluten-fre':207,216 'hamburg':295 'harden':83 'high':191 'high-qual':190 'histor':310 'hold':64,135 'includ':311 'ingredi':226 'inner':38 'jim':107 'light':44 'loaf':161,237,262 'low':302 'luncheon':137 'mani':6 'market':268 'may':20,31,49,76,212 'meat':138 'messi':74 'milk':319 'mold':157 'multigrain':15 'must':94 'oil':321 'other':17 'pan':155 'part':39 'perfect':132 'pie':106 'place':69 'prepar':144,214 'produc':4,266 'proport':56 'pumpkin':105 'qualiti':192 'reduc':71 'refer':116,149,238,249 'round':273,284 'round-shap':283 'rye':14 'sandwich':1,18,47,113,146,152,160,165,178,183,194,210,236,258,261,274,307 'section':120 'shape':285 'slice':24,122,240 'soft':37 'sometim':148,248 'sourdough':13 'specif':175 'squar':121,136 'squishi':88 'state':233 'submarin':182 'suggest':99 'suitabl':200 'support':66 'teff':220 'term':235 'textur':45,90 'time':245 'toast':202 'type':176 'u.s':246 'uniform':29 'unit':232 'use':142,170,187,215,281,317 'varieti':7 'veget':91 'waffl':110 'wheat':12,125 'wherebi':61 'white':10,123,193,251 'whole':11 'wonder':255,264,272 'zucchini':102
73	77	0.8591549295774648	14	'benefits':3 'desserts':1 'with':2	'benefit':3B 'dessert':1B	'1856':92 '1872':247 '1878':271 '1887':290 '19th':43 '2':14,221,272,295 '3':36,63,173,250 '4':93 '5':138 'acquir':17 'almanac':249 'almond':130 'alreadi':168 'anoth':251,298 'appear':244 'armenian':86 'armenian-french':85 'bake':303 'bakeri':175 'book':268 'boston':71,75,258 'brush':115 'butter':107 'cake':9,21,48,62,100,109,148,166,179,192,224 'call':51,94 'central':174 'centuri':44 'chef':88 'cherri':240 'chocol':56,96,136,214,229,292 'claim':72,143 'coat':122,134 'common':177 'companion':288 'confection':199,218 'consist':101 'contemporan':158 'cook':25,267 'cooki':302 'cream':53,57,76,97,205,259,293 'creat':80 'creativ':176 'crme':112,124 'custard':61,164,207 'custard-fil':163 'deriv':182 'despit':1 'dessert':16 'disput':141 'earli':252 'earliest':274 'eventu':208 'evid':159 'fact':7 'fill':110,165,193 'first':79,243 'fondant':137 'french':87,106 'ganach':233 'glaze':215,230 'granit':264 'historian':140 'hotel':69,83 'hous':68 'howev':139 'interchang':35 'iron':265 'jam':195,211 'kitchen':287 'known':275 'latter':39 'layer':104,190 'like':181 'm':89 'may':149 'methodist':248 'miss':284 'modern':279 'name':3,19,242 'note':299 'occur':261 'oven':306 'overlain':126 'owner':64 'pan':29 'parker':67 'parloa':285 'part':40 'pastri':204 'pie':13,23,54,58,77,98,186,260,294 'popular':169 'powder':236 'primaci':145 'print':253,269,282 'ptissir':113,125 'recip':276 'replac':209,216 'rum':118 'sanzian':90 'serv':152 'side':121 'slice':129 'sometim':235 'specif':157 'spong':108 'sugar':201,220,237 'syrup':119 'term':257 'time':172 'toast':128 'today':222 'top':133,197,226 'two':103,189 'two-lay':188 'type':46 'use':34,254 'variant':280 'various':50 'ware':266 'washington':185 'word':32 'yellow':191
65	57	0.8591549295774648	18	'black':1 'bread':2	'black':1B 'bread':2B	
66	59	1.7183098591549295	18	'bolani':1	'bolani':1B	
48	64	1.7183098591549295	23	'hof':1	'hof':1B	'2':2 '785':4 'appl':184 'bar':8,16,130 'bean':75,158 'bear':84,89,191,236 'biscuit':17,223 'bonbon':101 'cake':34,40,45,56,83,90,100,143,164,167,182,186,188,216,227,228,239 'candi':36,38,58,70,72,81,128,147,148,154,176,194,205,222,242 'cane':37,243 'caramel':18,60,68,110,174,213 'carrot':44 'chocol':7,15,39,43,53,55,99,129,163,187,198,218,226,238 'chup':13,104,112,120,125,171,190,225 'chupa':12,103,111,119,124,170,189,224 'claw':85,192,237 'cooki':20 'cotton':57,71,80,146,153,175,193,204 'cream':208,221 'croissant':49 'cupcak':86,105,235 'danish':229 'dessert':118,137,169 'donut':52,203 'drag':107,168,202 'drop':66 'fruitcak':116,140,165 'gingerbread':73,211 'gummi':31,88,144,210 'h3':96 'halvah':46 'hof':1 'ice':33,102,109,207,220 'iceland':6 'jelli':74,77,135,139,157,178 'jelly-o':76,134,177 'jujub':29,141,206 'lemon':65 'liquoric':219 'lollipop':19 'love':10,23,28,42,48,51,64,156,160,162,196,201,233,241 'lkjarh':3 'macaroon':21,30,138,217,234 'marshmallow':142,197,209 'marzipan':11,172,212 'muffin':97,114,152 'never':91 'o':78,136,179 'oat':166 'pastri':35,87,115,117,149 'pie':61,173,180,185 'plum':122 'powder':150 'pud':25,32,69,106 'roll':127,215 'say':92 'sesam':132,230 'snap':133,231 'souffl':14,59,82,108,131,145,183 'sugar':121 'sweet':54,113,181,199 'tart':24 'tiramisu':62,79 'tootsi':126,214 'top':26,67,151 'wafer':98,123 'rfi':5
51	67	1.7183098591549295	23	'selfoss':1	'selfoss':1B	'800':2 'appl':169 'awesom':150 'bar':29,121,136,191 'bean':23,52,74,162,168,199 'bear':57 'biscuit':133 'bonbon':24,70,173 'browni':111,141,153,189 'cake':47,66,75,78,81,84,93,95,113,131,138,144,159,175,193 'candi':10,12,63,89,99,107,172,177,202 'cane':13,64,90,203 'caramel':148 'carrot':65,77,80,158,174 'cheesecak':94,132,146,160 'chocol':28,43,59,92,112,120,130,135,186,190,205,206,208 'chup':50,61 'chupa':49,60 'cooki':19,42,97,118,194,207,209,210 'cotton':106 'cream':69 'croissant':20,67 'cupcak':45,85 'danish':27,179 'drag':119 'drop':115 'eyravegur':1 'fruitcak':9,38,142 'gingerbread':53,163,171 'gummi':48,56,58,79,178 'h3':152 'halvah':98 'head':151 'ice':68,145 'iceland':4 'jelli':6,22,51,62,73,87,125,161,167,184,198 'jelly-o':5,86,124,183 'jujub':41,129,201 'lemon':114 'liquoric':127,147,197 'lollipop':34,96,164 'macaroon':14,82,91 'marshmallow':11,15,16,134,155,165 'marzipan':8,31,154 'o':7,88,126,185 'oat':137,143,192 'pastri':176,188 'pie':170 'plum':72,102,123,196 'pud':30,46,157,180,211 'roll':33,40,117 'selfoss':3 'sesam':17,25,35,54,104,109 'snap':18,26,36,55,105,110 'souffl':37,140 'sugar':71,101,122,195 'sweet':116,200,204 'tart':156,182,213 'tiramisu':76,166 'toffe':128,212 'tootsi':32,39 'top':44,100,103,108,181 'wafer':21,83,139,187
52	78	1.7183098591549295	23	'hfn':1	'hfn':1B	'780':2 'appl':74 'bar':45,141,153 'bean':112,155 'bear':55,67,117 'biscuit':14,58 'bonbon':43,73 'cake':11,61,79,103,134,160 'candi':50,56,88,104,132 'cane':51,57,105 'caramel':46,83 'cheesecak':109 'chocol':44,102,129,140,152,159 'chup':31,98 'chupa':30,97 'cooki':34,145,147 'cotton':87,131 'cream':86,101,115,121 'dessert':15,96 'donut':47 'drag':99 'drop':39,65,69,136 'fruitcak':40 'gingerbread':7 'gummi':18,54,66,78,116,156 'hafnarbraut':1 'halvah':62 'hornafiri':5 'hfn':3 'ice':85,100,114,120 'iceland':6 'jelli':27,90,111,133,143,154 'jelly-o':26,89,142 'jujub':8,20,52,127,157 'lemon':38,64,68,135 'liquoric':42,113,125 'lollipop':10,23,72,118,128,137 'macaroon':22,35,41 'marzipan':32 'o':28,91,144 'oat':60 'pastri':48,59,63,149 'pie':75,122 'plum':77,95,107,151 'powder':21,53,70 'pud':9,13,19,108 'roll':17,25,37,82,93,124,139 'souffl':80 'sugar':76,94,106,150 'sweet':12,16,24,81,92,123,158 'tart':33,71,110 'tiramisu':29,119,126,130 'toffe':84,148 'tootsi':36,138 'wafer':49,146 '':4
53	79	1.7183098591549295	23	'akranes':1	'akran':1B	'300':3 '43':2 'akran':4 'appl':73 'bar':44,140,152 'bean':111,154 'bear':54,66,116 'biscuit':13,57 'bonbon':42,72 'cake':10,60,78,102,133,159 'candi':49,55,87,103,131 'cane':50,56,104 'caramel':45,82 'cheesecak':108 'chocol':43,101,128,139,151,158 'chup':30,97 'chupa':29,96 'cooki':33,144,146 'cotton':86,130 'cream':85,100,114,120 'dessert':14,95 'donut':46 'drag':98 'drop':38,64,68,135 'fruitcak':39 'gingerbread':6 'gummi':17,53,65,77,115,155 'halvah':61 'ice':84,99,113,119 'iceland':5 'jelli':26,89,110,132,142,153 'jelly-o':25,88,141 'jujub':7,19,51,126,156 'lemon':37,63,67,134 'liquoric':41,112,124 'lollipop':9,22,71,117,127,136 'macaroon':21,34,40 'marzipan':31 'o':27,90,143 'oat':59 'pastri':47,58,62,148 'pie':74,121 'plum':76,94,106,150 'powder':20,52,69 'pud':8,12,18,107 'roll':16,24,36,81,92,123,138 'skagabraut':1 'souffl':79 'sugar':75,93,105,149 'sweet':11,15,23,80,91,122,157 'tart':32,70,109 'tiramisu':28,118,125,129 'toffe':83,147 'tootsi':35,137 'wafer':48,145
49	65	1.7183098591549295	23	'reykjavik':1	'reykjavik':1B	'101':3 '36':2 'appl':73 'bar':44,140,152 'bean':111,154 'bear':54,66,116 'biscuit':13,57 'bonbon':42,72 'cake':10,60,78,102,133,159 'candi':49,55,87,103,131 'cane':50,56,104 'caramel':45,82 'cheesecak':108 'chocol':43,101,128,139,151,158 'chup':30,97 'chupa':29,96 'cooki':33,144,146 'cotton':86,130 'cream':85,100,114,120 'dessert':14,95 'donut':46 'drag':98 'drop':38,64,68,135 'fruitcak':39 'gingerbread':6 'gummi':17,53,65,77,115,155 'halvah':61 'ice':84,99,113,119 'iceland':5 'jelli':26,89,110,132,142,153 'jelly-o':25,88,141 'jujub':7,19,51,126,156 'laugavegur':1 'lemon':37,63,67,134 'liquoric':41,112,124 'lollipop':9,22,71,117,127,136 'macaroon':21,34,40 'marzipan':31 'o':27,90,143 'oat':59 'pastri':47,58,62,148 'pie':74,121 'plum':76,94,106,150 'powder':20,52,69 'pud':8,12,18,107 'reykjavk':4 'roll':16,24,36,81,92,123,138 'souffl':79 'sugar':75,93,105,149 'sweet':11,15,23,80,91,122,157 'tart':32,70,109 'tiramisu':28,118,125,129 'toffe':83,147 'tootsi':35,137 'wafer':48,145
50	66	1.7183098591549295	23	'vik':1	'vik':1B	'1':2 '870':3 'amet':10 'appl':49,147 'bar':33,81,117 'bean':60,110,146 'bear':12,63,85 'biscuit':156,157 'bonbon':18,97 'browni':151 'cake':11,41,42,43,91,112,123,130,135,144 'candi':104,119,129,137 'cane':138 'caramel':57,152 'carrot':40,134 'cheesecak':14,51,70,82 'chocol':32,56,71,77,80,111,116 'chup':154 'chupa':153 'claw':13 'cooki':38 'cotton':118,128 'cream':150 'croissant':158 'cupcak':6,29,34,58,66,100,106,107,139 'danish':35 'dessert':115 'dolor':8 'donut':16,37,132 'drag':22,67 'drop':74,76,114 'fruitcak':64,105,159 'gingerbread':31,65,131 'gummi':25,62,84,127 'h3':55 'ice':61,96,121,149 'iceland':5 'ipsum':7 'jelli':59,72,109,145 'jujub':30 'klettsvegi':1 'lemon':73,75,113 'macaroon':24,44,92,133 'marshmallow':15,125 'marzipan':48,141,155 'muffin':36,45 'oat':122,143 'pastri':120,160,161 'pie':50,90,136,148 'plum':94 'powder':140 'roll':20,27,69,99 'sesam':46,78,87,101 'sit':9 'snap':47,79,88,102 'souffl':39,108 'sugar':54,93 'sweet':23,86,98,142 'tiramisu':21,83 'toffe':28,95,103 'tootsi':19,26,68 'top':17,126 'vk':4 'wafer':89,124
\.


--
-- Data for Name: wagtailsearch_query; Type: TABLE DATA; Schema: public; Owner: app_user
--

COPY public.wagtailsearch_query (id, query_string) FROM stdin;
1	chocolate
2	london
3	circus
\.


--
-- Data for Name: wagtailsearch_querydailyhits; Type: TABLE DATA; Schema: public; Owner: app_user
--

COPY public.wagtailsearch_querydailyhits (id, date, hits, query_id) FROM stdin;
1	2019-02-11	2	1
2	2019-02-15	1	2
3	2019-02-24	1	3
\.


--
-- Data for Name: wagtailsearchpromotions_searchpromotion; Type: TABLE DATA; Schema: public; Owner: app_user
--

COPY public.wagtailsearchpromotions_searchpromotion (id, sort_order, description, page_id, query_id) FROM stdin;
\.


--
-- Data for Name: wagtailusers_userprofile; Type: TABLE DATA; Schema: public; Owner: app_user
--

COPY public.wagtailusers_userprofile (id, submitted_notifications, approved_notifications, rejected_notifications, user_id, preferred_language, current_time_zone, avatar, updated_comments_notifications, dismissibles) FROM stdin;
\.


--
-- Name: auth_group_id_seq; Type: SEQUENCE SET; Schema: public; Owner: app_user
--

SELECT pg_catalog.setval('public.auth_group_id_seq', 2, true);


--
-- Name: auth_group_permissions_id_seq; Type: SEQUENCE SET; Schema: public; Owner: app_user
--

SELECT pg_catalog.setval('public.auth_group_permissions_id_seq', 16, true);


--
-- Name: auth_permission_id_seq; Type: SEQUENCE SET; Schema: public; Owner: app_user
--

SELECT pg_catalog.setval('public.auth_permission_id_seq', 264, true);


--
-- Name: auth_user_groups_id_seq; Type: SEQUENCE SET; Schema: public; Owner: app_user
--

SELECT pg_catalog.setval('public.auth_user_groups_id_seq', 1, false);


--
-- Name: auth_user_id_seq; Type: SEQUENCE SET; Schema: public; Owner: app_user
--

SELECT pg_catalog.setval('public.auth_user_id_seq', 3, true);


--
-- Name: auth_user_user_permissions_id_seq; Type: SEQUENCE SET; Schema: public; Owner: app_user
--

SELECT pg_catalog.setval('public.auth_user_user_permissions_id_seq', 1, false);


--
-- Name: base_footertext_id_seq; Type: SEQUENCE SET; Schema: public; Owner: app_user
--

SELECT pg_catalog.setval('public.base_footertext_id_seq', 1, true);


--
-- Name: base_formfield_id_seq; Type: SEQUENCE SET; Schema: public; Owner: app_user
--

SELECT pg_catalog.setval('public.base_formfield_id_seq', 5, true);


--
-- Name: base_people_id_seq; Type: SEQUENCE SET; Schema: public; Owner: app_user
--

SELECT pg_catalog.setval('public.base_people_id_seq', 4, true);


--
-- Name: blog_blogpagetag_id_seq; Type: SEQUENCE SET; Schema: public; Owner: app_user
--

SELECT pg_catalog.setval('public.blog_blogpagetag_id_seq', 97, true);


--
-- Name: blog_blogpeoplerelationship_id_seq; Type: SEQUENCE SET; Schema: public; Owner: app_user
--

SELECT pg_catalog.setval('public.blog_blogpeoplerelationship_id_seq', 9, true);


--
-- Name: breads_breadingredient_id_seq; Type: SEQUENCE SET; Schema: public; Owner: app_user
--

SELECT pg_catalog.setval('public.breads_breadingredient_id_seq', 5, true);


--
-- Name: breads_breadpage_ingredients_id_seq; Type: SEQUENCE SET; Schema: public; Owner: app_user
--

SELECT pg_catalog.setval('public.breads_breadpage_ingredients_id_seq', 1, false);


--
-- Name: breads_breadtype_id_seq; Type: SEQUENCE SET; Schema: public; Owner: app_user
--

SELECT pg_catalog.setval('public.breads_breadtype_id_seq', 18, true);


--
-- Name: breads_country_id_seq; Type: SEQUENCE SET; Schema: public; Owner: app_user
--

SELECT pg_catalog.setval('public.breads_country_id_seq', 25, true);


--
-- Name: django_admin_log_id_seq; Type: SEQUENCE SET; Schema: public; Owner: app_user
--

SELECT pg_catalog.setval('public.django_admin_log_id_seq', 1, false);


--
-- Name: django_content_type_id_seq; Type: SEQUENCE SET; Schema: public; Owner: app_user
--

SELECT pg_catalog.setval('public.django_content_type_id_seq', 67, true);


--
-- Name: django_migrations_id_seq; Type: SEQUENCE SET; Schema: public; Owner: app_user
--

SELECT pg_catalog.setval('public.django_migrations_id_seq', 217, true);


--
-- Name: locations_locationoperatinghours_id_seq; Type: SEQUENCE SET; Schema: public; Owner: app_user
--

SELECT pg_catalog.setval('public.locations_locationoperatinghours_id_seq', 42, true);


--
-- Name: recipes_recipepersonrelationship_id_seq; Type: SEQUENCE SET; Schema: public; Owner: app_user
--

SELECT pg_catalog.setval('public.recipes_recipepersonrelationship_id_seq', 3, true);


--
-- Name: simple_translation_simpletranslation_id_seq; Type: SEQUENCE SET; Schema: public; Owner: app_user
--

SELECT pg_catalog.setval('public.simple_translation_simpletranslation_id_seq', 1, false);


--
-- Name: taggit_tag_id_seq; Type: SEQUENCE SET; Schema: public; Owner: app_user
--

SELECT pg_catalog.setval('public.taggit_tag_id_seq', 13, true);


--
-- Name: taggit_taggeditem_id_seq; Type: SEQUENCE SET; Schema: public; Owner: app_user
--

SELECT pg_catalog.setval('public.taggit_taggeditem_id_seq', 1, false);


--
-- Name: wagtailadmin_admin_id_seq; Type: SEQUENCE SET; Schema: public; Owner: app_user
--

SELECT pg_catalog.setval('public.wagtailadmin_admin_id_seq', 1, false);


--
-- Name: wagtailcore_collection_id_seq; Type: SEQUENCE SET; Schema: public; Owner: app_user
--

SELECT pg_catalog.setval('public.wagtailcore_collection_id_seq', 4, true);


--
-- Name: wagtailcore_collectionviewrestriction_groups_id_seq; Type: SEQUENCE SET; Schema: public; Owner: app_user
--

SELECT pg_catalog.setval('public.wagtailcore_collectionviewrestriction_groups_id_seq', 1, false);


--
-- Name: wagtailcore_collectionviewrestriction_id_seq; Type: SEQUENCE SET; Schema: public; Owner: app_user
--

SELECT pg_catalog.setval('public.wagtailcore_collectionviewrestriction_id_seq', 1, false);


--
-- Name: wagtailcore_comment_id_seq; Type: SEQUENCE SET; Schema: public; Owner: app_user
--

SELECT pg_catalog.setval('public.wagtailcore_comment_id_seq', 1, false);


--
-- Name: wagtailcore_commentreply_id_seq; Type: SEQUENCE SET; Schema: public; Owner: app_user
--

SELECT pg_catalog.setval('public.wagtailcore_commentreply_id_seq', 1, false);


--
-- Name: wagtailcore_groupapprovaltask_groups_id_seq; Type: SEQUENCE SET; Schema: public; Owner: app_user
--

SELECT pg_catalog.setval('public.wagtailcore_groupapprovaltask_groups_id_seq', 1, true);


--
-- Name: wagtailcore_groupcollectionpermission_id_seq; Type: SEQUENCE SET; Schema: public; Owner: app_user
--

SELECT pg_catalog.setval('public.wagtailcore_groupcollectionpermission_id_seq', 10, true);


--
-- Name: wagtailcore_grouppagepermission_id_seq; Type: SEQUENCE SET; Schema: public; Owner: app_user
--

SELECT pg_catalog.setval('public.wagtailcore_grouppagepermission_id_seq', 7, true);


--
-- Name: wagtailcore_locale_id_seq; Type: SEQUENCE SET; Schema: public; Owner: app_user
--

SELECT pg_catalog.setval('public.wagtailcore_locale_id_seq', 1, true);


--
-- Name: wagtailcore_modellogentry_id_seq; Type: SEQUENCE SET; Schema: public; Owner: app_user
--

SELECT pg_catalog.setval('public.wagtailcore_modellogentry_id_seq', 1, false);


--
-- Name: wagtailcore_page_id_seq; Type: SEQUENCE SET; Schema: public; Owner: app_user
--

SELECT pg_catalog.setval('public.wagtailcore_page_id_seq', 83, true);


--
-- Name: wagtailcore_pagelogentry_id_seq; Type: SEQUENCE SET; Schema: public; Owner: app_user
--

SELECT pg_catalog.setval('public.wagtailcore_pagelogentry_id_seq', 1, true);


--
-- Name: wagtailcore_pagerevision_id_seq; Type: SEQUENCE SET; Schema: public; Owner: app_user
--

SELECT pg_catalog.setval('public.wagtailcore_pagerevision_id_seq', 1, false);


--
-- Name: wagtailcore_pagesubscription_id_seq; Type: SEQUENCE SET; Schema: public; Owner: app_user
--

SELECT pg_catalog.setval('public.wagtailcore_pagesubscription_id_seq', 1, false);


--
-- Name: wagtailcore_pageviewrestriction_groups_id_seq; Type: SEQUENCE SET; Schema: public; Owner: app_user
--

SELECT pg_catalog.setval('public.wagtailcore_pageviewrestriction_groups_id_seq', 1, false);


--
-- Name: wagtailcore_pageviewrestriction_id_seq; Type: SEQUENCE SET; Schema: public; Owner: app_user
--

SELECT pg_catalog.setval('public.wagtailcore_pageviewrestriction_id_seq', 1, false);


--
-- Name: wagtailcore_referenceindex_id_seq; Type: SEQUENCE SET; Schema: public; Owner: app_user
--

SELECT pg_catalog.setval('public.wagtailcore_referenceindex_id_seq', 443, true);


--
-- Name: wagtailcore_site_id_seq; Type: SEQUENCE SET; Schema: public; Owner: app_user
--

SELECT pg_catalog.setval('public.wagtailcore_site_id_seq', 2, true);


--
-- Name: wagtailcore_task_id_seq; Type: SEQUENCE SET; Schema: public; Owner: app_user
--

SELECT pg_catalog.setval('public.wagtailcore_task_id_seq', 1, true);


--
-- Name: wagtailcore_taskstate_id_seq; Type: SEQUENCE SET; Schema: public; Owner: app_user
--

SELECT pg_catalog.setval('public.wagtailcore_taskstate_id_seq', 1, false);


--
-- Name: wagtailcore_workflow_id_seq; Type: SEQUENCE SET; Schema: public; Owner: app_user
--

SELECT pg_catalog.setval('public.wagtailcore_workflow_id_seq', 1, true);


--
-- Name: wagtailcore_workflowstate_id_seq; Type: SEQUENCE SET; Schema: public; Owner: app_user
--

SELECT pg_catalog.setval('public.wagtailcore_workflowstate_id_seq', 1, false);


--
-- Name: wagtailcore_workflowtask_id_seq; Type: SEQUENCE SET; Schema: public; Owner: app_user
--

SELECT pg_catalog.setval('public.wagtailcore_workflowtask_id_seq', 1, true);


--
-- Name: wagtaildocs_document_id_seq; Type: SEQUENCE SET; Schema: public; Owner: app_user
--

SELECT pg_catalog.setval('public.wagtaildocs_document_id_seq', 1, false);


--
-- Name: wagtaildocs_uploadeddocument_id_seq; Type: SEQUENCE SET; Schema: public; Owner: app_user
--

SELECT pg_catalog.setval('public.wagtaildocs_uploadeddocument_id_seq', 1, false);


--
-- Name: wagtailembeds_embed_id_seq; Type: SEQUENCE SET; Schema: public; Owner: app_user
--

SELECT pg_catalog.setval('public.wagtailembeds_embed_id_seq', 2, true);


--
-- Name: wagtailforms_formsubmission_id_seq; Type: SEQUENCE SET; Schema: public; Owner: app_user
--

SELECT pg_catalog.setval('public.wagtailforms_formsubmission_id_seq', 1, true);


--
-- Name: wagtailimages_image_id_seq; Type: SEQUENCE SET; Schema: public; Owner: app_user
--

SELECT pg_catalog.setval('public.wagtailimages_image_id_seq', 53, true);


--
-- Name: wagtailimages_rendition_id_seq; Type: SEQUENCE SET; Schema: public; Owner: app_user
--

SELECT pg_catalog.setval('public.wagtailimages_rendition_id_seq', 1, false);


--
-- Name: wagtailimages_uploadedimage_id_seq; Type: SEQUENCE SET; Schema: public; Owner: app_user
--

SELECT pg_catalog.setval('public.wagtailimages_uploadedimage_id_seq', 1, false);


--
-- Name: wagtailredirects_redirect_id_seq; Type: SEQUENCE SET; Schema: public; Owner: app_user
--

SELECT pg_catalog.setval('public.wagtailredirects_redirect_id_seq', 1, false);


--
-- Name: wagtailsearch_indexentry_id_seq; Type: SEQUENCE SET; Schema: public; Owner: app_user
--

SELECT pg_catalog.setval('public.wagtailsearch_indexentry_id_seq', 153, true);


--
-- Name: wagtailsearch_query_id_seq; Type: SEQUENCE SET; Schema: public; Owner: app_user
--

SELECT pg_catalog.setval('public.wagtailsearch_query_id_seq', 3, true);


--
-- Name: wagtailsearch_querydailyhits_id_seq; Type: SEQUENCE SET; Schema: public; Owner: app_user
--

SELECT pg_catalog.setval('public.wagtailsearch_querydailyhits_id_seq', 3, true);


--
-- Name: wagtailsearchpromotions_searchpromotion_id_seq; Type: SEQUENCE SET; Schema: public; Owner: app_user
--

SELECT pg_catalog.setval('public.wagtailsearchpromotions_searchpromotion_id_seq', 1, false);


--
-- Name: wagtailusers_userprofile_id_seq; Type: SEQUENCE SET; Schema: public; Owner: app_user
--

SELECT pg_catalog.setval('public.wagtailusers_userprofile_id_seq', 1, false);


--
-- Name: auth_group auth_group_name_key; Type: CONSTRAINT; Schema: public; Owner: app_user
--

ALTER TABLE ONLY public.auth_group
    ADD CONSTRAINT auth_group_name_key UNIQUE (name);


--
-- Name: auth_group_permissions auth_group_permissions_group_id_permission_id_0cd325b0_uniq; Type: CONSTRAINT; Schema: public; Owner: app_user
--

ALTER TABLE ONLY public.auth_group_permissions
    ADD CONSTRAINT auth_group_permissions_group_id_permission_id_0cd325b0_uniq UNIQUE (group_id, permission_id);


--
-- Name: auth_group_permissions auth_group_permissions_pkey; Type: CONSTRAINT; Schema: public; Owner: app_user
--

ALTER TABLE ONLY public.auth_group_permissions
    ADD CONSTRAINT auth_group_permissions_pkey PRIMARY KEY (id);


--
-- Name: auth_group auth_group_pkey; Type: CONSTRAINT; Schema: public; Owner: app_user
--

ALTER TABLE ONLY public.auth_group
    ADD CONSTRAINT auth_group_pkey PRIMARY KEY (id);


--
-- Name: auth_permission auth_permission_content_type_id_codename_01ab375a_uniq; Type: CONSTRAINT; Schema: public; Owner: app_user
--

ALTER TABLE ONLY public.auth_permission
    ADD CONSTRAINT auth_permission_content_type_id_codename_01ab375a_uniq UNIQUE (content_type_id, codename);


--
-- Name: auth_permission auth_permission_pkey; Type: CONSTRAINT; Schema: public; Owner: app_user
--

ALTER TABLE ONLY public.auth_permission
    ADD CONSTRAINT auth_permission_pkey PRIMARY KEY (id);


--
-- Name: auth_user_groups auth_user_groups_pkey; Type: CONSTRAINT; Schema: public; Owner: app_user
--

ALTER TABLE ONLY public.auth_user_groups
    ADD CONSTRAINT auth_user_groups_pkey PRIMARY KEY (id);


--
-- Name: auth_user_groups auth_user_groups_user_id_group_id_94350c0c_uniq; Type: CONSTRAINT; Schema: public; Owner: app_user
--

ALTER TABLE ONLY public.auth_user_groups
    ADD CONSTRAINT auth_user_groups_user_id_group_id_94350c0c_uniq UNIQUE (user_id, group_id);


--
-- Name: auth_user auth_user_pkey; Type: CONSTRAINT; Schema: public; Owner: app_user
--

ALTER TABLE ONLY public.auth_user
    ADD CONSTRAINT auth_user_pkey PRIMARY KEY (id);


--
-- Name: auth_user_user_permissions auth_user_user_permissions_pkey; Type: CONSTRAINT; Schema: public; Owner: app_user
--

ALTER TABLE ONLY public.auth_user_user_permissions
    ADD CONSTRAINT auth_user_user_permissions_pkey PRIMARY KEY (id);


--
-- Name: auth_user_user_permissions auth_user_user_permissions_user_id_permission_id_14a6b632_uniq; Type: CONSTRAINT; Schema: public; Owner: app_user
--

ALTER TABLE ONLY public.auth_user_user_permissions
    ADD CONSTRAINT auth_user_user_permissions_user_id_permission_id_14a6b632_uniq UNIQUE (user_id, permission_id);


--
-- Name: auth_user auth_user_username_key; Type: CONSTRAINT; Schema: public; Owner: app_user
--

ALTER TABLE ONLY public.auth_user
    ADD CONSTRAINT auth_user_username_key UNIQUE (username);


--
-- Name: base_footertext base_footertext_pkey; Type: CONSTRAINT; Schema: public; Owner: app_user
--

ALTER TABLE ONLY public.base_footertext
    ADD CONSTRAINT base_footertext_pkey PRIMARY KEY (id);


--
-- Name: base_formfield base_formfield_pkey; Type: CONSTRAINT; Schema: public; Owner: app_user
--

ALTER TABLE ONLY public.base_formfield
    ADD CONSTRAINT base_formfield_pkey PRIMARY KEY (id);


--
-- Name: base_formpage base_formpage_pkey; Type: CONSTRAINT; Schema: public; Owner: app_user
--

ALTER TABLE ONLY public.base_formpage
    ADD CONSTRAINT base_formpage_pkey PRIMARY KEY (page_ptr_id);


--
-- Name: base_gallerypage base_gallerypage_pkey; Type: CONSTRAINT; Schema: public; Owner: app_user
--

ALTER TABLE ONLY public.base_gallerypage
    ADD CONSTRAINT base_gallerypage_pkey PRIMARY KEY (page_ptr_id);


--
-- Name: base_homepage base_homepage_pkey; Type: CONSTRAINT; Schema: public; Owner: app_user
--

ALTER TABLE ONLY public.base_homepage
    ADD CONSTRAINT base_homepage_pkey PRIMARY KEY (page_ptr_id);


--
-- Name: base_person base_people_pkey; Type: CONSTRAINT; Schema: public; Owner: app_user
--

ALTER TABLE ONLY public.base_person
    ADD CONSTRAINT base_people_pkey PRIMARY KEY (id);


--
-- Name: base_standardpage base_standardpage_pkey; Type: CONSTRAINT; Schema: public; Owner: app_user
--

ALTER TABLE ONLY public.base_standardpage
    ADD CONSTRAINT base_standardpage_pkey PRIMARY KEY (page_ptr_id);


--
-- Name: blog_blogindexpage blog_blogindexpage_pkey; Type: CONSTRAINT; Schema: public; Owner: app_user
--

ALTER TABLE ONLY public.blog_blogindexpage
    ADD CONSTRAINT blog_blogindexpage_pkey PRIMARY KEY (page_ptr_id);


--
-- Name: blog_blogpage blog_blogpage_pkey; Type: CONSTRAINT; Schema: public; Owner: app_user
--

ALTER TABLE ONLY public.blog_blogpage
    ADD CONSTRAINT blog_blogpage_pkey PRIMARY KEY (page_ptr_id);


--
-- Name: blog_blogpagetag blog_blogpagetag_pkey; Type: CONSTRAINT; Schema: public; Owner: app_user
--

ALTER TABLE ONLY public.blog_blogpagetag
    ADD CONSTRAINT blog_blogpagetag_pkey PRIMARY KEY (id);


--
-- Name: blog_blogpersonrelationship blog_blogpeoplerelationship_pkey; Type: CONSTRAINT; Schema: public; Owner: app_user
--

ALTER TABLE ONLY public.blog_blogpersonrelationship
    ADD CONSTRAINT blog_blogpeoplerelationship_pkey PRIMARY KEY (id);


--
-- Name: breads_breadingredient breads_breadingredient_pkey; Type: CONSTRAINT; Schema: public; Owner: app_user
--

ALTER TABLE ONLY public.breads_breadingredient
    ADD CONSTRAINT breads_breadingredient_pkey PRIMARY KEY (id);


--
-- Name: breads_breadpage_ingredients breads_breadpage_ingredi_breadpage_id_breadingred_02bc1b96_uniq; Type: CONSTRAINT; Schema: public; Owner: app_user
--

ALTER TABLE ONLY public.breads_breadpage_ingredients
    ADD CONSTRAINT breads_breadpage_ingredi_breadpage_id_breadingred_02bc1b96_uniq UNIQUE (breadpage_id, breadingredient_id);


--
-- Name: breads_breadpage_ingredients breads_breadpage_ingredients_pkey; Type: CONSTRAINT; Schema: public; Owner: app_user
--

ALTER TABLE ONLY public.breads_breadpage_ingredients
    ADD CONSTRAINT breads_breadpage_ingredients_pkey PRIMARY KEY (id);


--
-- Name: breads_breadpage breads_breadpage_pkey; Type: CONSTRAINT; Schema: public; Owner: app_user
--

ALTER TABLE ONLY public.breads_breadpage
    ADD CONSTRAINT breads_breadpage_pkey PRIMARY KEY (page_ptr_id);


--
-- Name: breads_breadsindexpage breads_breadsindexpage_pkey; Type: CONSTRAINT; Schema: public; Owner: app_user
--

ALTER TABLE ONLY public.breads_breadsindexpage
    ADD CONSTRAINT breads_breadsindexpage_pkey PRIMARY KEY (page_ptr_id);


--
-- Name: breads_breadtype breads_breadtype_pkey; Type: CONSTRAINT; Schema: public; Owner: app_user
--

ALTER TABLE ONLY public.breads_breadtype
    ADD CONSTRAINT breads_breadtype_pkey PRIMARY KEY (id);


--
-- Name: breads_country breads_country_pkey; Type: CONSTRAINT; Schema: public; Owner: app_user
--

ALTER TABLE ONLY public.breads_country
    ADD CONSTRAINT breads_country_pkey PRIMARY KEY (id);


--
-- Name: django_admin_log django_admin_log_pkey; Type: CONSTRAINT; Schema: public; Owner: app_user
--

ALTER TABLE ONLY public.django_admin_log
    ADD CONSTRAINT django_admin_log_pkey PRIMARY KEY (id);


--
-- Name: django_content_type django_content_type_app_label_model_76bd3d3b_uniq; Type: CONSTRAINT; Schema: public; Owner: app_user
--

ALTER TABLE ONLY public.django_content_type
    ADD CONSTRAINT django_content_type_app_label_model_76bd3d3b_uniq UNIQUE (app_label, model);


--
-- Name: django_content_type django_content_type_pkey; Type: CONSTRAINT; Schema: public; Owner: app_user
--

ALTER TABLE ONLY public.django_content_type
    ADD CONSTRAINT django_content_type_pkey PRIMARY KEY (id);


--
-- Name: django_migrations django_migrations_pkey; Type: CONSTRAINT; Schema: public; Owner: app_user
--

ALTER TABLE ONLY public.django_migrations
    ADD CONSTRAINT django_migrations_pkey PRIMARY KEY (id);


--
-- Name: django_session django_session_pkey; Type: CONSTRAINT; Schema: public; Owner: app_user
--

ALTER TABLE ONLY public.django_session
    ADD CONSTRAINT django_session_pkey PRIMARY KEY (session_key);


--
-- Name: locations_locationoperatinghours locations_locationoperatinghours_pkey; Type: CONSTRAINT; Schema: public; Owner: app_user
--

ALTER TABLE ONLY public.locations_locationoperatinghours
    ADD CONSTRAINT locations_locationoperatinghours_pkey PRIMARY KEY (id);


--
-- Name: locations_locationpage locations_locationpage_pkey; Type: CONSTRAINT; Schema: public; Owner: app_user
--

ALTER TABLE ONLY public.locations_locationpage
    ADD CONSTRAINT locations_locationpage_pkey PRIMARY KEY (page_ptr_id);


--
-- Name: locations_locationsindexpage locations_locationsindexpage_pkey; Type: CONSTRAINT; Schema: public; Owner: app_user
--

ALTER TABLE ONLY public.locations_locationsindexpage
    ADD CONSTRAINT locations_locationsindexpage_pkey PRIMARY KEY (page_ptr_id);


--
-- Name: recipes_recipeindexpage recipes_recipeindexpage_pkey; Type: CONSTRAINT; Schema: public; Owner: app_user
--

ALTER TABLE ONLY public.recipes_recipeindexpage
    ADD CONSTRAINT recipes_recipeindexpage_pkey PRIMARY KEY (page_ptr_id);


--
-- Name: recipes_recipepage recipes_recipepage_pkey; Type: CONSTRAINT; Schema: public; Owner: app_user
--

ALTER TABLE ONLY public.recipes_recipepage
    ADD CONSTRAINT recipes_recipepage_pkey PRIMARY KEY (page_ptr_id);


--
-- Name: recipes_recipepersonrelationship recipes_recipepersonrelationship_pkey; Type: CONSTRAINT; Schema: public; Owner: app_user
--

ALTER TABLE ONLY public.recipes_recipepersonrelationship
    ADD CONSTRAINT recipes_recipepersonrelationship_pkey PRIMARY KEY (id);


--
-- Name: simple_translation_simpletranslation simple_translation_simpletranslation_pkey; Type: CONSTRAINT; Schema: public; Owner: app_user
--

ALTER TABLE ONLY public.simple_translation_simpletranslation
    ADD CONSTRAINT simple_translation_simpletranslation_pkey PRIMARY KEY (id);


--
-- Name: taggit_tag taggit_tag_name_key; Type: CONSTRAINT; Schema: public; Owner: app_user
--

ALTER TABLE ONLY public.taggit_tag
    ADD CONSTRAINT taggit_tag_name_key UNIQUE (name);


--
-- Name: taggit_tag taggit_tag_pkey; Type: CONSTRAINT; Schema: public; Owner: app_user
--

ALTER TABLE ONLY public.taggit_tag
    ADD CONSTRAINT taggit_tag_pkey PRIMARY KEY (id);


--
-- Name: taggit_tag taggit_tag_slug_key; Type: CONSTRAINT; Schema: public; Owner: app_user
--

ALTER TABLE ONLY public.taggit_tag
    ADD CONSTRAINT taggit_tag_slug_key UNIQUE (slug);


--
-- Name: taggit_taggeditem taggit_taggeditem_content_type_id_object_i_4bb97a8e_uniq; Type: CONSTRAINT; Schema: public; Owner: app_user
--

ALTER TABLE ONLY public.taggit_taggeditem
    ADD CONSTRAINT taggit_taggeditem_content_type_id_object_i_4bb97a8e_uniq UNIQUE (content_type_id, object_id, tag_id);


--
-- Name: taggit_taggeditem taggit_taggeditem_pkey; Type: CONSTRAINT; Schema: public; Owner: app_user
--

ALTER TABLE ONLY public.taggit_taggeditem
    ADD CONSTRAINT taggit_taggeditem_pkey PRIMARY KEY (id);


--
-- Name: wagtailadmin_admin wagtailadmin_admin_pkey; Type: CONSTRAINT; Schema: public; Owner: app_user
--

ALTER TABLE ONLY public.wagtailadmin_admin
    ADD CONSTRAINT wagtailadmin_admin_pkey PRIMARY KEY (id);


--
-- Name: wagtailcore_collection wagtailcore_collection_path_key; Type: CONSTRAINT; Schema: public; Owner: app_user
--

ALTER TABLE ONLY public.wagtailcore_collection
    ADD CONSTRAINT wagtailcore_collection_path_key UNIQUE (path);


--
-- Name: wagtailcore_collection wagtailcore_collection_pkey; Type: CONSTRAINT; Schema: public; Owner: app_user
--

ALTER TABLE ONLY public.wagtailcore_collection
    ADD CONSTRAINT wagtailcore_collection_pkey PRIMARY KEY (id);


--
-- Name: wagtailcore_collectionviewrestriction_groups wagtailcore_collectionvi_collectionviewrestrictio_988995ae_uniq; Type: CONSTRAINT; Schema: public; Owner: app_user
--

ALTER TABLE ONLY public.wagtailcore_collectionviewrestriction_groups
    ADD CONSTRAINT wagtailcore_collectionvi_collectionviewrestrictio_988995ae_uniq UNIQUE (collectionviewrestriction_id, group_id);


--
-- Name: wagtailcore_collectionviewrestriction_groups wagtailcore_collectionviewrestriction_groups_pkey; Type: CONSTRAINT; Schema: public; Owner: app_user
--

ALTER TABLE ONLY public.wagtailcore_collectionviewrestriction_groups
    ADD CONSTRAINT wagtailcore_collectionviewrestriction_groups_pkey PRIMARY KEY (id);


--
-- Name: wagtailcore_collectionviewrestriction wagtailcore_collectionviewrestriction_pkey; Type: CONSTRAINT; Schema: public; Owner: app_user
--

ALTER TABLE ONLY public.wagtailcore_collectionviewrestriction
    ADD CONSTRAINT wagtailcore_collectionviewrestriction_pkey PRIMARY KEY (id);


--
-- Name: wagtailcore_comment wagtailcore_comment_pkey; Type: CONSTRAINT; Schema: public; Owner: app_user
--

ALTER TABLE ONLY public.wagtailcore_comment
    ADD CONSTRAINT wagtailcore_comment_pkey PRIMARY KEY (id);


--
-- Name: wagtailcore_commentreply wagtailcore_commentreply_pkey; Type: CONSTRAINT; Schema: public; Owner: app_user
--

ALTER TABLE ONLY public.wagtailcore_commentreply
    ADD CONSTRAINT wagtailcore_commentreply_pkey PRIMARY KEY (id);


--
-- Name: wagtailcore_groupapprovaltask_groups wagtailcore_groupapprova_groupapprovaltask_id_gro_bb5ee7eb_uniq; Type: CONSTRAINT; Schema: public; Owner: app_user
--

ALTER TABLE ONLY public.wagtailcore_groupapprovaltask_groups
    ADD CONSTRAINT wagtailcore_groupapprova_groupapprovaltask_id_gro_bb5ee7eb_uniq UNIQUE (groupapprovaltask_id, group_id);


--
-- Name: wagtailcore_groupapprovaltask_groups wagtailcore_groupapprovaltask_groups_pkey; Type: CONSTRAINT; Schema: public; Owner: app_user
--

ALTER TABLE ONLY public.wagtailcore_groupapprovaltask_groups
    ADD CONSTRAINT wagtailcore_groupapprovaltask_groups_pkey PRIMARY KEY (id);


--
-- Name: wagtailcore_groupapprovaltask wagtailcore_groupapprovaltask_pkey; Type: CONSTRAINT; Schema: public; Owner: app_user
--

ALTER TABLE ONLY public.wagtailcore_groupapprovaltask
    ADD CONSTRAINT wagtailcore_groupapprovaltask_pkey PRIMARY KEY (task_ptr_id);


--
-- Name: wagtailcore_groupcollectionpermission wagtailcore_groupcollect_group_id_collection_id_p_a21cefe9_uniq; Type: CONSTRAINT; Schema: public; Owner: app_user
--

ALTER TABLE ONLY public.wagtailcore_groupcollectionpermission
    ADD CONSTRAINT wagtailcore_groupcollect_group_id_collection_id_p_a21cefe9_uniq UNIQUE (group_id, collection_id, permission_id);


--
-- Name: wagtailcore_groupcollectionpermission wagtailcore_groupcollectionpermission_pkey; Type: CONSTRAINT; Schema: public; Owner: app_user
--

ALTER TABLE ONLY public.wagtailcore_groupcollectionpermission
    ADD CONSTRAINT wagtailcore_groupcollectionpermission_pkey PRIMARY KEY (id);


--
-- Name: wagtailcore_grouppagepermission wagtailcore_grouppageper_group_id_page_id_permiss_0898bdf8_uniq; Type: CONSTRAINT; Schema: public; Owner: app_user
--

ALTER TABLE ONLY public.wagtailcore_grouppagepermission
    ADD CONSTRAINT wagtailcore_grouppageper_group_id_page_id_permiss_0898bdf8_uniq UNIQUE (group_id, page_id, permission_type);


--
-- Name: wagtailcore_grouppagepermission wagtailcore_grouppagepermission_pkey; Type: CONSTRAINT; Schema: public; Owner: app_user
--

ALTER TABLE ONLY public.wagtailcore_grouppagepermission
    ADD CONSTRAINT wagtailcore_grouppagepermission_pkey PRIMARY KEY (id);


--
-- Name: wagtailcore_locale wagtailcore_locale_language_code_key; Type: CONSTRAINT; Schema: public; Owner: app_user
--

ALTER TABLE ONLY public.wagtailcore_locale
    ADD CONSTRAINT wagtailcore_locale_language_code_key UNIQUE (language_code);


--
-- Name: wagtailcore_locale wagtailcore_locale_pkey; Type: CONSTRAINT; Schema: public; Owner: app_user
--

ALTER TABLE ONLY public.wagtailcore_locale
    ADD CONSTRAINT wagtailcore_locale_pkey PRIMARY KEY (id);


--
-- Name: wagtailcore_modellogentry wagtailcore_modellogentry_pkey; Type: CONSTRAINT; Schema: public; Owner: app_user
--

ALTER TABLE ONLY public.wagtailcore_modellogentry
    ADD CONSTRAINT wagtailcore_modellogentry_pkey PRIMARY KEY (id);


--
-- Name: wagtailcore_page wagtailcore_page_path_key; Type: CONSTRAINT; Schema: public; Owner: app_user
--

ALTER TABLE ONLY public.wagtailcore_page
    ADD CONSTRAINT wagtailcore_page_path_key UNIQUE (path);


--
-- Name: wagtailcore_page wagtailcore_page_pkey; Type: CONSTRAINT; Schema: public; Owner: app_user
--

ALTER TABLE ONLY public.wagtailcore_page
    ADD CONSTRAINT wagtailcore_page_pkey PRIMARY KEY (id);


--
-- Name: wagtailcore_page wagtailcore_page_translation_key_locale_id_9b041bad_uniq; Type: CONSTRAINT; Schema: public; Owner: app_user
--

ALTER TABLE ONLY public.wagtailcore_page
    ADD CONSTRAINT wagtailcore_page_translation_key_locale_id_9b041bad_uniq UNIQUE (translation_key, locale_id);


--
-- Name: wagtailcore_pagelogentry wagtailcore_pagelogentry_pkey; Type: CONSTRAINT; Schema: public; Owner: app_user
--

ALTER TABLE ONLY public.wagtailcore_pagelogentry
    ADD CONSTRAINT wagtailcore_pagelogentry_pkey PRIMARY KEY (id);


--
-- Name: wagtailcore_revision wagtailcore_pagerevision_pkey; Type: CONSTRAINT; Schema: public; Owner: app_user
--

ALTER TABLE ONLY public.wagtailcore_revision
    ADD CONSTRAINT wagtailcore_pagerevision_pkey PRIMARY KEY (id);


--
-- Name: wagtailcore_pagesubscription wagtailcore_pagesubscription_page_id_user_id_0cef73ed_uniq; Type: CONSTRAINT; Schema: public; Owner: app_user
--

ALTER TABLE ONLY public.wagtailcore_pagesubscription
    ADD CONSTRAINT wagtailcore_pagesubscription_page_id_user_id_0cef73ed_uniq UNIQUE (page_id, user_id);


--
-- Name: wagtailcore_pagesubscription wagtailcore_pagesubscription_pkey; Type: CONSTRAINT; Schema: public; Owner: app_user
--

ALTER TABLE ONLY public.wagtailcore_pagesubscription
    ADD CONSTRAINT wagtailcore_pagesubscription_pkey PRIMARY KEY (id);


--
-- Name: wagtailcore_pageviewrestriction_groups wagtailcore_pageviewrest_pageviewrestriction_id_g_d23f80bb_uniq; Type: CONSTRAINT; Schema: public; Owner: app_user
--

ALTER TABLE ONLY public.wagtailcore_pageviewrestriction_groups
    ADD CONSTRAINT wagtailcore_pageviewrest_pageviewrestriction_id_g_d23f80bb_uniq UNIQUE (pageviewrestriction_id, group_id);


--
-- Name: wagtailcore_pageviewrestriction_groups wagtailcore_pageviewrestriction_groups_pkey; Type: CONSTRAINT; Schema: public; Owner: app_user
--

ALTER TABLE ONLY public.wagtailcore_pageviewrestriction_groups
    ADD CONSTRAINT wagtailcore_pageviewrestriction_groups_pkey PRIMARY KEY (id);


--
-- Name: wagtailcore_pageviewrestriction wagtailcore_pageviewrestriction_pkey; Type: CONSTRAINT; Schema: public; Owner: app_user
--

ALTER TABLE ONLY public.wagtailcore_pageviewrestriction
    ADD CONSTRAINT wagtailcore_pageviewrestriction_pkey PRIMARY KEY (id);


--
-- Name: wagtailcore_referenceindex wagtailcore_referenceind_base_content_type_id_obj_9e6ccd6a_uniq; Type: CONSTRAINT; Schema: public; Owner: app_user
--

ALTER TABLE ONLY public.wagtailcore_referenceindex
    ADD CONSTRAINT wagtailcore_referenceind_base_content_type_id_obj_9e6ccd6a_uniq UNIQUE (base_content_type_id, object_id, to_content_type_id, to_object_id, content_path_hash);


--
-- Name: wagtailcore_referenceindex wagtailcore_referenceindex_pkey; Type: CONSTRAINT; Schema: public; Owner: app_user
--

ALTER TABLE ONLY public.wagtailcore_referenceindex
    ADD CONSTRAINT wagtailcore_referenceindex_pkey PRIMARY KEY (id);


--
-- Name: wagtailcore_site wagtailcore_site_hostname_port_2c626d70_uniq; Type: CONSTRAINT; Schema: public; Owner: app_user
--

ALTER TABLE ONLY public.wagtailcore_site
    ADD CONSTRAINT wagtailcore_site_hostname_port_2c626d70_uniq UNIQUE (hostname, port);


--
-- Name: wagtailcore_site wagtailcore_site_pkey; Type: CONSTRAINT; Schema: public; Owner: app_user
--

ALTER TABLE ONLY public.wagtailcore_site
    ADD CONSTRAINT wagtailcore_site_pkey PRIMARY KEY (id);


--
-- Name: wagtailcore_task wagtailcore_task_pkey; Type: CONSTRAINT; Schema: public; Owner: app_user
--

ALTER TABLE ONLY public.wagtailcore_task
    ADD CONSTRAINT wagtailcore_task_pkey PRIMARY KEY (id);


--
-- Name: wagtailcore_taskstate wagtailcore_taskstate_pkey; Type: CONSTRAINT; Schema: public; Owner: app_user
--

ALTER TABLE ONLY public.wagtailcore_taskstate
    ADD CONSTRAINT wagtailcore_taskstate_pkey PRIMARY KEY (id);


--
-- Name: wagtailcore_workflow wagtailcore_workflow_pkey; Type: CONSTRAINT; Schema: public; Owner: app_user
--

ALTER TABLE ONLY public.wagtailcore_workflow
    ADD CONSTRAINT wagtailcore_workflow_pkey PRIMARY KEY (id);


--
-- Name: wagtailcore_workflowpage wagtailcore_workflowpage_pkey; Type: CONSTRAINT; Schema: public; Owner: app_user
--

ALTER TABLE ONLY public.wagtailcore_workflowpage
    ADD CONSTRAINT wagtailcore_workflowpage_pkey PRIMARY KEY (page_id);


--
-- Name: wagtailcore_workflowstate wagtailcore_workflowstate_current_task_state_id_key; Type: CONSTRAINT; Schema: public; Owner: app_user
--

ALTER TABLE ONLY public.wagtailcore_workflowstate
    ADD CONSTRAINT wagtailcore_workflowstate_current_task_state_id_key UNIQUE (current_task_state_id);


--
-- Name: wagtailcore_workflowstate wagtailcore_workflowstate_pkey; Type: CONSTRAINT; Schema: public; Owner: app_user
--

ALTER TABLE ONLY public.wagtailcore_workflowstate
    ADD CONSTRAINT wagtailcore_workflowstate_pkey PRIMARY KEY (id);


--
-- Name: wagtailcore_workflowtask wagtailcore_workflowtask_pkey; Type: CONSTRAINT; Schema: public; Owner: app_user
--

ALTER TABLE ONLY public.wagtailcore_workflowtask
    ADD CONSTRAINT wagtailcore_workflowtask_pkey PRIMARY KEY (id);


--
-- Name: wagtailcore_workflowtask wagtailcore_workflowtask_workflow_id_task_id_4ec7a62b_uniq; Type: CONSTRAINT; Schema: public; Owner: app_user
--

ALTER TABLE ONLY public.wagtailcore_workflowtask
    ADD CONSTRAINT wagtailcore_workflowtask_workflow_id_task_id_4ec7a62b_uniq UNIQUE (workflow_id, task_id);


--
-- Name: wagtaildocs_document wagtaildocs_document_pkey; Type: CONSTRAINT; Schema: public; Owner: app_user
--

ALTER TABLE ONLY public.wagtaildocs_document
    ADD CONSTRAINT wagtaildocs_document_pkey PRIMARY KEY (id);


--
-- Name: wagtaildocs_uploadeddocument wagtaildocs_uploadeddocument_pkey; Type: CONSTRAINT; Schema: public; Owner: app_user
--

ALTER TABLE ONLY public.wagtaildocs_uploadeddocument
    ADD CONSTRAINT wagtaildocs_uploadeddocument_pkey PRIMARY KEY (id);


--
-- Name: wagtailembeds_embed wagtailembeds_embed_hash_c9bd8c9a_uniq; Type: CONSTRAINT; Schema: public; Owner: app_user
--

ALTER TABLE ONLY public.wagtailembeds_embed
    ADD CONSTRAINT wagtailembeds_embed_hash_c9bd8c9a_uniq UNIQUE (hash);


--
-- Name: wagtailembeds_embed wagtailembeds_embed_pkey; Type: CONSTRAINT; Schema: public; Owner: app_user
--

ALTER TABLE ONLY public.wagtailembeds_embed
    ADD CONSTRAINT wagtailembeds_embed_pkey PRIMARY KEY (id);


--
-- Name: wagtailforms_formsubmission wagtailforms_formsubmission_pkey; Type: CONSTRAINT; Schema: public; Owner: app_user
--

ALTER TABLE ONLY public.wagtailforms_formsubmission
    ADD CONSTRAINT wagtailforms_formsubmission_pkey PRIMARY KEY (id);


--
-- Name: wagtailimages_image wagtailimages_image_pkey; Type: CONSTRAINT; Schema: public; Owner: app_user
--

ALTER TABLE ONLY public.wagtailimages_image
    ADD CONSTRAINT wagtailimages_image_pkey PRIMARY KEY (id);


--
-- Name: wagtailimages_rendition wagtailimages_rendition_image_id_filter_spec_foc_323c8fe0_uniq; Type: CONSTRAINT; Schema: public; Owner: app_user
--

ALTER TABLE ONLY public.wagtailimages_rendition
    ADD CONSTRAINT wagtailimages_rendition_image_id_filter_spec_foc_323c8fe0_uniq UNIQUE (image_id, filter_spec, focal_point_key);


--
-- Name: wagtailimages_rendition wagtailimages_rendition_pkey; Type: CONSTRAINT; Schema: public; Owner: app_user
--

ALTER TABLE ONLY public.wagtailimages_rendition
    ADD CONSTRAINT wagtailimages_rendition_pkey PRIMARY KEY (id);


--
-- Name: wagtailimages_uploadedimage wagtailimages_uploadedimage_pkey; Type: CONSTRAINT; Schema: public; Owner: app_user
--

ALTER TABLE ONLY public.wagtailimages_uploadedimage
    ADD CONSTRAINT wagtailimages_uploadedimage_pkey PRIMARY KEY (id);


--
-- Name: wagtailredirects_redirect wagtailredirects_redirect_old_path_site_id_783622d7_uniq; Type: CONSTRAINT; Schema: public; Owner: app_user
--

ALTER TABLE ONLY public.wagtailredirects_redirect
    ADD CONSTRAINT wagtailredirects_redirect_old_path_site_id_783622d7_uniq UNIQUE (old_path, site_id);


--
-- Name: wagtailredirects_redirect wagtailredirects_redirect_pkey; Type: CONSTRAINT; Schema: public; Owner: app_user
--

ALTER TABLE ONLY public.wagtailredirects_redirect
    ADD CONSTRAINT wagtailredirects_redirect_pkey PRIMARY KEY (id);


--
-- Name: wagtailsearch_indexentry wagtailsearch_indexentry_content_type_id_object_i_bcd7ba73_uniq; Type: CONSTRAINT; Schema: public; Owner: app_user
--

ALTER TABLE ONLY public.wagtailsearch_indexentry
    ADD CONSTRAINT wagtailsearch_indexentry_content_type_id_object_i_bcd7ba73_uniq UNIQUE (content_type_id, object_id);


--
-- Name: wagtailsearch_indexentry wagtailsearch_indexentry_pkey; Type: CONSTRAINT; Schema: public; Owner: app_user
--

ALTER TABLE ONLY public.wagtailsearch_indexentry
    ADD CONSTRAINT wagtailsearch_indexentry_pkey PRIMARY KEY (id);


--
-- Name: wagtailsearch_query wagtailsearch_query_pkey; Type: CONSTRAINT; Schema: public; Owner: app_user
--

ALTER TABLE ONLY public.wagtailsearch_query
    ADD CONSTRAINT wagtailsearch_query_pkey PRIMARY KEY (id);


--
-- Name: wagtailsearch_query wagtailsearch_query_query_string_key; Type: CONSTRAINT; Schema: public; Owner: app_user
--

ALTER TABLE ONLY public.wagtailsearch_query
    ADD CONSTRAINT wagtailsearch_query_query_string_key UNIQUE (query_string);


--
-- Name: wagtailsearch_querydailyhits wagtailsearch_querydailyhits_pkey; Type: CONSTRAINT; Schema: public; Owner: app_user
--

ALTER TABLE ONLY public.wagtailsearch_querydailyhits
    ADD CONSTRAINT wagtailsearch_querydailyhits_pkey PRIMARY KEY (id);


--
-- Name: wagtailsearch_querydailyhits wagtailsearch_querydailyhits_query_id_date_1dd232e6_uniq; Type: CONSTRAINT; Schema: public; Owner: app_user
--

ALTER TABLE ONLY public.wagtailsearch_querydailyhits
    ADD CONSTRAINT wagtailsearch_querydailyhits_query_id_date_1dd232e6_uniq UNIQUE (query_id, date);


--
-- Name: wagtailsearchpromotions_searchpromotion wagtailsearchpromotions_searchpromotion_pkey; Type: CONSTRAINT; Schema: public; Owner: app_user
--

ALTER TABLE ONLY public.wagtailsearchpromotions_searchpromotion
    ADD CONSTRAINT wagtailsearchpromotions_searchpromotion_pkey PRIMARY KEY (id);


--
-- Name: wagtailusers_userprofile wagtailusers_userprofile_pkey; Type: CONSTRAINT; Schema: public; Owner: app_user
--

ALTER TABLE ONLY public.wagtailusers_userprofile
    ADD CONSTRAINT wagtailusers_userprofile_pkey PRIMARY KEY (id);


--
-- Name: wagtailusers_userprofile wagtailusers_userprofile_user_id_key; Type: CONSTRAINT; Schema: public; Owner: app_user
--

ALTER TABLE ONLY public.wagtailusers_userprofile
    ADD CONSTRAINT wagtailusers_userprofile_user_id_key UNIQUE (user_id);


--
-- Name: auth_group_name_a6ea08ec_like; Type: INDEX; Schema: public; Owner: app_user
--

CREATE INDEX auth_group_name_a6ea08ec_like ON public.auth_group USING btree (name varchar_pattern_ops);


--
-- Name: auth_group_permissions_group_id_b120cbf9; Type: INDEX; Schema: public; Owner: app_user
--

CREATE INDEX auth_group_permissions_group_id_b120cbf9 ON public.auth_group_permissions USING btree (group_id);


--
-- Name: auth_group_permissions_permission_id_84c5c92e; Type: INDEX; Schema: public; Owner: app_user
--

CREATE INDEX auth_group_permissions_permission_id_84c5c92e ON public.auth_group_permissions USING btree (permission_id);


--
-- Name: auth_permission_content_type_id_2f476e4b; Type: INDEX; Schema: public; Owner: app_user
--

CREATE INDEX auth_permission_content_type_id_2f476e4b ON public.auth_permission USING btree (content_type_id);


--
-- Name: auth_user_groups_group_id_97559544; Type: INDEX; Schema: public; Owner: app_user
--

CREATE INDEX auth_user_groups_group_id_97559544 ON public.auth_user_groups USING btree (group_id);


--
-- Name: auth_user_groups_user_id_6a12ed8b; Type: INDEX; Schema: public; Owner: app_user
--

CREATE INDEX auth_user_groups_user_id_6a12ed8b ON public.auth_user_groups USING btree (user_id);


--
-- Name: auth_user_user_permissions_permission_id_1fbb5f2c; Type: INDEX; Schema: public; Owner: app_user
--

CREATE INDEX auth_user_user_permissions_permission_id_1fbb5f2c ON public.auth_user_user_permissions USING btree (permission_id);


--
-- Name: auth_user_user_permissions_user_id_a95ead1b; Type: INDEX; Schema: public; Owner: app_user
--

CREATE INDEX auth_user_user_permissions_user_id_a95ead1b ON public.auth_user_user_permissions USING btree (user_id);


--
-- Name: auth_user_username_6821ab7c_like; Type: INDEX; Schema: public; Owner: app_user
--

CREATE INDEX auth_user_username_6821ab7c_like ON public.auth_user USING btree (username varchar_pattern_ops);


--
-- Name: base_content_object_idx; Type: INDEX; Schema: public; Owner: app_user
--

CREATE INDEX base_content_object_idx ON public.wagtailcore_revision USING btree (base_content_type_id, object_id);


--
-- Name: base_footertext_first_published_at_ff88ef05; Type: INDEX; Schema: public; Owner: app_user
--

CREATE INDEX base_footertext_first_published_at_ff88ef05 ON public.base_footertext USING btree (first_published_at);


--
-- Name: base_footertext_latest_revision_id_78ddf52e; Type: INDEX; Schema: public; Owner: app_user
--

CREATE INDEX base_footertext_latest_revision_id_78ddf52e ON public.base_footertext USING btree (latest_revision_id);


--
-- Name: base_footertext_live_revision_id_f6845bee; Type: INDEX; Schema: public; Owner: app_user
--

CREATE INDEX base_footertext_live_revision_id_f6845bee ON public.base_footertext USING btree (live_revision_id);


--
-- Name: base_formfield_page_id_26c1e41d; Type: INDEX; Schema: public; Owner: app_user
--

CREATE INDEX base_formfield_page_id_26c1e41d ON public.base_formfield USING btree (page_id);


--
-- Name: base_formpage_image_id_e0833faf; Type: INDEX; Schema: public; Owner: app_user
--

CREATE INDEX base_formpage_image_id_e0833faf ON public.base_formpage USING btree (image_id);


--
-- Name: base_gallerypage_collection_id_728dc65e; Type: INDEX; Schema: public; Owner: app_user
--

CREATE INDEX base_gallerypage_collection_id_728dc65e ON public.base_gallerypage USING btree (collection_id);


--
-- Name: base_gallerypage_image_id_61a2557e; Type: INDEX; Schema: public; Owner: app_user
--

CREATE INDEX base_gallerypage_image_id_61a2557e ON public.base_gallerypage USING btree (image_id);


--
-- Name: base_homepage_featured_section_1_id_9bbbc5d8; Type: INDEX; Schema: public; Owner: app_user
--

CREATE INDEX base_homepage_featured_section_1_id_9bbbc5d8 ON public.base_homepage USING btree (featured_section_1_id);


--
-- Name: base_homepage_featured_section_2_id_9644fc63; Type: INDEX; Schema: public; Owner: app_user
--

CREATE INDEX base_homepage_featured_section_2_id_9644fc63 ON public.base_homepage USING btree (featured_section_2_id);


--
-- Name: base_homepage_featured_section_3_id_b11648a7; Type: INDEX; Schema: public; Owner: app_user
--

CREATE INDEX base_homepage_featured_section_3_id_b11648a7 ON public.base_homepage USING btree (featured_section_3_id);


--
-- Name: base_homepage_hero_cta_link_id_7c1842c6; Type: INDEX; Schema: public; Owner: app_user
--

CREATE INDEX base_homepage_hero_cta_link_id_7c1842c6 ON public.base_homepage USING btree (hero_cta_link_id);


--
-- Name: base_homepage_image_id_480b2169; Type: INDEX; Schema: public; Owner: app_user
--

CREATE INDEX base_homepage_image_id_480b2169 ON public.base_homepage USING btree (image_id);


--
-- Name: base_homepage_promo_image_id_563e11b3; Type: INDEX; Schema: public; Owner: app_user
--

CREATE INDEX base_homepage_promo_image_id_563e11b3 ON public.base_homepage USING btree (promo_image_id);


--
-- Name: base_people_image_id_e3223a6e; Type: INDEX; Schema: public; Owner: app_user
--

CREATE INDEX base_people_image_id_e3223a6e ON public.base_person USING btree (image_id);


--
-- Name: base_person_first_published_at_6fa0650d; Type: INDEX; Schema: public; Owner: app_user
--

CREATE INDEX base_person_first_published_at_6fa0650d ON public.base_person USING btree (first_published_at);


--
-- Name: base_person_latest_revision_id_df59103a; Type: INDEX; Schema: public; Owner: app_user
--

CREATE INDEX base_person_latest_revision_id_df59103a ON public.base_person USING btree (latest_revision_id);


--
-- Name: base_person_live_revision_id_f8396728; Type: INDEX; Schema: public; Owner: app_user
--

CREATE INDEX base_person_live_revision_id_f8396728 ON public.base_person USING btree (live_revision_id);


--
-- Name: base_standardpage_image_id_b3ccad55; Type: INDEX; Schema: public; Owner: app_user
--

CREATE INDEX base_standardpage_image_id_b3ccad55 ON public.base_standardpage USING btree (image_id);


--
-- Name: blog_blogindexpage_image_id_f8df2be2; Type: INDEX; Schema: public; Owner: app_user
--

CREATE INDEX blog_blogindexpage_image_id_f8df2be2 ON public.blog_blogindexpage USING btree (image_id);


--
-- Name: blog_blogpage_image_id_a60e2e91; Type: INDEX; Schema: public; Owner: app_user
--

CREATE INDEX blog_blogpage_image_id_a60e2e91 ON public.blog_blogpage USING btree (image_id);


--
-- Name: blog_blogpagetag_content_object_id_0dc644d2; Type: INDEX; Schema: public; Owner: app_user
--

CREATE INDEX blog_blogpagetag_content_object_id_0dc644d2 ON public.blog_blogpagetag USING btree (content_object_id);


--
-- Name: blog_blogpagetag_tag_id_81dc0e5f; Type: INDEX; Schema: public; Owner: app_user
--

CREATE INDEX blog_blogpagetag_tag_id_81dc0e5f ON public.blog_blogpagetag USING btree (tag_id);


--
-- Name: blog_blogpeoplerelationship_page_id_549a739e; Type: INDEX; Schema: public; Owner: app_user
--

CREATE INDEX blog_blogpeoplerelationship_page_id_549a739e ON public.blog_blogpersonrelationship USING btree (page_id);


--
-- Name: blog_blogpeoplerelationship_people_id_f9fa15b1; Type: INDEX; Schema: public; Owner: app_user
--

CREATE INDEX blog_blogpeoplerelationship_people_id_f9fa15b1 ON public.blog_blogpersonrelationship USING btree (person_id);


--
-- Name: breads_breadingredient_first_published_at_9133ade2; Type: INDEX; Schema: public; Owner: app_user
--

CREATE INDEX breads_breadingredient_first_published_at_9133ade2 ON public.breads_breadingredient USING btree (first_published_at);


--
-- Name: breads_breadingredient_latest_revision_id_5736825c; Type: INDEX; Schema: public; Owner: app_user
--

CREATE INDEX breads_breadingredient_latest_revision_id_5736825c ON public.breads_breadingredient USING btree (latest_revision_id);


--
-- Name: breads_breadingredient_live_revision_id_71f4805b; Type: INDEX; Schema: public; Owner: app_user
--

CREATE INDEX breads_breadingredient_live_revision_id_71f4805b ON public.breads_breadingredient USING btree (live_revision_id);


--
-- Name: breads_breadpage_bread_type_id_126c073d; Type: INDEX; Schema: public; Owner: app_user
--

CREATE INDEX breads_breadpage_bread_type_id_126c073d ON public.breads_breadpage USING btree (bread_type_id);


--
-- Name: breads_breadpage_image_id_de14c3c9; Type: INDEX; Schema: public; Owner: app_user
--

CREATE INDEX breads_breadpage_image_id_de14c3c9 ON public.breads_breadpage USING btree (image_id);


--
-- Name: breads_breadpage_ingredients_breadingredient_id_dd0e8c99; Type: INDEX; Schema: public; Owner: app_user
--

CREATE INDEX breads_breadpage_ingredients_breadingredient_id_dd0e8c99 ON public.breads_breadpage_ingredients USING btree (breadingredient_id);


--
-- Name: breads_breadpage_ingredients_breadpage_id_846b727f; Type: INDEX; Schema: public; Owner: app_user
--

CREATE INDEX breads_breadpage_ingredients_breadpage_id_846b727f ON public.breads_breadpage_ingredients USING btree (breadpage_id);


--
-- Name: breads_breadpage_origin_id_3efcd19f; Type: INDEX; Schema: public; Owner: app_user
--

CREATE INDEX breads_breadpage_origin_id_3efcd19f ON public.breads_breadpage USING btree (origin_id);


--
-- Name: breads_breadsindexpage_image_id_aa54323d; Type: INDEX; Schema: public; Owner: app_user
--

CREATE INDEX breads_breadsindexpage_image_id_aa54323d ON public.breads_breadsindexpage USING btree (image_id);


--
-- Name: breads_breadtype_latest_revision_id_5a458afb; Type: INDEX; Schema: public; Owner: app_user
--

CREATE INDEX breads_breadtype_latest_revision_id_5a458afb ON public.breads_breadtype USING btree (latest_revision_id);


--
-- Name: content_object_idx; Type: INDEX; Schema: public; Owner: app_user
--

CREATE INDEX content_object_idx ON public.wagtailcore_revision USING btree (content_type_id, object_id);


--
-- Name: django_admin_log_content_type_id_c4bce8eb; Type: INDEX; Schema: public; Owner: app_user
--

CREATE INDEX django_admin_log_content_type_id_c4bce8eb ON public.django_admin_log USING btree (content_type_id);


--
-- Name: django_admin_log_user_id_c564eba6; Type: INDEX; Schema: public; Owner: app_user
--

CREATE INDEX django_admin_log_user_id_c564eba6 ON public.django_admin_log USING btree (user_id);


--
-- Name: django_session_expire_date_a5c62663; Type: INDEX; Schema: public; Owner: app_user
--

CREATE INDEX django_session_expire_date_a5c62663 ON public.django_session USING btree (expire_date);


--
-- Name: django_session_session_key_c0390e0f_like; Type: INDEX; Schema: public; Owner: app_user
--

CREATE INDEX django_session_session_key_c0390e0f_like ON public.django_session USING btree (session_key varchar_pattern_ops);


--
-- Name: locations_locationoperatinghours_location_id_bb8e6ca6; Type: INDEX; Schema: public; Owner: app_user
--

CREATE INDEX locations_locationoperatinghours_location_id_bb8e6ca6 ON public.locations_locationoperatinghours USING btree (location_id);


--
-- Name: locations_locationpage_image_id_9e1abd9d; Type: INDEX; Schema: public; Owner: app_user
--

CREATE INDEX locations_locationpage_image_id_9e1abd9d ON public.locations_locationpage USING btree (image_id);


--
-- Name: locations_locationsindexpage_image_id_b8e42f1e; Type: INDEX; Schema: public; Owner: app_user
--

CREATE INDEX locations_locationsindexpage_image_id_b8e42f1e ON public.locations_locationsindexpage USING btree (image_id);


--
-- Name: recipes_recipepersonrelationship_page_id_6b703a52; Type: INDEX; Schema: public; Owner: app_user
--

CREATE INDEX recipes_recipepersonrelationship_page_id_6b703a52 ON public.recipes_recipepersonrelationship USING btree (page_id);


--
-- Name: recipes_recipepersonrelationship_person_id_e54238fe; Type: INDEX; Schema: public; Owner: app_user
--

CREATE INDEX recipes_recipepersonrelationship_person_id_e54238fe ON public.recipes_recipepersonrelationship USING btree (person_id);


--
-- Name: taggit_tag_name_58eb2ed9_like; Type: INDEX; Schema: public; Owner: app_user
--

CREATE INDEX taggit_tag_name_58eb2ed9_like ON public.taggit_tag USING btree (name varchar_pattern_ops);


--
-- Name: taggit_tag_slug_6be58b2c_like; Type: INDEX; Schema: public; Owner: app_user
--

CREATE INDEX taggit_tag_slug_6be58b2c_like ON public.taggit_tag USING btree (slug varchar_pattern_ops);


--
-- Name: taggit_taggeditem_content_type_id_9957a03c; Type: INDEX; Schema: public; Owner: app_user
--

CREATE INDEX taggit_taggeditem_content_type_id_9957a03c ON public.taggit_taggeditem USING btree (content_type_id);


--
-- Name: taggit_taggeditem_content_type_id_object_id_196cc965_idx; Type: INDEX; Schema: public; Owner: app_user
--

CREATE INDEX taggit_taggeditem_content_type_id_object_id_196cc965_idx ON public.taggit_taggeditem USING btree (content_type_id, object_id);


--
-- Name: taggit_taggeditem_object_id_e2d7d1df; Type: INDEX; Schema: public; Owner: app_user
--

CREATE INDEX taggit_taggeditem_object_id_e2d7d1df ON public.taggit_taggeditem USING btree (object_id);


--
-- Name: taggit_taggeditem_tag_id_f4f5b767; Type: INDEX; Schema: public; Owner: app_user
--

CREATE INDEX taggit_taggeditem_tag_id_f4f5b767 ON public.taggit_taggeditem USING btree (tag_id);


--
-- Name: unique_in_progress_workflow; Type: INDEX; Schema: public; Owner: app_user
--

CREATE UNIQUE INDEX unique_in_progress_workflow ON public.wagtailcore_workflowstate USING btree (page_id) WHERE ((status)::text = ANY ((ARRAY['in_progress'::character varying, 'needs_changes'::character varying])::text[]));


--
-- Name: wagtailcore_collection_path_d848dc19_like; Type: INDEX; Schema: public; Owner: app_user
--

CREATE INDEX wagtailcore_collection_path_d848dc19_like ON public.wagtailcore_collection USING btree (path varchar_pattern_ops);


--
-- Name: wagtailcore_collectionview_collectionviewrestriction__47320efd; Type: INDEX; Schema: public; Owner: app_user
--

CREATE INDEX wagtailcore_collectionview_collectionviewrestriction__47320efd ON public.wagtailcore_collectionviewrestriction_groups USING btree (collectionviewrestriction_id);


--
-- Name: wagtailcore_collectionviewrestriction_collection_id_761908ec; Type: INDEX; Schema: public; Owner: app_user
--

CREATE INDEX wagtailcore_collectionviewrestriction_collection_id_761908ec ON public.wagtailcore_collectionviewrestriction USING btree (collection_id);


--
-- Name: wagtailcore_collectionviewrestriction_groups_group_id_1823f2a3; Type: INDEX; Schema: public; Owner: app_user
--

CREATE INDEX wagtailcore_collectionviewrestriction_groups_group_id_1823f2a3 ON public.wagtailcore_collectionviewrestriction_groups USING btree (group_id);


--
-- Name: wagtailcore_comment_page_id_108444b5; Type: INDEX; Schema: public; Owner: app_user
--

CREATE INDEX wagtailcore_comment_page_id_108444b5 ON public.wagtailcore_comment USING btree (page_id);


--
-- Name: wagtailcore_comment_resolved_by_id_a282aa0e; Type: INDEX; Schema: public; Owner: app_user
--

CREATE INDEX wagtailcore_comment_resolved_by_id_a282aa0e ON public.wagtailcore_comment USING btree (resolved_by_id);


--
-- Name: wagtailcore_comment_revision_created_id_1d058279; Type: INDEX; Schema: public; Owner: app_user
--

CREATE INDEX wagtailcore_comment_revision_created_id_1d058279 ON public.wagtailcore_comment USING btree (revision_created_id);


--
-- Name: wagtailcore_comment_user_id_0c577ca6; Type: INDEX; Schema: public; Owner: app_user
--

CREATE INDEX wagtailcore_comment_user_id_0c577ca6 ON public.wagtailcore_comment USING btree (user_id);


--
-- Name: wagtailcore_commentreply_comment_id_afc7e027; Type: INDEX; Schema: public; Owner: app_user
--

CREATE INDEX wagtailcore_commentreply_comment_id_afc7e027 ON public.wagtailcore_commentreply USING btree (comment_id);


--
-- Name: wagtailcore_commentreply_user_id_d0b3b9c3; Type: INDEX; Schema: public; Owner: app_user
--

CREATE INDEX wagtailcore_commentreply_user_id_d0b3b9c3 ON public.wagtailcore_commentreply USING btree (user_id);


--
-- Name: wagtailcore_groupapprovalt_groupapprovaltask_id_9a9255ea; Type: INDEX; Schema: public; Owner: app_user
--

CREATE INDEX wagtailcore_groupapprovalt_groupapprovaltask_id_9a9255ea ON public.wagtailcore_groupapprovaltask_groups USING btree (groupapprovaltask_id);


--
-- Name: wagtailcore_groupapprovaltask_groups_group_id_2e64b61f; Type: INDEX; Schema: public; Owner: app_user
--

CREATE INDEX wagtailcore_groupapprovaltask_groups_group_id_2e64b61f ON public.wagtailcore_groupapprovaltask_groups USING btree (group_id);


--
-- Name: wagtailcore_groupcollectionpermission_collection_id_5423575a; Type: INDEX; Schema: public; Owner: app_user
--

CREATE INDEX wagtailcore_groupcollectionpermission_collection_id_5423575a ON public.wagtailcore_groupcollectionpermission USING btree (collection_id);


--
-- Name: wagtailcore_groupcollectionpermission_group_id_05d61460; Type: INDEX; Schema: public; Owner: app_user
--

CREATE INDEX wagtailcore_groupcollectionpermission_group_id_05d61460 ON public.wagtailcore_groupcollectionpermission USING btree (group_id);


--
-- Name: wagtailcore_groupcollectionpermission_permission_id_1b626275; Type: INDEX; Schema: public; Owner: app_user
--

CREATE INDEX wagtailcore_groupcollectionpermission_permission_id_1b626275 ON public.wagtailcore_groupcollectionpermission USING btree (permission_id);


--
-- Name: wagtailcore_grouppagepermission_group_id_fc07e671; Type: INDEX; Schema: public; Owner: app_user
--

CREATE INDEX wagtailcore_grouppagepermission_group_id_fc07e671 ON public.wagtailcore_grouppagepermission USING btree (group_id);


--
-- Name: wagtailcore_grouppagepermission_page_id_710b114a; Type: INDEX; Schema: public; Owner: app_user
--

CREATE INDEX wagtailcore_grouppagepermission_page_id_710b114a ON public.wagtailcore_grouppagepermission USING btree (page_id);


--
-- Name: wagtailcore_locale_language_code_03149338_like; Type: INDEX; Schema: public; Owner: app_user
--

CREATE INDEX wagtailcore_locale_language_code_03149338_like ON public.wagtailcore_locale USING btree (language_code varchar_pattern_ops);


--
-- Name: wagtailcore_modellogentry_action_d2d856ee; Type: INDEX; Schema: public; Owner: app_user
--

CREATE INDEX wagtailcore_modellogentry_action_d2d856ee ON public.wagtailcore_modellogentry USING btree (action);


--
-- Name: wagtailcore_modellogentry_action_d2d856ee_like; Type: INDEX; Schema: public; Owner: app_user
--

CREATE INDEX wagtailcore_modellogentry_action_d2d856ee_like ON public.wagtailcore_modellogentry USING btree (action varchar_pattern_ops);


--
-- Name: wagtailcore_modellogentry_content_changed_8bc39742; Type: INDEX; Schema: public; Owner: app_user
--

CREATE INDEX wagtailcore_modellogentry_content_changed_8bc39742 ON public.wagtailcore_modellogentry USING btree (content_changed);


--
-- Name: wagtailcore_modellogentry_content_type_id_68849e77; Type: INDEX; Schema: public; Owner: app_user
--

CREATE INDEX wagtailcore_modellogentry_content_type_id_68849e77 ON public.wagtailcore_modellogentry USING btree (content_type_id);


--
-- Name: wagtailcore_modellogentry_object_id_e0e7d4ef; Type: INDEX; Schema: public; Owner: app_user
--

CREATE INDEX wagtailcore_modellogentry_object_id_e0e7d4ef ON public.wagtailcore_modellogentry USING btree (object_id);


--
-- Name: wagtailcore_modellogentry_object_id_e0e7d4ef_like; Type: INDEX; Schema: public; Owner: app_user
--

CREATE INDEX wagtailcore_modellogentry_object_id_e0e7d4ef_like ON public.wagtailcore_modellogentry USING btree (object_id varchar_pattern_ops);


--
-- Name: wagtailcore_modellogentry_revision_id_df6ca33a; Type: INDEX; Schema: public; Owner: app_user
--

CREATE INDEX wagtailcore_modellogentry_revision_id_df6ca33a ON public.wagtailcore_modellogentry USING btree (revision_id);


--
-- Name: wagtailcore_modellogentry_timestamp_9694521b; Type: INDEX; Schema: public; Owner: app_user
--

CREATE INDEX wagtailcore_modellogentry_timestamp_9694521b ON public.wagtailcore_modellogentry USING btree ("timestamp");


--
-- Name: wagtailcore_modellogentry_user_id_0278d1bf; Type: INDEX; Schema: public; Owner: app_user
--

CREATE INDEX wagtailcore_modellogentry_user_id_0278d1bf ON public.wagtailcore_modellogentry USING btree (user_id);


--
-- Name: wagtailcore_page_alias_of_id_12945502; Type: INDEX; Schema: public; Owner: app_user
--

CREATE INDEX wagtailcore_page_alias_of_id_12945502 ON public.wagtailcore_page USING btree (alias_of_id);


--
-- Name: wagtailcore_page_content_type_id_c28424df; Type: INDEX; Schema: public; Owner: app_user
--

CREATE INDEX wagtailcore_page_content_type_id_c28424df ON public.wagtailcore_page USING btree (content_type_id);


--
-- Name: wagtailcore_page_first_published_at_2b5dd637; Type: INDEX; Schema: public; Owner: app_user
--

CREATE INDEX wagtailcore_page_first_published_at_2b5dd637 ON public.wagtailcore_page USING btree (first_published_at);


--
-- Name: wagtailcore_page_latest_revision_id_e60fef51; Type: INDEX; Schema: public; Owner: app_user
--

CREATE INDEX wagtailcore_page_latest_revision_id_e60fef51 ON public.wagtailcore_page USING btree (latest_revision_id);


--
-- Name: wagtailcore_page_live_revision_id_930bd822; Type: INDEX; Schema: public; Owner: app_user
--

CREATE INDEX wagtailcore_page_live_revision_id_930bd822 ON public.wagtailcore_page USING btree (live_revision_id);


--
-- Name: wagtailcore_page_locale_id_3c7e30a6; Type: INDEX; Schema: public; Owner: app_user
--

CREATE INDEX wagtailcore_page_locale_id_3c7e30a6 ON public.wagtailcore_page USING btree (locale_id);


--
-- Name: wagtailcore_page_locked_by_id_bcb86245; Type: INDEX; Schema: public; Owner: app_user
--

CREATE INDEX wagtailcore_page_locked_by_id_bcb86245 ON public.wagtailcore_page USING btree (locked_by_id);


--
-- Name: wagtailcore_page_owner_id_fbf7c332; Type: INDEX; Schema: public; Owner: app_user
--

CREATE INDEX wagtailcore_page_owner_id_fbf7c332 ON public.wagtailcore_page USING btree (owner_id);


--
-- Name: wagtailcore_page_path_98eba2c8_like; Type: INDEX; Schema: public; Owner: app_user
--

CREATE INDEX wagtailcore_page_path_98eba2c8_like ON public.wagtailcore_page USING btree (path varchar_pattern_ops);


--
-- Name: wagtailcore_page_slug_e7c11b8f; Type: INDEX; Schema: public; Owner: app_user
--

CREATE INDEX wagtailcore_page_slug_e7c11b8f ON public.wagtailcore_page USING btree (slug);


--
-- Name: wagtailcore_page_slug_e7c11b8f_like; Type: INDEX; Schema: public; Owner: app_user
--

CREATE INDEX wagtailcore_page_slug_e7c11b8f_like ON public.wagtailcore_page USING btree (slug varchar_pattern_ops);


--
-- Name: wagtailcore_pagelogentry_action_c2408198; Type: INDEX; Schema: public; Owner: app_user
--

CREATE INDEX wagtailcore_pagelogentry_action_c2408198 ON public.wagtailcore_pagelogentry USING btree (action);


--
-- Name: wagtailcore_pagelogentry_action_c2408198_like; Type: INDEX; Schema: public; Owner: app_user
--

CREATE INDEX wagtailcore_pagelogentry_action_c2408198_like ON public.wagtailcore_pagelogentry USING btree (action varchar_pattern_ops);


--
-- Name: wagtailcore_pagelogentry_content_changed_99f27ade; Type: INDEX; Schema: public; Owner: app_user
--

CREATE INDEX wagtailcore_pagelogentry_content_changed_99f27ade ON public.wagtailcore_pagelogentry USING btree (content_changed);


--
-- Name: wagtailcore_pagelogentry_content_type_id_74e7708a; Type: INDEX; Schema: public; Owner: app_user
--

CREATE INDEX wagtailcore_pagelogentry_content_type_id_74e7708a ON public.wagtailcore_pagelogentry USING btree (content_type_id);


--
-- Name: wagtailcore_pagelogentry_page_id_8464e327; Type: INDEX; Schema: public; Owner: app_user
--

CREATE INDEX wagtailcore_pagelogentry_page_id_8464e327 ON public.wagtailcore_pagelogentry USING btree (page_id);


--
-- Name: wagtailcore_pagelogentry_revision_id_8043d103; Type: INDEX; Schema: public; Owner: app_user
--

CREATE INDEX wagtailcore_pagelogentry_revision_id_8043d103 ON public.wagtailcore_pagelogentry USING btree (revision_id);


--
-- Name: wagtailcore_pagelogentry_timestamp_deb774c4; Type: INDEX; Schema: public; Owner: app_user
--

CREATE INDEX wagtailcore_pagelogentry_timestamp_deb774c4 ON public.wagtailcore_pagelogentry USING btree ("timestamp");


--
-- Name: wagtailcore_pagelogentry_user_id_604ccfd8; Type: INDEX; Schema: public; Owner: app_user
--

CREATE INDEX wagtailcore_pagelogentry_user_id_604ccfd8 ON public.wagtailcore_pagelogentry USING btree (user_id);


--
-- Name: wagtailcore_pagerevision_approved_go_live_at_e56afc67; Type: INDEX; Schema: public; Owner: app_user
--

CREATE INDEX wagtailcore_pagerevision_approved_go_live_at_e56afc67 ON public.wagtailcore_revision USING btree (approved_go_live_at);


--
-- Name: wagtailcore_pagerevision_created_at_66954e3b; Type: INDEX; Schema: public; Owner: app_user
--

CREATE INDEX wagtailcore_pagerevision_created_at_66954e3b ON public.wagtailcore_revision USING btree (created_at);


--
-- Name: wagtailcore_pagerevision_submitted_for_moderation_c682e44c; Type: INDEX; Schema: public; Owner: app_user
--

CREATE INDEX wagtailcore_pagerevision_submitted_for_moderation_c682e44c ON public.wagtailcore_revision USING btree (submitted_for_moderation);


--
-- Name: wagtailcore_pagerevision_user_id_2409d2f4; Type: INDEX; Schema: public; Owner: app_user
--

CREATE INDEX wagtailcore_pagerevision_user_id_2409d2f4 ON public.wagtailcore_revision USING btree (user_id);


--
-- Name: wagtailcore_pagesubscription_page_id_a085e7a6; Type: INDEX; Schema: public; Owner: app_user
--

CREATE INDEX wagtailcore_pagesubscription_page_id_a085e7a6 ON public.wagtailcore_pagesubscription USING btree (page_id);


--
-- Name: wagtailcore_pagesubscription_user_id_89d7def9; Type: INDEX; Schema: public; Owner: app_user
--

CREATE INDEX wagtailcore_pagesubscription_user_id_89d7def9 ON public.wagtailcore_pagesubscription USING btree (user_id);


--
-- Name: wagtailcore_pageviewrestri_pageviewrestriction_id_f147a99a; Type: INDEX; Schema: public; Owner: app_user
--

CREATE INDEX wagtailcore_pageviewrestri_pageviewrestriction_id_f147a99a ON public.wagtailcore_pageviewrestriction_groups USING btree (pageviewrestriction_id);


--
-- Name: wagtailcore_pageviewrestriction_groups_group_id_6460f223; Type: INDEX; Schema: public; Owner: app_user
--

CREATE INDEX wagtailcore_pageviewrestriction_groups_group_id_6460f223 ON public.wagtailcore_pageviewrestriction_groups USING btree (group_id);


--
-- Name: wagtailcore_pageviewrestriction_page_id_15a8bea6; Type: INDEX; Schema: public; Owner: app_user
--

CREATE INDEX wagtailcore_pageviewrestriction_page_id_15a8bea6 ON public.wagtailcore_pageviewrestriction USING btree (page_id);


--
-- Name: wagtailcore_referenceindex_base_content_type_id_313cf40f; Type: INDEX; Schema: public; Owner: app_user
--

CREATE INDEX wagtailcore_referenceindex_base_content_type_id_313cf40f ON public.wagtailcore_referenceindex USING btree (base_content_type_id);


--
-- Name: wagtailcore_referenceindex_content_type_id_766e0336; Type: INDEX; Schema: public; Owner: app_user
--

CREATE INDEX wagtailcore_referenceindex_content_type_id_766e0336 ON public.wagtailcore_referenceindex USING btree (content_type_id);


--
-- Name: wagtailcore_referenceindex_to_content_type_id_93690bbd; Type: INDEX; Schema: public; Owner: app_user
--

CREATE INDEX wagtailcore_referenceindex_to_content_type_id_93690bbd ON public.wagtailcore_referenceindex USING btree (to_content_type_id);


--
-- Name: wagtailcore_revision_base_content_type_id_5b4ef7bd; Type: INDEX; Schema: public; Owner: app_user
--

CREATE INDEX wagtailcore_revision_base_content_type_id_5b4ef7bd ON public.wagtailcore_revision USING btree (base_content_type_id);


--
-- Name: wagtailcore_revision_content_type_id_c8cb69c0; Type: INDEX; Schema: public; Owner: app_user
--

CREATE INDEX wagtailcore_revision_content_type_id_c8cb69c0 ON public.wagtailcore_revision USING btree (content_type_id);


--
-- Name: wagtailcore_site_hostname_96b20b46; Type: INDEX; Schema: public; Owner: app_user
--

CREATE INDEX wagtailcore_site_hostname_96b20b46 ON public.wagtailcore_site USING btree (hostname);


--
-- Name: wagtailcore_site_hostname_96b20b46_like; Type: INDEX; Schema: public; Owner: app_user
--

CREATE INDEX wagtailcore_site_hostname_96b20b46_like ON public.wagtailcore_site USING btree (hostname varchar_pattern_ops);


--
-- Name: wagtailcore_site_root_page_id_e02fb95c; Type: INDEX; Schema: public; Owner: app_user
--

CREATE INDEX wagtailcore_site_root_page_id_e02fb95c ON public.wagtailcore_site USING btree (root_page_id);


--
-- Name: wagtailcore_task_content_type_id_249ab8ba; Type: INDEX; Schema: public; Owner: app_user
--

CREATE INDEX wagtailcore_task_content_type_id_249ab8ba ON public.wagtailcore_task USING btree (content_type_id);


--
-- Name: wagtailcore_taskstate_content_type_id_0a758fdc; Type: INDEX; Schema: public; Owner: app_user
--

CREATE INDEX wagtailcore_taskstate_content_type_id_0a758fdc ON public.wagtailcore_taskstate USING btree (content_type_id);


--
-- Name: wagtailcore_taskstate_finished_by_id_13f98229; Type: INDEX; Schema: public; Owner: app_user
--

CREATE INDEX wagtailcore_taskstate_finished_by_id_13f98229 ON public.wagtailcore_taskstate USING btree (finished_by_id);


--
-- Name: wagtailcore_taskstate_page_revision_id_9f52c88e; Type: INDEX; Schema: public; Owner: app_user
--

CREATE INDEX wagtailcore_taskstate_page_revision_id_9f52c88e ON public.wagtailcore_taskstate USING btree (page_revision_id);


--
-- Name: wagtailcore_taskstate_task_id_c3677c34; Type: INDEX; Schema: public; Owner: app_user
--

CREATE INDEX wagtailcore_taskstate_task_id_c3677c34 ON public.wagtailcore_taskstate USING btree (task_id);


--
-- Name: wagtailcore_taskstate_workflow_state_id_9239a775; Type: INDEX; Schema: public; Owner: app_user
--

CREATE INDEX wagtailcore_taskstate_workflow_state_id_9239a775 ON public.wagtailcore_taskstate USING btree (workflow_state_id);


--
-- Name: wagtailcore_workflowpage_workflow_id_56f56ff6; Type: INDEX; Schema: public; Owner: app_user
--

CREATE INDEX wagtailcore_workflowpage_workflow_id_56f56ff6 ON public.wagtailcore_workflowpage USING btree (workflow_id);


--
-- Name: wagtailcore_workflowstate_page_id_6c962862; Type: INDEX; Schema: public; Owner: app_user
--

CREATE INDEX wagtailcore_workflowstate_page_id_6c962862 ON public.wagtailcore_workflowstate USING btree (page_id);


--
-- Name: wagtailcore_workflowstate_requested_by_id_4090bca3; Type: INDEX; Schema: public; Owner: app_user
--

CREATE INDEX wagtailcore_workflowstate_requested_by_id_4090bca3 ON public.wagtailcore_workflowstate USING btree (requested_by_id);


--
-- Name: wagtailcore_workflowstate_workflow_id_1f18378f; Type: INDEX; Schema: public; Owner: app_user
--

CREATE INDEX wagtailcore_workflowstate_workflow_id_1f18378f ON public.wagtailcore_workflowstate USING btree (workflow_id);


--
-- Name: wagtailcore_workflowtask_task_id_ce7716fe; Type: INDEX; Schema: public; Owner: app_user
--

CREATE INDEX wagtailcore_workflowtask_task_id_ce7716fe ON public.wagtailcore_workflowtask USING btree (task_id);


--
-- Name: wagtailcore_workflowtask_workflow_id_b9717175; Type: INDEX; Schema: public; Owner: app_user
--

CREATE INDEX wagtailcore_workflowtask_workflow_id_b9717175 ON public.wagtailcore_workflowtask USING btree (workflow_id);


--
-- Name: wagtaildocs_document_collection_id_23881625; Type: INDEX; Schema: public; Owner: app_user
--

CREATE INDEX wagtaildocs_document_collection_id_23881625 ON public.wagtaildocs_document USING btree (collection_id);


--
-- Name: wagtaildocs_document_uploaded_by_user_id_17258b41; Type: INDEX; Schema: public; Owner: app_user
--

CREATE INDEX wagtaildocs_document_uploaded_by_user_id_17258b41 ON public.wagtaildocs_document USING btree (uploaded_by_user_id);


--
-- Name: wagtaildocs_uploadeddocument_uploaded_by_user_id_8dd61a73; Type: INDEX; Schema: public; Owner: app_user
--

CREATE INDEX wagtaildocs_uploadeddocument_uploaded_by_user_id_8dd61a73 ON public.wagtaildocs_uploadeddocument USING btree (uploaded_by_user_id);


--
-- Name: wagtailembeds_embed_cache_until_26c94bb0; Type: INDEX; Schema: public; Owner: app_user
--

CREATE INDEX wagtailembeds_embed_cache_until_26c94bb0 ON public.wagtailembeds_embed USING btree (cache_until);


--
-- Name: wagtailembeds_embed_hash_c9bd8c9a_like; Type: INDEX; Schema: public; Owner: app_user
--

CREATE INDEX wagtailembeds_embed_hash_c9bd8c9a_like ON public.wagtailembeds_embed USING btree (hash varchar_pattern_ops);


--
-- Name: wagtailforms_formsubmission_page_id_e48e93e7; Type: INDEX; Schema: public; Owner: app_user
--

CREATE INDEX wagtailforms_formsubmission_page_id_e48e93e7 ON public.wagtailforms_formsubmission USING btree (page_id);


--
-- Name: wagtailimages_image_collection_id_c2f8af7e; Type: INDEX; Schema: public; Owner: app_user
--

CREATE INDEX wagtailimages_image_collection_id_c2f8af7e ON public.wagtailimages_image USING btree (collection_id);


--
-- Name: wagtailimages_image_created_at_86fa6cd4; Type: INDEX; Schema: public; Owner: app_user
--

CREATE INDEX wagtailimages_image_created_at_86fa6cd4 ON public.wagtailimages_image USING btree (created_at);


--
-- Name: wagtailimages_image_file_hash_fb5bbb23; Type: INDEX; Schema: public; Owner: app_user
--

CREATE INDEX wagtailimages_image_file_hash_fb5bbb23 ON public.wagtailimages_image USING btree (file_hash);


--
-- Name: wagtailimages_image_file_hash_fb5bbb23_like; Type: INDEX; Schema: public; Owner: app_user
--

CREATE INDEX wagtailimages_image_file_hash_fb5bbb23_like ON public.wagtailimages_image USING btree (file_hash varchar_pattern_ops);


--
-- Name: wagtailimages_image_uploaded_by_user_id_5d73dc75; Type: INDEX; Schema: public; Owner: app_user
--

CREATE INDEX wagtailimages_image_uploaded_by_user_id_5d73dc75 ON public.wagtailimages_image USING btree (uploaded_by_user_id);


--
-- Name: wagtailimages_rendition_filter_spec_1cba3201; Type: INDEX; Schema: public; Owner: app_user
--

CREATE INDEX wagtailimages_rendition_filter_spec_1cba3201 ON public.wagtailimages_rendition USING btree (filter_spec);


--
-- Name: wagtailimages_rendition_filter_spec_1cba3201_like; Type: INDEX; Schema: public; Owner: app_user
--

CREATE INDEX wagtailimages_rendition_filter_spec_1cba3201_like ON public.wagtailimages_rendition USING btree (filter_spec varchar_pattern_ops);


--
-- Name: wagtailimages_rendition_image_id_3e1fd774; Type: INDEX; Schema: public; Owner: app_user
--

CREATE INDEX wagtailimages_rendition_image_id_3e1fd774 ON public.wagtailimages_rendition USING btree (image_id);


--
-- Name: wagtailimages_uploadedimage_uploaded_by_user_id_85921689; Type: INDEX; Schema: public; Owner: app_user
--

CREATE INDEX wagtailimages_uploadedimage_uploaded_by_user_id_85921689 ON public.wagtailimages_uploadedimage USING btree (uploaded_by_user_id);


--
-- Name: wagtailredirects_redirect_old_path_bb35247b; Type: INDEX; Schema: public; Owner: app_user
--

CREATE INDEX wagtailredirects_redirect_old_path_bb35247b ON public.wagtailredirects_redirect USING btree (old_path);


--
-- Name: wagtailredirects_redirect_old_path_bb35247b_like; Type: INDEX; Schema: public; Owner: app_user
--

CREATE INDEX wagtailredirects_redirect_old_path_bb35247b_like ON public.wagtailredirects_redirect USING btree (old_path varchar_pattern_ops);


--
-- Name: wagtailredirects_redirect_redirect_page_id_b5728a8f; Type: INDEX; Schema: public; Owner: app_user
--

CREATE INDEX wagtailredirects_redirect_redirect_page_id_b5728a8f ON public.wagtailredirects_redirect USING btree (redirect_page_id);


--
-- Name: wagtailredirects_redirect_site_id_780a0e1e; Type: INDEX; Schema: public; Owner: app_user
--

CREATE INDEX wagtailredirects_redirect_site_id_780a0e1e ON public.wagtailredirects_redirect USING btree (site_id);


--
-- Name: wagtailsear_autocom_476c89_gin; Type: INDEX; Schema: public; Owner: app_user
--

CREATE INDEX wagtailsear_autocom_476c89_gin ON public.wagtailsearch_indexentry USING gin (autocomplete);


--
-- Name: wagtailsear_body_90c85d_gin; Type: INDEX; Schema: public; Owner: app_user
--

CREATE INDEX wagtailsear_body_90c85d_gin ON public.wagtailsearch_indexentry USING gin (body);


--
-- Name: wagtailsear_title_9caae0_gin; Type: INDEX; Schema: public; Owner: app_user
--

CREATE INDEX wagtailsear_title_9caae0_gin ON public.wagtailsearch_indexentry USING gin (title);


--
-- Name: wagtailsearch_indexentry_content_type_id_62ed694f; Type: INDEX; Schema: public; Owner: app_user
--

CREATE INDEX wagtailsearch_indexentry_content_type_id_62ed694f ON public.wagtailsearch_indexentry USING btree (content_type_id);


--
-- Name: wagtailsearch_query_query_string_e785ea07_like; Type: INDEX; Schema: public; Owner: app_user
--

CREATE INDEX wagtailsearch_query_query_string_e785ea07_like ON public.wagtailsearch_query USING btree (query_string varchar_pattern_ops);


--
-- Name: wagtailsearch_querydailyhits_query_id_2185994b; Type: INDEX; Schema: public; Owner: app_user
--

CREATE INDEX wagtailsearch_querydailyhits_query_id_2185994b ON public.wagtailsearch_querydailyhits USING btree (query_id);


--
-- Name: wagtailsearchpromotions_searchpromotion_page_id_71920f17; Type: INDEX; Schema: public; Owner: app_user
--

CREATE INDEX wagtailsearchpromotions_searchpromotion_page_id_71920f17 ON public.wagtailsearchpromotions_searchpromotion USING btree (page_id);


--
-- Name: wagtailsearchpromotions_searchpromotion_query_id_fbce4eaa; Type: INDEX; Schema: public; Owner: app_user
--

CREATE INDEX wagtailsearchpromotions_searchpromotion_query_id_fbce4eaa ON public.wagtailsearchpromotions_searchpromotion USING btree (query_id);


--
-- Name: auth_group_permissions auth_group_permissio_permission_id_84c5c92e_fk_auth_perm; Type: FK CONSTRAINT; Schema: public; Owner: app_user
--

ALTER TABLE ONLY public.auth_group_permissions
    ADD CONSTRAINT auth_group_permissio_permission_id_84c5c92e_fk_auth_perm FOREIGN KEY (permission_id) REFERENCES public.auth_permission(id) DEFERRABLE INITIALLY DEFERRED;


--
-- Name: auth_group_permissions auth_group_permissions_group_id_b120cbf9_fk_auth_group_id; Type: FK CONSTRAINT; Schema: public; Owner: app_user
--

ALTER TABLE ONLY public.auth_group_permissions
    ADD CONSTRAINT auth_group_permissions_group_id_b120cbf9_fk_auth_group_id FOREIGN KEY (group_id) REFERENCES public.auth_group(id) DEFERRABLE INITIALLY DEFERRED;


--
-- Name: auth_permission auth_permission_content_type_id_2f476e4b_fk_django_co; Type: FK CONSTRAINT; Schema: public; Owner: app_user
--

ALTER TABLE ONLY public.auth_permission
    ADD CONSTRAINT auth_permission_content_type_id_2f476e4b_fk_django_co FOREIGN KEY (content_type_id) REFERENCES public.django_content_type(id) DEFERRABLE INITIALLY DEFERRED;


--
-- Name: auth_user_groups auth_user_groups_group_id_97559544_fk_auth_group_id; Type: FK CONSTRAINT; Schema: public; Owner: app_user
--

ALTER TABLE ONLY public.auth_user_groups
    ADD CONSTRAINT auth_user_groups_group_id_97559544_fk_auth_group_id FOREIGN KEY (group_id) REFERENCES public.auth_group(id) DEFERRABLE INITIALLY DEFERRED;


--
-- Name: auth_user_groups auth_user_groups_user_id_6a12ed8b_fk_auth_user_id; Type: FK CONSTRAINT; Schema: public; Owner: app_user
--

ALTER TABLE ONLY public.auth_user_groups
    ADD CONSTRAINT auth_user_groups_user_id_6a12ed8b_fk_auth_user_id FOREIGN KEY (user_id) REFERENCES public.auth_user(id) DEFERRABLE INITIALLY DEFERRED;


--
-- Name: auth_user_user_permissions auth_user_user_permi_permission_id_1fbb5f2c_fk_auth_perm; Type: FK CONSTRAINT; Schema: public; Owner: app_user
--

ALTER TABLE ONLY public.auth_user_user_permissions
    ADD CONSTRAINT auth_user_user_permi_permission_id_1fbb5f2c_fk_auth_perm FOREIGN KEY (permission_id) REFERENCES public.auth_permission(id) DEFERRABLE INITIALLY DEFERRED;


--
-- Name: auth_user_user_permissions auth_user_user_permissions_user_id_a95ead1b_fk_auth_user_id; Type: FK CONSTRAINT; Schema: public; Owner: app_user
--

ALTER TABLE ONLY public.auth_user_user_permissions
    ADD CONSTRAINT auth_user_user_permissions_user_id_a95ead1b_fk_auth_user_id FOREIGN KEY (user_id) REFERENCES public.auth_user(id) DEFERRABLE INITIALLY DEFERRED;


--
-- Name: base_footertext base_footertext_latest_revision_id_78ddf52e_fk_wagtailco; Type: FK CONSTRAINT; Schema: public; Owner: app_user
--

ALTER TABLE ONLY public.base_footertext
    ADD CONSTRAINT base_footertext_latest_revision_id_78ddf52e_fk_wagtailco FOREIGN KEY (latest_revision_id) REFERENCES public.wagtailcore_revision(id) DEFERRABLE INITIALLY DEFERRED;


--
-- Name: base_footertext base_footertext_live_revision_id_f6845bee_fk_wagtailco; Type: FK CONSTRAINT; Schema: public; Owner: app_user
--

ALTER TABLE ONLY public.base_footertext
    ADD CONSTRAINT base_footertext_live_revision_id_f6845bee_fk_wagtailco FOREIGN KEY (live_revision_id) REFERENCES public.wagtailcore_revision(id) DEFERRABLE INITIALLY DEFERRED;


--
-- Name: base_formfield base_formfield_page_id_26c1e41d_fk_base_formpage_page_ptr_id; Type: FK CONSTRAINT; Schema: public; Owner: app_user
--

ALTER TABLE ONLY public.base_formfield
    ADD CONSTRAINT base_formfield_page_id_26c1e41d_fk_base_formpage_page_ptr_id FOREIGN KEY (page_id) REFERENCES public.base_formpage(page_ptr_id) DEFERRABLE INITIALLY DEFERRED;


--
-- Name: base_formpage base_formpage_image_id_e0833faf_fk_wagtailimages_image_id; Type: FK CONSTRAINT; Schema: public; Owner: app_user
--

ALTER TABLE ONLY public.base_formpage
    ADD CONSTRAINT base_formpage_image_id_e0833faf_fk_wagtailimages_image_id FOREIGN KEY (image_id) REFERENCES public.wagtailimages_image(id) DEFERRABLE INITIALLY DEFERRED;


--
-- Name: base_formpage base_formpage_page_ptr_id_ba3f72e5_fk_wagtailcore_page_id; Type: FK CONSTRAINT; Schema: public; Owner: app_user
--

ALTER TABLE ONLY public.base_formpage
    ADD CONSTRAINT base_formpage_page_ptr_id_ba3f72e5_fk_wagtailcore_page_id FOREIGN KEY (page_ptr_id) REFERENCES public.wagtailcore_page(id) DEFERRABLE INITIALLY DEFERRED;


--
-- Name: base_gallerypage base_gallerypage_collection_id_728dc65e_fk_wagtailco; Type: FK CONSTRAINT; Schema: public; Owner: app_user
--

ALTER TABLE ONLY public.base_gallerypage
    ADD CONSTRAINT base_gallerypage_collection_id_728dc65e_fk_wagtailco FOREIGN KEY (collection_id) REFERENCES public.wagtailcore_collection(id) DEFERRABLE INITIALLY DEFERRED;


--
-- Name: base_gallerypage base_gallerypage_image_id_61a2557e_fk_wagtailimages_image_id; Type: FK CONSTRAINT; Schema: public; Owner: app_user
--

ALTER TABLE ONLY public.base_gallerypage
    ADD CONSTRAINT base_gallerypage_image_id_61a2557e_fk_wagtailimages_image_id FOREIGN KEY (image_id) REFERENCES public.wagtailimages_image(id) DEFERRABLE INITIALLY DEFERRED;


--
-- Name: base_gallerypage base_gallerypage_page_ptr_id_ec483e1b_fk_wagtailcore_page_id; Type: FK CONSTRAINT; Schema: public; Owner: app_user
--

ALTER TABLE ONLY public.base_gallerypage
    ADD CONSTRAINT base_gallerypage_page_ptr_id_ec483e1b_fk_wagtailcore_page_id FOREIGN KEY (page_ptr_id) REFERENCES public.wagtailcore_page(id) DEFERRABLE INITIALLY DEFERRED;


--
-- Name: base_homepage base_homepage_featured_section_1_i_9bbbc5d8_fk_wagtailco; Type: FK CONSTRAINT; Schema: public; Owner: app_user
--

ALTER TABLE ONLY public.base_homepage
    ADD CONSTRAINT base_homepage_featured_section_1_i_9bbbc5d8_fk_wagtailco FOREIGN KEY (featured_section_1_id) REFERENCES public.wagtailcore_page(id) DEFERRABLE INITIALLY DEFERRED;


--
-- Name: base_homepage base_homepage_featured_section_2_i_9644fc63_fk_wagtailco; Type: FK CONSTRAINT; Schema: public; Owner: app_user
--

ALTER TABLE ONLY public.base_homepage
    ADD CONSTRAINT base_homepage_featured_section_2_i_9644fc63_fk_wagtailco FOREIGN KEY (featured_section_2_id) REFERENCES public.wagtailcore_page(id) DEFERRABLE INITIALLY DEFERRED;


--
-- Name: base_homepage base_homepage_featured_section_3_i_b11648a7_fk_wagtailco; Type: FK CONSTRAINT; Schema: public; Owner: app_user
--

ALTER TABLE ONLY public.base_homepage
    ADD CONSTRAINT base_homepage_featured_section_3_i_b11648a7_fk_wagtailco FOREIGN KEY (featured_section_3_id) REFERENCES public.wagtailcore_page(id) DEFERRABLE INITIALLY DEFERRED;


--
-- Name: base_homepage base_homepage_hero_cta_link_id_7c1842c6_fk_wagtailcore_page_id; Type: FK CONSTRAINT; Schema: public; Owner: app_user
--

ALTER TABLE ONLY public.base_homepage
    ADD CONSTRAINT base_homepage_hero_cta_link_id_7c1842c6_fk_wagtailcore_page_id FOREIGN KEY (hero_cta_link_id) REFERENCES public.wagtailcore_page(id) DEFERRABLE INITIALLY DEFERRED;


--
-- Name: base_homepage base_homepage_image_id_480b2169_fk_wagtailimages_image_id; Type: FK CONSTRAINT; Schema: public; Owner: app_user
--

ALTER TABLE ONLY public.base_homepage
    ADD CONSTRAINT base_homepage_image_id_480b2169_fk_wagtailimages_image_id FOREIGN KEY (image_id) REFERENCES public.wagtailimages_image(id) DEFERRABLE INITIALLY DEFERRED;


--
-- Name: base_homepage base_homepage_page_ptr_id_35a5077a_fk_wagtailcore_page_id; Type: FK CONSTRAINT; Schema: public; Owner: app_user
--

ALTER TABLE ONLY public.base_homepage
    ADD CONSTRAINT base_homepage_page_ptr_id_35a5077a_fk_wagtailcore_page_id FOREIGN KEY (page_ptr_id) REFERENCES public.wagtailcore_page(id) DEFERRABLE INITIALLY DEFERRED;


--
-- Name: base_homepage base_homepage_promo_image_id_563e11b3_fk_wagtailimages_image_id; Type: FK CONSTRAINT; Schema: public; Owner: app_user
--

ALTER TABLE ONLY public.base_homepage
    ADD CONSTRAINT base_homepage_promo_image_id_563e11b3_fk_wagtailimages_image_id FOREIGN KEY (promo_image_id) REFERENCES public.wagtailimages_image(id) DEFERRABLE INITIALLY DEFERRED;


--
-- Name: base_person base_people_image_id_e3223a6e_fk_wagtailimages_image_id; Type: FK CONSTRAINT; Schema: public; Owner: app_user
--

ALTER TABLE ONLY public.base_person
    ADD CONSTRAINT base_people_image_id_e3223a6e_fk_wagtailimages_image_id FOREIGN KEY (image_id) REFERENCES public.wagtailimages_image(id) DEFERRABLE INITIALLY DEFERRED;


--
-- Name: base_person base_person_latest_revision_id_df59103a_fk_wagtailco; Type: FK CONSTRAINT; Schema: public; Owner: app_user
--

ALTER TABLE ONLY public.base_person
    ADD CONSTRAINT base_person_latest_revision_id_df59103a_fk_wagtailco FOREIGN KEY (latest_revision_id) REFERENCES public.wagtailcore_revision(id) DEFERRABLE INITIALLY DEFERRED;


--
-- Name: base_person base_person_live_revision_id_f8396728_fk_wagtailco; Type: FK CONSTRAINT; Schema: public; Owner: app_user
--

ALTER TABLE ONLY public.base_person
    ADD CONSTRAINT base_person_live_revision_id_f8396728_fk_wagtailco FOREIGN KEY (live_revision_id) REFERENCES public.wagtailcore_revision(id) DEFERRABLE INITIALLY DEFERRED;


--
-- Name: base_standardpage base_standardpage_image_id_b3ccad55_fk_wagtailimages_image_id; Type: FK CONSTRAINT; Schema: public; Owner: app_user
--

ALTER TABLE ONLY public.base_standardpage
    ADD CONSTRAINT base_standardpage_image_id_b3ccad55_fk_wagtailimages_image_id FOREIGN KEY (image_id) REFERENCES public.wagtailimages_image(id) DEFERRABLE INITIALLY DEFERRED;


--
-- Name: base_standardpage base_standardpage_page_ptr_id_1fc719cf_fk_wagtailcore_page_id; Type: FK CONSTRAINT; Schema: public; Owner: app_user
--

ALTER TABLE ONLY public.base_standardpage
    ADD CONSTRAINT base_standardpage_page_ptr_id_1fc719cf_fk_wagtailcore_page_id FOREIGN KEY (page_ptr_id) REFERENCES public.wagtailcore_page(id) DEFERRABLE INITIALLY DEFERRED;


--
-- Name: blog_blogindexpage blog_blogindexpage_image_id_f8df2be2_fk_wagtailimages_image_id; Type: FK CONSTRAINT; Schema: public; Owner: app_user
--

ALTER TABLE ONLY public.blog_blogindexpage
    ADD CONSTRAINT blog_blogindexpage_image_id_f8df2be2_fk_wagtailimages_image_id FOREIGN KEY (image_id) REFERENCES public.wagtailimages_image(id) DEFERRABLE INITIALLY DEFERRED;


--
-- Name: blog_blogindexpage blog_blogindexpage_page_ptr_id_d87c3ac2_fk_wagtailcore_page_id; Type: FK CONSTRAINT; Schema: public; Owner: app_user
--

ALTER TABLE ONLY public.blog_blogindexpage
    ADD CONSTRAINT blog_blogindexpage_page_ptr_id_d87c3ac2_fk_wagtailcore_page_id FOREIGN KEY (page_ptr_id) REFERENCES public.wagtailcore_page(id) DEFERRABLE INITIALLY DEFERRED;


--
-- Name: blog_blogpage blog_blogpage_image_id_a60e2e91_fk_wagtailimages_image_id; Type: FK CONSTRAINT; Schema: public; Owner: app_user
--

ALTER TABLE ONLY public.blog_blogpage
    ADD CONSTRAINT blog_blogpage_image_id_a60e2e91_fk_wagtailimages_image_id FOREIGN KEY (image_id) REFERENCES public.wagtailimages_image(id) DEFERRABLE INITIALLY DEFERRED;


--
-- Name: blog_blogpage blog_blogpage_page_ptr_id_1d78e2b7_fk_wagtailcore_page_id; Type: FK CONSTRAINT; Schema: public; Owner: app_user
--

ALTER TABLE ONLY public.blog_blogpage
    ADD CONSTRAINT blog_blogpage_page_ptr_id_1d78e2b7_fk_wagtailcore_page_id FOREIGN KEY (page_ptr_id) REFERENCES public.wagtailcore_page(id) DEFERRABLE INITIALLY DEFERRED;


--
-- Name: blog_blogpagetag blog_blogpagetag_content_object_id_0dc644d2_fk_blog_blog; Type: FK CONSTRAINT; Schema: public; Owner: app_user
--

ALTER TABLE ONLY public.blog_blogpagetag
    ADD CONSTRAINT blog_blogpagetag_content_object_id_0dc644d2_fk_blog_blog FOREIGN KEY (content_object_id) REFERENCES public.blog_blogpage(page_ptr_id) DEFERRABLE INITIALLY DEFERRED;


--
-- Name: blog_blogpagetag blog_blogpagetag_tag_id_81dc0e5f_fk_taggit_tag_id; Type: FK CONSTRAINT; Schema: public; Owner: app_user
--

ALTER TABLE ONLY public.blog_blogpagetag
    ADD CONSTRAINT blog_blogpagetag_tag_id_81dc0e5f_fk_taggit_tag_id FOREIGN KEY (tag_id) REFERENCES public.taggit_tag(id) DEFERRABLE INITIALLY DEFERRED;


--
-- Name: blog_blogpersonrelationship blog_blogpeoplerelat_page_id_549a739e_fk_blog_blog; Type: FK CONSTRAINT; Schema: public; Owner: app_user
--

ALTER TABLE ONLY public.blog_blogpersonrelationship
    ADD CONSTRAINT blog_blogpeoplerelat_page_id_549a739e_fk_blog_blog FOREIGN KEY (page_id) REFERENCES public.blog_blogpage(page_ptr_id) DEFERRABLE INITIALLY DEFERRED;


--
-- Name: blog_blogpersonrelationship blog_blogpersonrelat_person_id_22b45535_fk_base_pers; Type: FK CONSTRAINT; Schema: public; Owner: app_user
--

ALTER TABLE ONLY public.blog_blogpersonrelationship
    ADD CONSTRAINT blog_blogpersonrelat_person_id_22b45535_fk_base_pers FOREIGN KEY (person_id) REFERENCES public.base_person(id) DEFERRABLE INITIALLY DEFERRED;


--
-- Name: breads_breadingredient breads_breadingredie_latest_revision_id_5736825c_fk_wagtailco; Type: FK CONSTRAINT; Schema: public; Owner: app_user
--

ALTER TABLE ONLY public.breads_breadingredient
    ADD CONSTRAINT breads_breadingredie_latest_revision_id_5736825c_fk_wagtailco FOREIGN KEY (latest_revision_id) REFERENCES public.wagtailcore_revision(id) DEFERRABLE INITIALLY DEFERRED;


--
-- Name: breads_breadingredient breads_breadingredie_live_revision_id_71f4805b_fk_wagtailco; Type: FK CONSTRAINT; Schema: public; Owner: app_user
--

ALTER TABLE ONLY public.breads_breadingredient
    ADD CONSTRAINT breads_breadingredie_live_revision_id_71f4805b_fk_wagtailco FOREIGN KEY (live_revision_id) REFERENCES public.wagtailcore_revision(id) DEFERRABLE INITIALLY DEFERRED;


--
-- Name: breads_breadpage breads_breadpage_bread_type_id_126c073d_fk_breads_breadtype_id; Type: FK CONSTRAINT; Schema: public; Owner: app_user
--

ALTER TABLE ONLY public.breads_breadpage
    ADD CONSTRAINT breads_breadpage_bread_type_id_126c073d_fk_breads_breadtype_id FOREIGN KEY (bread_type_id) REFERENCES public.breads_breadtype(id) DEFERRABLE INITIALLY DEFERRED;


--
-- Name: breads_breadpage breads_breadpage_image_id_de14c3c9_fk_wagtailimages_image_id; Type: FK CONSTRAINT; Schema: public; Owner: app_user
--

ALTER TABLE ONLY public.breads_breadpage
    ADD CONSTRAINT breads_breadpage_image_id_de14c3c9_fk_wagtailimages_image_id FOREIGN KEY (image_id) REFERENCES public.wagtailimages_image(id) DEFERRABLE INITIALLY DEFERRED;


--
-- Name: breads_breadpage_ingredients breads_breadpage_ing_breadingredient_id_dd0e8c99_fk_breads_br; Type: FK CONSTRAINT; Schema: public; Owner: app_user
--

ALTER TABLE ONLY public.breads_breadpage_ingredients
    ADD CONSTRAINT breads_breadpage_ing_breadingredient_id_dd0e8c99_fk_breads_br FOREIGN KEY (breadingredient_id) REFERENCES public.breads_breadingredient(id) DEFERRABLE INITIALLY DEFERRED;


--
-- Name: breads_breadpage_ingredients breads_breadpage_ing_breadpage_id_846b727f_fk_breads_br; Type: FK CONSTRAINT; Schema: public; Owner: app_user
--

ALTER TABLE ONLY public.breads_breadpage_ingredients
    ADD CONSTRAINT breads_breadpage_ing_breadpage_id_846b727f_fk_breads_br FOREIGN KEY (breadpage_id) REFERENCES public.breads_breadpage(page_ptr_id) DEFERRABLE INITIALLY DEFERRED;


--
-- Name: breads_breadpage breads_breadpage_origin_id_3efcd19f_fk_breads_country_id; Type: FK CONSTRAINT; Schema: public; Owner: app_user
--

ALTER TABLE ONLY public.breads_breadpage
    ADD CONSTRAINT breads_breadpage_origin_id_3efcd19f_fk_breads_country_id FOREIGN KEY (origin_id) REFERENCES public.breads_country(id) DEFERRABLE INITIALLY DEFERRED;


--
-- Name: breads_breadpage breads_breadpage_page_ptr_id_01b41070_fk_wagtailcore_page_id; Type: FK CONSTRAINT; Schema: public; Owner: app_user
--

ALTER TABLE ONLY public.breads_breadpage
    ADD CONSTRAINT breads_breadpage_page_ptr_id_01b41070_fk_wagtailcore_page_id FOREIGN KEY (page_ptr_id) REFERENCES public.wagtailcore_page(id) DEFERRABLE INITIALLY DEFERRED;


--
-- Name: breads_breadsindexpage breads_breadsindexpa_image_id_aa54323d_fk_wagtailim; Type: FK CONSTRAINT; Schema: public; Owner: app_user
--

ALTER TABLE ONLY public.breads_breadsindexpage
    ADD CONSTRAINT breads_breadsindexpa_image_id_aa54323d_fk_wagtailim FOREIGN KEY (image_id) REFERENCES public.wagtailimages_image(id) DEFERRABLE INITIALLY DEFERRED;


--
-- Name: breads_breadsindexpage breads_breadsindexpa_page_ptr_id_0a97d15a_fk_wagtailco; Type: FK CONSTRAINT; Schema: public; Owner: app_user
--

ALTER TABLE ONLY public.breads_breadsindexpage
    ADD CONSTRAINT breads_breadsindexpa_page_ptr_id_0a97d15a_fk_wagtailco FOREIGN KEY (page_ptr_id) REFERENCES public.wagtailcore_page(id) DEFERRABLE INITIALLY DEFERRED;


--
-- Name: breads_breadtype breads_breadtype_latest_revision_id_5a458afb_fk_wagtailco; Type: FK CONSTRAINT; Schema: public; Owner: app_user
--

ALTER TABLE ONLY public.breads_breadtype
    ADD CONSTRAINT breads_breadtype_latest_revision_id_5a458afb_fk_wagtailco FOREIGN KEY (latest_revision_id) REFERENCES public.wagtailcore_revision(id) DEFERRABLE INITIALLY DEFERRED;


--
-- Name: django_admin_log django_admin_log_content_type_id_c4bce8eb_fk_django_co; Type: FK CONSTRAINT; Schema: public; Owner: app_user
--

ALTER TABLE ONLY public.django_admin_log
    ADD CONSTRAINT django_admin_log_content_type_id_c4bce8eb_fk_django_co FOREIGN KEY (content_type_id) REFERENCES public.django_content_type(id) DEFERRABLE INITIALLY DEFERRED;


--
-- Name: django_admin_log django_admin_log_user_id_c564eba6_fk_auth_user_id; Type: FK CONSTRAINT; Schema: public; Owner: app_user
--

ALTER TABLE ONLY public.django_admin_log
    ADD CONSTRAINT django_admin_log_user_id_c564eba6_fk_auth_user_id FOREIGN KEY (user_id) REFERENCES public.auth_user(id) DEFERRABLE INITIALLY DEFERRED;


--
-- Name: locations_locationoperatinghours locations_locationop_location_id_bb8e6ca6_fk_locations; Type: FK CONSTRAINT; Schema: public; Owner: app_user
--

ALTER TABLE ONLY public.locations_locationoperatinghours
    ADD CONSTRAINT locations_locationop_location_id_bb8e6ca6_fk_locations FOREIGN KEY (location_id) REFERENCES public.locations_locationpage(page_ptr_id) DEFERRABLE INITIALLY DEFERRED;


--
-- Name: locations_locationpage locations_locationpa_image_id_9e1abd9d_fk_wagtailim; Type: FK CONSTRAINT; Schema: public; Owner: app_user
--

ALTER TABLE ONLY public.locations_locationpage
    ADD CONSTRAINT locations_locationpa_image_id_9e1abd9d_fk_wagtailim FOREIGN KEY (image_id) REFERENCES public.wagtailimages_image(id) DEFERRABLE INITIALLY DEFERRED;


--
-- Name: locations_locationpage locations_locationpa_page_ptr_id_68e66703_fk_wagtailco; Type: FK CONSTRAINT; Schema: public; Owner: app_user
--

ALTER TABLE ONLY public.locations_locationpage
    ADD CONSTRAINT locations_locationpa_page_ptr_id_68e66703_fk_wagtailco FOREIGN KEY (page_ptr_id) REFERENCES public.wagtailcore_page(id) DEFERRABLE INITIALLY DEFERRED;


--
-- Name: locations_locationsindexpage locations_locationsi_image_id_b8e42f1e_fk_wagtailim; Type: FK CONSTRAINT; Schema: public; Owner: app_user
--

ALTER TABLE ONLY public.locations_locationsindexpage
    ADD CONSTRAINT locations_locationsi_image_id_b8e42f1e_fk_wagtailim FOREIGN KEY (image_id) REFERENCES public.wagtailimages_image(id) DEFERRABLE INITIALLY DEFERRED;


--
-- Name: locations_locationsindexpage locations_locationsi_page_ptr_id_782c4c54_fk_wagtailco; Type: FK CONSTRAINT; Schema: public; Owner: app_user
--

ALTER TABLE ONLY public.locations_locationsindexpage
    ADD CONSTRAINT locations_locationsi_page_ptr_id_782c4c54_fk_wagtailco FOREIGN KEY (page_ptr_id) REFERENCES public.wagtailcore_page(id) DEFERRABLE INITIALLY DEFERRED;


--
-- Name: recipes_recipeindexpage recipes_recipeindexp_page_ptr_id_b66da210_fk_wagtailco; Type: FK CONSTRAINT; Schema: public; Owner: app_user
--

ALTER TABLE ONLY public.recipes_recipeindexpage
    ADD CONSTRAINT recipes_recipeindexp_page_ptr_id_b66da210_fk_wagtailco FOREIGN KEY (page_ptr_id) REFERENCES public.wagtailcore_page(id) DEFERRABLE INITIALLY DEFERRED;


--
-- Name: recipes_recipepage recipes_recipepage_page_ptr_id_7272f365_fk_wagtailcore_page_id; Type: FK CONSTRAINT; Schema: public; Owner: app_user
--

ALTER TABLE ONLY public.recipes_recipepage
    ADD CONSTRAINT recipes_recipepage_page_ptr_id_7272f365_fk_wagtailcore_page_id FOREIGN KEY (page_ptr_id) REFERENCES public.wagtailcore_page(id) DEFERRABLE INITIALLY DEFERRED;


--
-- Name: recipes_recipepersonrelationship recipes_recipeperson_page_id_6b703a52_fk_recipes_r; Type: FK CONSTRAINT; Schema: public; Owner: app_user
--

ALTER TABLE ONLY public.recipes_recipepersonrelationship
    ADD CONSTRAINT recipes_recipeperson_page_id_6b703a52_fk_recipes_r FOREIGN KEY (page_id) REFERENCES public.recipes_recipepage(page_ptr_id) DEFERRABLE INITIALLY DEFERRED;


--
-- Name: recipes_recipepersonrelationship recipes_recipeperson_person_id_e54238fe_fk_base_pers; Type: FK CONSTRAINT; Schema: public; Owner: app_user
--

ALTER TABLE ONLY public.recipes_recipepersonrelationship
    ADD CONSTRAINT recipes_recipeperson_person_id_e54238fe_fk_base_pers FOREIGN KEY (person_id) REFERENCES public.base_person(id) DEFERRABLE INITIALLY DEFERRED;


--
-- Name: taggit_taggeditem taggit_taggeditem_content_type_id_9957a03c_fk_django_co; Type: FK CONSTRAINT; Schema: public; Owner: app_user
--

ALTER TABLE ONLY public.taggit_taggeditem
    ADD CONSTRAINT taggit_taggeditem_content_type_id_9957a03c_fk_django_co FOREIGN KEY (content_type_id) REFERENCES public.django_content_type(id) DEFERRABLE INITIALLY DEFERRED;


--
-- Name: taggit_taggeditem taggit_taggeditem_tag_id_f4f5b767_fk_taggit_tag_id; Type: FK CONSTRAINT; Schema: public; Owner: app_user
--

ALTER TABLE ONLY public.taggit_taggeditem
    ADD CONSTRAINT taggit_taggeditem_tag_id_f4f5b767_fk_taggit_tag_id FOREIGN KEY (tag_id) REFERENCES public.taggit_tag(id) DEFERRABLE INITIALLY DEFERRED;


--
-- Name: wagtailcore_collectionviewrestriction wagtailcore_collecti_collection_id_761908ec_fk_wagtailco; Type: FK CONSTRAINT; Schema: public; Owner: app_user
--

ALTER TABLE ONLY public.wagtailcore_collectionviewrestriction
    ADD CONSTRAINT wagtailcore_collecti_collection_id_761908ec_fk_wagtailco FOREIGN KEY (collection_id) REFERENCES public.wagtailcore_collection(id) DEFERRABLE INITIALLY DEFERRED;


--
-- Name: wagtailcore_collectionviewrestriction_groups wagtailcore_collecti_collectionviewrestri_47320efd_fk_wagtailco; Type: FK CONSTRAINT; Schema: public; Owner: app_user
--

ALTER TABLE ONLY public.wagtailcore_collectionviewrestriction_groups
    ADD CONSTRAINT wagtailcore_collecti_collectionviewrestri_47320efd_fk_wagtailco FOREIGN KEY (collectionviewrestriction_id) REFERENCES public.wagtailcore_collectionviewrestriction(id) DEFERRABLE INITIALLY DEFERRED;


--
-- Name: wagtailcore_collectionviewrestriction_groups wagtailcore_collecti_group_id_1823f2a3_fk_auth_grou; Type: FK CONSTRAINT; Schema: public; Owner: app_user
--

ALTER TABLE ONLY public.wagtailcore_collectionviewrestriction_groups
    ADD CONSTRAINT wagtailcore_collecti_group_id_1823f2a3_fk_auth_grou FOREIGN KEY (group_id) REFERENCES public.auth_group(id) DEFERRABLE INITIALLY DEFERRED;


--
-- Name: wagtailcore_comment wagtailcore_comment_page_id_108444b5_fk_wagtailcore_page_id; Type: FK CONSTRAINT; Schema: public; Owner: app_user
--

ALTER TABLE ONLY public.wagtailcore_comment
    ADD CONSTRAINT wagtailcore_comment_page_id_108444b5_fk_wagtailcore_page_id FOREIGN KEY (page_id) REFERENCES public.wagtailcore_page(id) DEFERRABLE INITIALLY DEFERRED;


--
-- Name: wagtailcore_comment wagtailcore_comment_resolved_by_id_a282aa0e_fk_auth_user_id; Type: FK CONSTRAINT; Schema: public; Owner: app_user
--

ALTER TABLE ONLY public.wagtailcore_comment
    ADD CONSTRAINT wagtailcore_comment_resolved_by_id_a282aa0e_fk_auth_user_id FOREIGN KEY (resolved_by_id) REFERENCES public.auth_user(id) DEFERRABLE INITIALLY DEFERRED;


--
-- Name: wagtailcore_comment wagtailcore_comment_revision_created_id_1d058279_fk_wagtailco; Type: FK CONSTRAINT; Schema: public; Owner: app_user
--

ALTER TABLE ONLY public.wagtailcore_comment
    ADD CONSTRAINT wagtailcore_comment_revision_created_id_1d058279_fk_wagtailco FOREIGN KEY (revision_created_id) REFERENCES public.wagtailcore_revision(id) DEFERRABLE INITIALLY DEFERRED;


--
-- Name: wagtailcore_comment wagtailcore_comment_user_id_0c577ca6_fk_auth_user_id; Type: FK CONSTRAINT; Schema: public; Owner: app_user
--

ALTER TABLE ONLY public.wagtailcore_comment
    ADD CONSTRAINT wagtailcore_comment_user_id_0c577ca6_fk_auth_user_id FOREIGN KEY (user_id) REFERENCES public.auth_user(id) DEFERRABLE INITIALLY DEFERRED;


--
-- Name: wagtailcore_commentreply wagtailcore_commentr_comment_id_afc7e027_fk_wagtailco; Type: FK CONSTRAINT; Schema: public; Owner: app_user
--

ALTER TABLE ONLY public.wagtailcore_commentreply
    ADD CONSTRAINT wagtailcore_commentr_comment_id_afc7e027_fk_wagtailco FOREIGN KEY (comment_id) REFERENCES public.wagtailcore_comment(id) DEFERRABLE INITIALLY DEFERRED;


--
-- Name: wagtailcore_commentreply wagtailcore_commentreply_user_id_d0b3b9c3_fk_auth_user_id; Type: FK CONSTRAINT; Schema: public; Owner: app_user
--

ALTER TABLE ONLY public.wagtailcore_commentreply
    ADD CONSTRAINT wagtailcore_commentreply_user_id_d0b3b9c3_fk_auth_user_id FOREIGN KEY (user_id) REFERENCES public.auth_user(id) DEFERRABLE INITIALLY DEFERRED;


--
-- Name: wagtailcore_groupapprovaltask_groups wagtailcore_groupapp_group_id_2e64b61f_fk_auth_grou; Type: FK CONSTRAINT; Schema: public; Owner: app_user
--

ALTER TABLE ONLY public.wagtailcore_groupapprovaltask_groups
    ADD CONSTRAINT wagtailcore_groupapp_group_id_2e64b61f_fk_auth_grou FOREIGN KEY (group_id) REFERENCES public.auth_group(id) DEFERRABLE INITIALLY DEFERRED;


--
-- Name: wagtailcore_groupapprovaltask_groups wagtailcore_groupapp_groupapprovaltask_id_9a9255ea_fk_wagtailco; Type: FK CONSTRAINT; Schema: public; Owner: app_user
--

ALTER TABLE ONLY public.wagtailcore_groupapprovaltask_groups
    ADD CONSTRAINT wagtailcore_groupapp_groupapprovaltask_id_9a9255ea_fk_wagtailco FOREIGN KEY (groupapprovaltask_id) REFERENCES public.wagtailcore_groupapprovaltask(task_ptr_id) DEFERRABLE INITIALLY DEFERRED;


--
-- Name: wagtailcore_groupapprovaltask wagtailcore_groupapp_task_ptr_id_cfe58781_fk_wagtailco; Type: FK CONSTRAINT; Schema: public; Owner: app_user
--

ALTER TABLE ONLY public.wagtailcore_groupapprovaltask
    ADD CONSTRAINT wagtailcore_groupapp_task_ptr_id_cfe58781_fk_wagtailco FOREIGN KEY (task_ptr_id) REFERENCES public.wagtailcore_task(id) DEFERRABLE INITIALLY DEFERRED;


--
-- Name: wagtailcore_groupcollectionpermission wagtailcore_groupcol_collection_id_5423575a_fk_wagtailco; Type: FK CONSTRAINT; Schema: public; Owner: app_user
--

ALTER TABLE ONLY public.wagtailcore_groupcollectionpermission
    ADD CONSTRAINT wagtailcore_groupcol_collection_id_5423575a_fk_wagtailco FOREIGN KEY (collection_id) REFERENCES public.wagtailcore_collection(id) DEFERRABLE INITIALLY DEFERRED;


--
-- Name: wagtailcore_groupcollectionpermission wagtailcore_groupcol_group_id_05d61460_fk_auth_grou; Type: FK CONSTRAINT; Schema: public; Owner: app_user
--

ALTER TABLE ONLY public.wagtailcore_groupcollectionpermission
    ADD CONSTRAINT wagtailcore_groupcol_group_id_05d61460_fk_auth_grou FOREIGN KEY (group_id) REFERENCES public.auth_group(id) DEFERRABLE INITIALLY DEFERRED;


--
-- Name: wagtailcore_groupcollectionpermission wagtailcore_groupcol_permission_id_1b626275_fk_auth_perm; Type: FK CONSTRAINT; Schema: public; Owner: app_user
--

ALTER TABLE ONLY public.wagtailcore_groupcollectionpermission
    ADD CONSTRAINT wagtailcore_groupcol_permission_id_1b626275_fk_auth_perm FOREIGN KEY (permission_id) REFERENCES public.auth_permission(id) DEFERRABLE INITIALLY DEFERRED;


--
-- Name: wagtailcore_grouppagepermission wagtailcore_grouppag_group_id_fc07e671_fk_auth_grou; Type: FK CONSTRAINT; Schema: public; Owner: app_user
--

ALTER TABLE ONLY public.wagtailcore_grouppagepermission
    ADD CONSTRAINT wagtailcore_grouppag_group_id_fc07e671_fk_auth_grou FOREIGN KEY (group_id) REFERENCES public.auth_group(id) DEFERRABLE INITIALLY DEFERRED;


--
-- Name: wagtailcore_grouppagepermission wagtailcore_grouppag_page_id_710b114a_fk_wagtailco; Type: FK CONSTRAINT; Schema: public; Owner: app_user
--

ALTER TABLE ONLY public.wagtailcore_grouppagepermission
    ADD CONSTRAINT wagtailcore_grouppag_page_id_710b114a_fk_wagtailco FOREIGN KEY (page_id) REFERENCES public.wagtailcore_page(id) DEFERRABLE INITIALLY DEFERRED;


--
-- Name: wagtailcore_modellogentry wagtailcore_modellog_content_type_id_68849e77_fk_django_co; Type: FK CONSTRAINT; Schema: public; Owner: app_user
--

ALTER TABLE ONLY public.wagtailcore_modellogentry
    ADD CONSTRAINT wagtailcore_modellog_content_type_id_68849e77_fk_django_co FOREIGN KEY (content_type_id) REFERENCES public.django_content_type(id) DEFERRABLE INITIALLY DEFERRED;


--
-- Name: wagtailcore_page wagtailcore_page_alias_of_id_12945502_fk_wagtailcore_page_id; Type: FK CONSTRAINT; Schema: public; Owner: app_user
--

ALTER TABLE ONLY public.wagtailcore_page
    ADD CONSTRAINT wagtailcore_page_alias_of_id_12945502_fk_wagtailcore_page_id FOREIGN KEY (alias_of_id) REFERENCES public.wagtailcore_page(id) DEFERRABLE INITIALLY DEFERRED;


--
-- Name: wagtailcore_page wagtailcore_page_content_type_id_c28424df_fk_django_co; Type: FK CONSTRAINT; Schema: public; Owner: app_user
--

ALTER TABLE ONLY public.wagtailcore_page
    ADD CONSTRAINT wagtailcore_page_content_type_id_c28424df_fk_django_co FOREIGN KEY (content_type_id) REFERENCES public.django_content_type(id) DEFERRABLE INITIALLY DEFERRED;


--
-- Name: wagtailcore_page wagtailcore_page_latest_revision_id_e60fef51_fk_wagtailco; Type: FK CONSTRAINT; Schema: public; Owner: app_user
--

ALTER TABLE ONLY public.wagtailcore_page
    ADD CONSTRAINT wagtailcore_page_latest_revision_id_e60fef51_fk_wagtailco FOREIGN KEY (latest_revision_id) REFERENCES public.wagtailcore_revision(id) DEFERRABLE INITIALLY DEFERRED;


--
-- Name: wagtailcore_page wagtailcore_page_live_revision_id_930bd822_fk_wagtailco; Type: FK CONSTRAINT; Schema: public; Owner: app_user
--

ALTER TABLE ONLY public.wagtailcore_page
    ADD CONSTRAINT wagtailcore_page_live_revision_id_930bd822_fk_wagtailco FOREIGN KEY (live_revision_id) REFERENCES public.wagtailcore_revision(id) DEFERRABLE INITIALLY DEFERRED;


--
-- Name: wagtailcore_page wagtailcore_page_locale_id_3c7e30a6_fk_wagtailcore_locale_id; Type: FK CONSTRAINT; Schema: public; Owner: app_user
--

ALTER TABLE ONLY public.wagtailcore_page
    ADD CONSTRAINT wagtailcore_page_locale_id_3c7e30a6_fk_wagtailcore_locale_id FOREIGN KEY (locale_id) REFERENCES public.wagtailcore_locale(id) DEFERRABLE INITIALLY DEFERRED;


--
-- Name: wagtailcore_page wagtailcore_page_locked_by_id_bcb86245_fk_auth_user_id; Type: FK CONSTRAINT; Schema: public; Owner: app_user
--

ALTER TABLE ONLY public.wagtailcore_page
    ADD CONSTRAINT wagtailcore_page_locked_by_id_bcb86245_fk_auth_user_id FOREIGN KEY (locked_by_id) REFERENCES public.auth_user(id) DEFERRABLE INITIALLY DEFERRED;


--
-- Name: wagtailcore_page wagtailcore_page_owner_id_fbf7c332_fk_auth_user_id; Type: FK CONSTRAINT; Schema: public; Owner: app_user
--

ALTER TABLE ONLY public.wagtailcore_page
    ADD CONSTRAINT wagtailcore_page_owner_id_fbf7c332_fk_auth_user_id FOREIGN KEY (owner_id) REFERENCES public.auth_user(id) DEFERRABLE INITIALLY DEFERRED;


--
-- Name: wagtailcore_pagelogentry wagtailcore_pageloge_content_type_id_74e7708a_fk_django_co; Type: FK CONSTRAINT; Schema: public; Owner: app_user
--

ALTER TABLE ONLY public.wagtailcore_pagelogentry
    ADD CONSTRAINT wagtailcore_pageloge_content_type_id_74e7708a_fk_django_co FOREIGN KEY (content_type_id) REFERENCES public.django_content_type(id) DEFERRABLE INITIALLY DEFERRED;


--
-- Name: wagtailcore_revision wagtailcore_pagerevision_user_id_2409d2f4_fk_auth_user_id; Type: FK CONSTRAINT; Schema: public; Owner: app_user
--

ALTER TABLE ONLY public.wagtailcore_revision
    ADD CONSTRAINT wagtailcore_pagerevision_user_id_2409d2f4_fk_auth_user_id FOREIGN KEY (user_id) REFERENCES public.auth_user(id) DEFERRABLE INITIALLY DEFERRED;


--
-- Name: wagtailcore_pagesubscription wagtailcore_pagesubs_page_id_a085e7a6_fk_wagtailco; Type: FK CONSTRAINT; Schema: public; Owner: app_user
--

ALTER TABLE ONLY public.wagtailcore_pagesubscription
    ADD CONSTRAINT wagtailcore_pagesubs_page_id_a085e7a6_fk_wagtailco FOREIGN KEY (page_id) REFERENCES public.wagtailcore_page(id) DEFERRABLE INITIALLY DEFERRED;


--
-- Name: wagtailcore_pagesubscription wagtailcore_pagesubscription_user_id_89d7def9_fk_auth_user_id; Type: FK CONSTRAINT; Schema: public; Owner: app_user
--

ALTER TABLE ONLY public.wagtailcore_pagesubscription
    ADD CONSTRAINT wagtailcore_pagesubscription_user_id_89d7def9_fk_auth_user_id FOREIGN KEY (user_id) REFERENCES public.auth_user(id) DEFERRABLE INITIALLY DEFERRED;


--
-- Name: wagtailcore_pageviewrestriction_groups wagtailcore_pageview_group_id_6460f223_fk_auth_grou; Type: FK CONSTRAINT; Schema: public; Owner: app_user
--

ALTER TABLE ONLY public.wagtailcore_pageviewrestriction_groups
    ADD CONSTRAINT wagtailcore_pageview_group_id_6460f223_fk_auth_grou FOREIGN KEY (group_id) REFERENCES public.auth_group(id) DEFERRABLE INITIALLY DEFERRED;


--
-- Name: wagtailcore_pageviewrestriction wagtailcore_pageview_page_id_15a8bea6_fk_wagtailco; Type: FK CONSTRAINT; Schema: public; Owner: app_user
--

ALTER TABLE ONLY public.wagtailcore_pageviewrestriction
    ADD CONSTRAINT wagtailcore_pageview_page_id_15a8bea6_fk_wagtailco FOREIGN KEY (page_id) REFERENCES public.wagtailcore_page(id) DEFERRABLE INITIALLY DEFERRED;


--
-- Name: wagtailcore_pageviewrestriction_groups wagtailcore_pageview_pageviewrestriction__f147a99a_fk_wagtailco; Type: FK CONSTRAINT; Schema: public; Owner: app_user
--

ALTER TABLE ONLY public.wagtailcore_pageviewrestriction_groups
    ADD CONSTRAINT wagtailcore_pageview_pageviewrestriction__f147a99a_fk_wagtailco FOREIGN KEY (pageviewrestriction_id) REFERENCES public.wagtailcore_pageviewrestriction(id) DEFERRABLE INITIALLY DEFERRED;


--
-- Name: wagtailcore_referenceindex wagtailcore_referenc_base_content_type_id_313cf40f_fk_django_co; Type: FK CONSTRAINT; Schema: public; Owner: app_user
--

ALTER TABLE ONLY public.wagtailcore_referenceindex
    ADD CONSTRAINT wagtailcore_referenc_base_content_type_id_313cf40f_fk_django_co FOREIGN KEY (base_content_type_id) REFERENCES public.django_content_type(id) DEFERRABLE INITIALLY DEFERRED;


--
-- Name: wagtailcore_referenceindex wagtailcore_referenc_content_type_id_766e0336_fk_django_co; Type: FK CONSTRAINT; Schema: public; Owner: app_user
--

ALTER TABLE ONLY public.wagtailcore_referenceindex
    ADD CONSTRAINT wagtailcore_referenc_content_type_id_766e0336_fk_django_co FOREIGN KEY (content_type_id) REFERENCES public.django_content_type(id) DEFERRABLE INITIALLY DEFERRED;


--
-- Name: wagtailcore_referenceindex wagtailcore_referenc_to_content_type_id_93690bbd_fk_django_co; Type: FK CONSTRAINT; Schema: public; Owner: app_user
--

ALTER TABLE ONLY public.wagtailcore_referenceindex
    ADD CONSTRAINT wagtailcore_referenc_to_content_type_id_93690bbd_fk_django_co FOREIGN KEY (to_content_type_id) REFERENCES public.django_content_type(id) DEFERRABLE INITIALLY DEFERRED;


--
-- Name: wagtailcore_revision wagtailcore_revision_base_content_type_id_5b4ef7bd_fk_django_co; Type: FK CONSTRAINT; Schema: public; Owner: app_user
--

ALTER TABLE ONLY public.wagtailcore_revision
    ADD CONSTRAINT wagtailcore_revision_base_content_type_id_5b4ef7bd_fk_django_co FOREIGN KEY (base_content_type_id) REFERENCES public.django_content_type(id) DEFERRABLE INITIALLY DEFERRED;


--
-- Name: wagtailcore_revision wagtailcore_revision_content_type_id_c8cb69c0_fk_django_co; Type: FK CONSTRAINT; Schema: public; Owner: app_user
--

ALTER TABLE ONLY public.wagtailcore_revision
    ADD CONSTRAINT wagtailcore_revision_content_type_id_c8cb69c0_fk_django_co FOREIGN KEY (content_type_id) REFERENCES public.django_content_type(id) DEFERRABLE INITIALLY DEFERRED;


--
-- Name: wagtailcore_site wagtailcore_site_root_page_id_e02fb95c_fk_wagtailcore_page_id; Type: FK CONSTRAINT; Schema: public; Owner: app_user
--

ALTER TABLE ONLY public.wagtailcore_site
    ADD CONSTRAINT wagtailcore_site_root_page_id_e02fb95c_fk_wagtailcore_page_id FOREIGN KEY (root_page_id) REFERENCES public.wagtailcore_page(id) DEFERRABLE INITIALLY DEFERRED;


--
-- Name: wagtailcore_task wagtailcore_task_content_type_id_249ab8ba_fk_django_co; Type: FK CONSTRAINT; Schema: public; Owner: app_user
--

ALTER TABLE ONLY public.wagtailcore_task
    ADD CONSTRAINT wagtailcore_task_content_type_id_249ab8ba_fk_django_co FOREIGN KEY (content_type_id) REFERENCES public.django_content_type(id) DEFERRABLE INITIALLY DEFERRED;


--
-- Name: wagtailcore_taskstate wagtailcore_taskstat_content_type_id_0a758fdc_fk_django_co; Type: FK CONSTRAINT; Schema: public; Owner: app_user
--

ALTER TABLE ONLY public.wagtailcore_taskstate
    ADD CONSTRAINT wagtailcore_taskstat_content_type_id_0a758fdc_fk_django_co FOREIGN KEY (content_type_id) REFERENCES public.django_content_type(id) DEFERRABLE INITIALLY DEFERRED;


--
-- Name: wagtailcore_taskstate wagtailcore_taskstat_page_revision_id_9f52c88e_fk_wagtailco; Type: FK CONSTRAINT; Schema: public; Owner: app_user
--

ALTER TABLE ONLY public.wagtailcore_taskstate
    ADD CONSTRAINT wagtailcore_taskstat_page_revision_id_9f52c88e_fk_wagtailco FOREIGN KEY (page_revision_id) REFERENCES public.wagtailcore_revision(id) DEFERRABLE INITIALLY DEFERRED;


--
-- Name: wagtailcore_taskstate wagtailcore_taskstat_workflow_state_id_9239a775_fk_wagtailco; Type: FK CONSTRAINT; Schema: public; Owner: app_user
--

ALTER TABLE ONLY public.wagtailcore_taskstate
    ADD CONSTRAINT wagtailcore_taskstat_workflow_state_id_9239a775_fk_wagtailco FOREIGN KEY (workflow_state_id) REFERENCES public.wagtailcore_workflowstate(id) DEFERRABLE INITIALLY DEFERRED;


--
-- Name: wagtailcore_taskstate wagtailcore_taskstate_finished_by_id_13f98229_fk_auth_user_id; Type: FK CONSTRAINT; Schema: public; Owner: app_user
--

ALTER TABLE ONLY public.wagtailcore_taskstate
    ADD CONSTRAINT wagtailcore_taskstate_finished_by_id_13f98229_fk_auth_user_id FOREIGN KEY (finished_by_id) REFERENCES public.auth_user(id) DEFERRABLE INITIALLY DEFERRED;


--
-- Name: wagtailcore_taskstate wagtailcore_taskstate_task_id_c3677c34_fk_wagtailcore_task_id; Type: FK CONSTRAINT; Schema: public; Owner: app_user
--

ALTER TABLE ONLY public.wagtailcore_taskstate
    ADD CONSTRAINT wagtailcore_taskstate_task_id_c3677c34_fk_wagtailcore_task_id FOREIGN KEY (task_id) REFERENCES public.wagtailcore_task(id) DEFERRABLE INITIALLY DEFERRED;


--
-- Name: wagtailcore_workflowstate wagtailcore_workflow_current_task_state_i_3a1a0632_fk_wagtailco; Type: FK CONSTRAINT; Schema: public; Owner: app_user
--

ALTER TABLE ONLY public.wagtailcore_workflowstate
    ADD CONSTRAINT wagtailcore_workflow_current_task_state_i_3a1a0632_fk_wagtailco FOREIGN KEY (current_task_state_id) REFERENCES public.wagtailcore_taskstate(id) DEFERRABLE INITIALLY DEFERRED;


--
-- Name: wagtailcore_workflowstate wagtailcore_workflow_page_id_6c962862_fk_wagtailco; Type: FK CONSTRAINT; Schema: public; Owner: app_user
--

ALTER TABLE ONLY public.wagtailcore_workflowstate
    ADD CONSTRAINT wagtailcore_workflow_page_id_6c962862_fk_wagtailco FOREIGN KEY (page_id) REFERENCES public.wagtailcore_page(id) DEFERRABLE INITIALLY DEFERRED;


--
-- Name: wagtailcore_workflowpage wagtailcore_workflow_page_id_81e7bab6_fk_wagtailco; Type: FK CONSTRAINT; Schema: public; Owner: app_user
--

ALTER TABLE ONLY public.wagtailcore_workflowpage
    ADD CONSTRAINT wagtailcore_workflow_page_id_81e7bab6_fk_wagtailco FOREIGN KEY (page_id) REFERENCES public.wagtailcore_page(id) DEFERRABLE INITIALLY DEFERRED;


--
-- Name: wagtailcore_workflowstate wagtailcore_workflow_requested_by_id_4090bca3_fk_auth_user; Type: FK CONSTRAINT; Schema: public; Owner: app_user
--

ALTER TABLE ONLY public.wagtailcore_workflowstate
    ADD CONSTRAINT wagtailcore_workflow_requested_by_id_4090bca3_fk_auth_user FOREIGN KEY (requested_by_id) REFERENCES public.auth_user(id) DEFERRABLE INITIALLY DEFERRED;


--
-- Name: wagtailcore_workflowtask wagtailcore_workflow_task_id_ce7716fe_fk_wagtailco; Type: FK CONSTRAINT; Schema: public; Owner: app_user
--

ALTER TABLE ONLY public.wagtailcore_workflowtask
    ADD CONSTRAINT wagtailcore_workflow_task_id_ce7716fe_fk_wagtailco FOREIGN KEY (task_id) REFERENCES public.wagtailcore_task(id) DEFERRABLE INITIALLY DEFERRED;


--
-- Name: wagtailcore_workflowstate wagtailcore_workflow_workflow_id_1f18378f_fk_wagtailco; Type: FK CONSTRAINT; Schema: public; Owner: app_user
--

ALTER TABLE ONLY public.wagtailcore_workflowstate
    ADD CONSTRAINT wagtailcore_workflow_workflow_id_1f18378f_fk_wagtailco FOREIGN KEY (workflow_id) REFERENCES public.wagtailcore_workflow(id) DEFERRABLE INITIALLY DEFERRED;


--
-- Name: wagtailcore_workflowpage wagtailcore_workflow_workflow_id_56f56ff6_fk_wagtailco; Type: FK CONSTRAINT; Schema: public; Owner: app_user
--

ALTER TABLE ONLY public.wagtailcore_workflowpage
    ADD CONSTRAINT wagtailcore_workflow_workflow_id_56f56ff6_fk_wagtailco FOREIGN KEY (workflow_id) REFERENCES public.wagtailcore_workflow(id) DEFERRABLE INITIALLY DEFERRED;


--
-- Name: wagtailcore_workflowtask wagtailcore_workflow_workflow_id_b9717175_fk_wagtailco; Type: FK CONSTRAINT; Schema: public; Owner: app_user
--

ALTER TABLE ONLY public.wagtailcore_workflowtask
    ADD CONSTRAINT wagtailcore_workflow_workflow_id_b9717175_fk_wagtailco FOREIGN KEY (workflow_id) REFERENCES public.wagtailcore_workflow(id) DEFERRABLE INITIALLY DEFERRED;


--
-- Name: wagtaildocs_document wagtaildocs_document_collection_id_23881625_fk_wagtailco; Type: FK CONSTRAINT; Schema: public; Owner: app_user
--

ALTER TABLE ONLY public.wagtaildocs_document
    ADD CONSTRAINT wagtaildocs_document_collection_id_23881625_fk_wagtailco FOREIGN KEY (collection_id) REFERENCES public.wagtailcore_collection(id) DEFERRABLE INITIALLY DEFERRED;


--
-- Name: wagtaildocs_document wagtaildocs_document_uploaded_by_user_id_17258b41_fk_auth_user; Type: FK CONSTRAINT; Schema: public; Owner: app_user
--

ALTER TABLE ONLY public.wagtaildocs_document
    ADD CONSTRAINT wagtaildocs_document_uploaded_by_user_id_17258b41_fk_auth_user FOREIGN KEY (uploaded_by_user_id) REFERENCES public.auth_user(id) DEFERRABLE INITIALLY DEFERRED;


--
-- Name: wagtaildocs_uploadeddocument wagtaildocs_uploaded_uploaded_by_user_id_8dd61a73_fk_auth_user; Type: FK CONSTRAINT; Schema: public; Owner: app_user
--

ALTER TABLE ONLY public.wagtaildocs_uploadeddocument
    ADD CONSTRAINT wagtaildocs_uploaded_uploaded_by_user_id_8dd61a73_fk_auth_user FOREIGN KEY (uploaded_by_user_id) REFERENCES public.auth_user(id) DEFERRABLE INITIALLY DEFERRED;


--
-- Name: wagtailforms_formsubmission wagtailforms_formsub_page_id_e48e93e7_fk_wagtailco; Type: FK CONSTRAINT; Schema: public; Owner: app_user
--

ALTER TABLE ONLY public.wagtailforms_formsubmission
    ADD CONSTRAINT wagtailforms_formsub_page_id_e48e93e7_fk_wagtailco FOREIGN KEY (page_id) REFERENCES public.wagtailcore_page(id) DEFERRABLE INITIALLY DEFERRED;


--
-- Name: wagtailimages_image wagtailimages_image_collection_id_c2f8af7e_fk_wagtailco; Type: FK CONSTRAINT; Schema: public; Owner: app_user
--

ALTER TABLE ONLY public.wagtailimages_image
    ADD CONSTRAINT wagtailimages_image_collection_id_c2f8af7e_fk_wagtailco FOREIGN KEY (collection_id) REFERENCES public.wagtailcore_collection(id) DEFERRABLE INITIALLY DEFERRED;


--
-- Name: wagtailimages_image wagtailimages_image_uploaded_by_user_id_5d73dc75_fk_auth_user; Type: FK CONSTRAINT; Schema: public; Owner: app_user
--

ALTER TABLE ONLY public.wagtailimages_image
    ADD CONSTRAINT wagtailimages_image_uploaded_by_user_id_5d73dc75_fk_auth_user FOREIGN KEY (uploaded_by_user_id) REFERENCES public.auth_user(id) DEFERRABLE INITIALLY DEFERRED;


--
-- Name: wagtailimages_rendition wagtailimages_rendit_image_id_3e1fd774_fk_wagtailim; Type: FK CONSTRAINT; Schema: public; Owner: app_user
--

ALTER TABLE ONLY public.wagtailimages_rendition
    ADD CONSTRAINT wagtailimages_rendit_image_id_3e1fd774_fk_wagtailim FOREIGN KEY (image_id) REFERENCES public.wagtailimages_image(id) DEFERRABLE INITIALLY DEFERRED;


--
-- Name: wagtailimages_uploadedimage wagtailimages_upload_uploaded_by_user_id_85921689_fk_auth_user; Type: FK CONSTRAINT; Schema: public; Owner: app_user
--

ALTER TABLE ONLY public.wagtailimages_uploadedimage
    ADD CONSTRAINT wagtailimages_upload_uploaded_by_user_id_85921689_fk_auth_user FOREIGN KEY (uploaded_by_user_id) REFERENCES public.auth_user(id) DEFERRABLE INITIALLY DEFERRED;


--
-- Name: wagtailredirects_redirect wagtailredirects_red_redirect_page_id_b5728a8f_fk_wagtailco; Type: FK CONSTRAINT; Schema: public; Owner: app_user
--

ALTER TABLE ONLY public.wagtailredirects_redirect
    ADD CONSTRAINT wagtailredirects_red_redirect_page_id_b5728a8f_fk_wagtailco FOREIGN KEY (redirect_page_id) REFERENCES public.wagtailcore_page(id) DEFERRABLE INITIALLY DEFERRED;


--
-- Name: wagtailredirects_redirect wagtailredirects_red_site_id_780a0e1e_fk_wagtailco; Type: FK CONSTRAINT; Schema: public; Owner: app_user
--

ALTER TABLE ONLY public.wagtailredirects_redirect
    ADD CONSTRAINT wagtailredirects_red_site_id_780a0e1e_fk_wagtailco FOREIGN KEY (site_id) REFERENCES public.wagtailcore_site(id) DEFERRABLE INITIALLY DEFERRED;


--
-- Name: wagtailsearch_indexentry wagtailsearch_indexe_content_type_id_62ed694f_fk_django_co; Type: FK CONSTRAINT; Schema: public; Owner: app_user
--

ALTER TABLE ONLY public.wagtailsearch_indexentry
    ADD CONSTRAINT wagtailsearch_indexe_content_type_id_62ed694f_fk_django_co FOREIGN KEY (content_type_id) REFERENCES public.django_content_type(id) DEFERRABLE INITIALLY DEFERRED;


--
-- Name: wagtailsearch_querydailyhits wagtailsearch_queryd_query_id_2185994b_fk_wagtailse; Type: FK CONSTRAINT; Schema: public; Owner: app_user
--

ALTER TABLE ONLY public.wagtailsearch_querydailyhits
    ADD CONSTRAINT wagtailsearch_queryd_query_id_2185994b_fk_wagtailse FOREIGN KEY (query_id) REFERENCES public.wagtailsearch_query(id) DEFERRABLE INITIALLY DEFERRED;


--
-- Name: wagtailsearchpromotions_searchpromotion wagtailsearchpromoti_page_id_71920f17_fk_wagtailco; Type: FK CONSTRAINT; Schema: public; Owner: app_user
--

ALTER TABLE ONLY public.wagtailsearchpromotions_searchpromotion
    ADD CONSTRAINT wagtailsearchpromoti_page_id_71920f17_fk_wagtailco FOREIGN KEY (page_id) REFERENCES public.wagtailcore_page(id) DEFERRABLE INITIALLY DEFERRED;


--
-- Name: wagtailsearchpromotions_searchpromotion wagtailsearchpromoti_query_id_fbce4eaa_fk_wagtailse; Type: FK CONSTRAINT; Schema: public; Owner: app_user
--

ALTER TABLE ONLY public.wagtailsearchpromotions_searchpromotion
    ADD CONSTRAINT wagtailsearchpromoti_query_id_fbce4eaa_fk_wagtailse FOREIGN KEY (query_id) REFERENCES public.wagtailsearch_query(id) DEFERRABLE INITIALLY DEFERRED;


--
-- Name: wagtailusers_userprofile wagtailusers_userprofile_user_id_59c92331_fk_auth_user_id; Type: FK CONSTRAINT; Schema: public; Owner: app_user
--

ALTER TABLE ONLY public.wagtailusers_userprofile
    ADD CONSTRAINT wagtailusers_userprofile_user_id_59c92331_fk_auth_user_id FOREIGN KEY (user_id) REFERENCES public.auth_user(id) DEFERRABLE INITIALLY DEFERRED;


--
-- PostgreSQL database dump complete
--

